trip_id,date,entry_station,exit_station,passenger_type,duration_min,peak_hour,fare
1,2025-01-01,S20,S39,R,95,False,950.0
2,2025-01-01,S41,S32,S,45,True,216.0
3,2025-01-01,S28,S40,SC,60,False,300.0
4,2025-01-01,S7,S46,R,195,False,1950.0
5,2025-01-01,S3,S12,S,45,False,180.0
6,2025-01-01,S1,S13,S,60,True,288.0
7,2025-01-01,S42,S16,SC,130,True,780.0
8,2025-01-01,S20,S34,R,70,False,700.0
9,2025-01-01,S2,S44,SC,210,False,1050.0
10,2025-01-01,S20,S26,SC,30,True,180.0
11,2025-01-01,S45,S36,R,45,True,540.0
12,2025-01-01,S14,S23,SC,45,False,225.0
13,2025-01-01,S31,S15,R,80,False,800.0
14,2025-01-01,S7,S33,SC,130,True,780.0
15,2025-01-01,S33,S15,SC,90,False,450.0
16,2025-01-01,S17,S7,SC,50,True,300.0
17,2025-01-01,S22,S28,SC,30,False,150.0
18,2025-01-01,S44,S11,SC,165,False,825.0
19,2025-01-01,S22,S38,SC,80,True,480.0
20,2025-01-01,S23,S44,R,105,False,1050.0
21,2025-01-01,S33,S37,S,20,False,80.0
22,2025-01-01,S27,S38,S,55,False,220.0
23,2025-01-01,S40,S18,SC,110,True,660.0
24,2025-01-01,S36,S24,SC,60,False,300.0
25,2025-01-01,S43,S39,R,20,False,200.0
26,2025-01-01,S33,S22,S,55,True,264.0
27,2025-01-01,S28,S32,SC,20,True,120.0
28,2025-01-01,S1,S28,R,135,False,1350.0
29,2025-01-01,S33,S25,SC,40,False,200.0
30,2025-01-01,S26,S15,S,55,False,220.0
31,2025-01-01,S7,S22,S,75,False,300.0
32,2025-01-01,S8,S5,R,15,True,180.0
33,2025-01-01,S10,S49,SC,195,False,975.0
34,2025-01-01,S7,S32,SC,125,True,750.0
35,2025-01-01,S16,S33,R,85,False,850.0
36,2025-01-01,S3,S35,SC,160,True,960.0
37,2025-01-01,S3,S41,S,190,False,760.0
38,2025-01-01,S15,S17,SC,10,True,60.0
39,2025-01-01,S24,S7,SC,85,False,425.0
40,2025-01-01,S46,S24,SC,110,False,550.0
41,2025-01-01,S25,S22,SC,15,False,75.0
42,2025-01-01,S36,S32,R,20,True,240.0
43,2025-01-01,S4,S50,SC,230,False,1150.0
44,2025-01-01,S10,S22,S,60,True,288.0
45,2025-01-01,S18,S50,SC,160,False,800.0
46,2025-01-01,S5,S44,R,195,True,2340.0
47,2025-01-01,S30,S36,SC,30,True,180.0
48,2025-01-01,S17,S8,R,45,True,540.0
49,2025-01-01,S34,S9,S,125,True,600.0
50,2025-01-01,S37,S11,S,130,False,520.0
51,2025-01-02,S26,S43,S,85,True,408.0
52,2025-01-02,S1,S10,SC,45,False,225.0
53,2025-01-02,S30,S33,R,15,False,150.0
54,2025-01-02,S5,S3,R,10,False,100.0
55,2025-01-02,S2,S42,SC,200,True,1200.0
56,2025-01-02,S14,S19,R,25,True,300.0
57,2025-01-02,S4,S36,S,160,True,768.0
58,2025-01-02,S13,S38,SC,125,False,625.0
59,2025-01-02,S1,S37,R,180,True,2160.0
60,2025-01-02,S21,S22,R,5,True,60.0
61,2025-01-02,S30,S22,R,40,True,480.0
62,2025-01-02,S46,S4,SC,210,False,1050.0
63,2025-01-02,S10,S14,R,20,False,200.0
64,2025-01-02,S36,S7,SC,145,False,725.0
65,2025-01-02,S42,S48,S,30,True,144.0
66,2025-01-02,S49,S25,R,120,True,1440.0
67,2025-01-02,S43,S34,SC,45,False,225.0
68,2025-01-02,S18,S49,S,155,False,620.0
69,2025-01-02,S49,S27,R,110,True,1320.0
70,2025-01-02,S17,S16,R,5,False,50.0
71,2025-01-02,S32,S4,S,140,True,672.0
72,2025-01-02,S48,S25,R,115,False,1150.0
73,2025-01-02,S8,S48,SC,200,False,1000.0
74,2025-01-02,S24,S29,S,25,False,100.0
75,2025-01-02,S46,S6,R,200,True,2400.0
76,2025-01-02,S4,S5,S,5,True,24.0
77,2025-01-02,S17,S20,R,15,True,180.0
78,2025-01-02,S29,S7,SC,110,True,660.0
79,2025-01-02,S4,S14,S,50,False,200.0
80,2025-01-02,S1,S29,S,140,False,560.0
81,2025-01-02,S35,S11,R,120,False,1200.0
82,2025-01-02,S17,S1,R,80,False,800.0
83,2025-01-02,S18,S2,R,80,False,800.0
84,2025-01-02,S18,S48,R,150,True,1800.0
85,2025-01-02,S30,S6,SC,120,True,720.0
86,2025-01-02,S12,S33,S,105,True,504.0
87,2025-01-02,S23,S18,R,25,True,300.0
88,2025-01-02,S21,S38,S,85,False,340.0
89,2025-01-02,S30,S48,S,90,True,432.0
90,2025-01-02,S31,S14,S,85,True,408.0
91,2025-01-02,S21,S47,S,130,True,624.0
92,2025-01-02,S41,S40,R,5,True,60.0
93,2025-01-02,S31,S16,S,75,True,360.0
94,2025-01-02,S11,S4,R,35,False,350.0
95,2025-01-02,S41,S32,S,45,True,216.0
96,2025-01-02,S44,S34,R,50,False,500.0
97,2025-01-02,S36,S44,S,40,False,160.0
98,2025-01-02,S29,S33,S,20,False,80.0
99,2025-01-02,S34,S13,SC,105,True,630.0
100,2025-01-02,S32,S14,SC,90,False,450.0
101,2025-01-03,S44,S29,SC,75,False,375.0
102,2025-01-03,S2,S12,SC,50,False,250.0
103,2025-01-03,S2,S42,SC,200,True,1200.0
104,2025-01-03,S27,S44,R,85,False,850.0
105,2025-01-03,S2,S24,S,110,True,528.0
106,2025-01-03,S6,S10,S,20,False,80.0
107,2025-01-03,S10,S49,SC,195,True,1170.0
108,2025-01-03,S41,S37,S,20,True,96.0
109,2025-01-03,S23,S47,R,120,True,1440.0
110,2025-01-03,S34,S4,SC,150,True,900.0
111,2025-01-03,S22,S43,S,105,True,504.0
112,2025-01-03,S27,S14,S,65,False,260.0
113,2025-01-03,S41,S8,S,165,True,792.0
114,2025-01-03,S28,S15,R,65,True,780.0
115,2025-01-03,S4,S28,SC,120,True,720.0
116,2025-01-03,S23,S50,S,135,False,540.0
117,2025-01-03,S42,S37,R,25,True,300.0
118,2025-01-03,S13,S31,R,90,False,900.0
119,2025-01-03,S26,S14,SC,60,False,300.0
120,2025-01-03,S2,S17,R,75,True,900.0
121,2025-01-03,S2,S14,SC,60,False,300.0
122,2025-01-03,S2,S25,S,115,False,460.0
123,2025-01-03,S26,S29,R,15,False,150.0
124,2025-01-03,S48,S12,S,180,False,720.0
125,2025-01-03,S49,S20,SC,145,True,870.0
126,2025-01-03,S49,S13,S,180,False,720.0
127,2025-01-03,S8,S6,S,10,True,48.0
128,2025-01-03,S31,S46,SC,75,False,375.0
129,2025-01-03,S13,S43,R,150,True,1800.0
130,2025-01-03,S21,S45,R,120,True,1440.0
131,2025-01-03,S20,S41,SC,105,True,630.0
132,2025-01-03,S45,S9,S,180,False,720.0
133,2025-01-03,S25,S13,SC,60,False,300.0
134,2025-01-03,S41,S32,R,45,False,450.0
135,2025-01-03,S21,S19,R,10,False,100.0
136,2025-01-03,S23,S37,S,70,True,336.0
137,2025-01-03,S42,S41,R,5,True,60.0
138,2025-01-03,S36,S10,S,130,True,624.0
139,2025-01-03,S10,S49,R,195,False,1950.0
140,2025-01-03,S41,S38,S,15,False,60.0
141,2025-01-03,S45,S40,SC,25,False,125.0
142,2025-01-03,S19,S12,SC,35,True,210.0
143,2025-01-03,S12,S43,S,155,True,744.0
144,2025-01-03,S24,S35,S,55,True,264.0
145,2025-01-03,S4,S19,R,75,False,750.0
146,2025-01-03,S48,S34,SC,70,False,350.0
147,2025-01-03,S34,S37,R,15,False,150.0
148,2025-01-03,S30,S34,SC,20,True,120.0
149,2025-01-03,S43,S9,R,170,True,2040.0
150,2025-01-03,S30,S47,SC,85,False,425.0
151,2025-01-04,S50,S18,R,160,False,1600.0
152,2025-01-04,S48,S7,R,205,False,2050.0
153,2025-01-04,S48,S9,R,195,True,2340.0
154,2025-01-04,S5,S50,S,225,True,1080.0
155,2025-01-04,S42,S10,S,160,True,768.0
156,2025-01-04,S12,S44,R,160,False,1600.0
157,2025-01-04,S10,S6,SC,20,False,100.0
158,2025-01-04,S29,S5,R,120,True,1440.0
159,2025-01-04,S13,S44,S,155,False,620.0
160,2025-01-04,S13,S3,R,50,True,600.0
161,2025-01-04,S47,S17,R,150,False,1500.0
162,2025-01-04,S29,S31,R,10,True,120.0
163,2025-01-04,S40,S34,R,30,False,300.0
164,2025-01-04,S19,S42,SC,115,True,690.0
165,2025-01-04,S48,S13,R,175,False,1750.0
166,2025-01-04,S32,S2,R,150,True,1800.0
167,2025-01-04,S37,S41,S,20,True,96.0
168,2025-01-04,S8,S14,R,30,False,300.0
169,2025-01-04,S49,S46,S,15,False,60.0
170,2025-01-04,S42,S46,R,20,False,200.0
171,2025-01-04,S18,S29,R,55,False,550.0
172,2025-01-04,S26,S50,R,120,True,1440.0
173,2025-01-04,S3,S44,S,205,True,984.0
174,2025-01-04,S33,S23,SC,50,True,300.0
175,2025-01-04,S5,S34,S,145,True,696.0
176,2025-01-04,S9,S7,SC,10,True,60.0
177,2025-01-04,S30,S42,SC,60,False,300.0
178,2025-01-04,S35,S18,SC,85,True,510.0
179,2025-01-04,S26,S49,SC,115,False,575.0
180,2025-01-04,S21,S45,S,120,False,480.0
181,2025-01-04,S1,S25,R,120,False,1200.0
182,2025-01-04,S40,S29,S,55,True,264.0
183,2025-01-04,S49,S35,R,70,True,840.0
184,2025-01-04,S9,S17,R,40,True,480.0
185,2025-01-04,S34,S15,S,95,False,380.0
186,2025-01-04,S9,S5,SC,20,True,120.0
187,2025-01-04,S50,S47,SC,15,False,75.0
188,2025-01-04,S25,S13,SC,60,True,360.0
189,2025-01-04,S17,S6,S,55,False,220.0
190,2025-01-04,S1,S28,R,135,False,1350.0
191,2025-01-04,S10,S28,SC,90,True,540.0
192,2025-01-04,S6,S8,S,10,False,40.0
193,2025-01-04,S46,S2,R,220,False,2200.0
194,2025-01-04,S3,S18,SC,75,False,375.0
195,2025-01-04,S38,S46,SC,40,False,200.0
196,2025-01-04,S29,S37,R,40,False,400.0
197,2025-01-04,S8,S40,SC,160,False,800.0
198,2025-01-04,S47,S41,SC,30,True,180.0
199,2025-01-04,S32,S31,S,5,False,20.0
200,2025-01-04,S31,S3,SC,140,True,840.0
201,2025-01-05,S17,S33,R,80,True,960.0
202,2025-01-05,S16,S27,SC,55,True,330.0
203,2025-01-05,S47,S33,S,70,True,336.0
204,2025-01-05,S1,S40,R,195,False,1950.0
205,2025-01-05,S50,S46,S,20,False,80.0
206,2025-01-05,S43,S38,R,25,True,300.0
207,2025-01-05,S24,S2,R,110,True,1320.0
208,2025-01-05,S16,S43,S,135,False,540.0
209,2025-01-05,S27,S32,R,25,True,300.0
210,2025-01-05,S44,S49,R,25,False,250.0
211,2025-01-05,S26,S14,R,60,False,600.0
212,2025-01-05,S18,S15,R,15,False,150.0
213,2025-01-05,S9,S7,S,10,False,40.0
214,2025-01-05,S28,S29,R,5,False,50.0
215,2025-01-05,S9,S2,R,35,False,350.0
216,2025-01-05,S18,S16,R,10,False,100.0
217,2025-01-05,S19,S2,S,85,False,340.0
218,2025-01-05,S22,S45,S,115,False,460.0
219,2025-01-05,S22,S36,R,70,False,700.0
220,2025-01-05,S44,S50,R,30,False,300.0
221,2025-01-05,S7,S6,SC,5,False,25.0
222,2025-01-05,S16,S27,SC,55,False,275.0
223,2025-01-05,S46,S5,S,205,True,984.0
224,2025-01-05,S34,S29,SC,25,True,150.0
225,2025-01-05,S41,S6,R,175,False,1750.0
226,2025-01-05,S19,S25,S,30,True,144.0
227,2025-01-05,S20,S9,SC,55,False,275.0
228,2025-01-05,S30,S13,SC,85,True,510.0
229,2025-01-05,S34,S41,S,35,True,168.0
230,2025-01-05,S21,S45,S,120,False,480.0
231,2025-01-05,S37,S10,SC,135,False,675.0
232,2025-01-05,S23,S42,R,95,False,950.0
233,2025-01-05,S38,S22,R,80,False,800.0
234,2025-01-05,S45,S2,SC,215,False,1075.0
235,2025-01-05,S39,S16,R,115,True,1380.0
236,2025-01-05,S43,S23,R,100,False,1000.0
237,2025-01-05,S36,S4,SC,160,False,800.0
238,2025-01-05,S35,S42,S,35,True,168.0
239,2025-01-05,S17,S25,S,40,True,192.0
240,2025-01-05,S46,S14,R,160,False,1600.0
241,2025-01-05,S19,S47,R,140,True,1680.0
242,2025-01-05,S44,S25,R,95,False,950.0
243,2025-01-05,S42,S6,S,180,False,720.0
244,2025-01-05,S34,S18,S,80,False,320.0
245,2025-01-05,S16,S29,R,65,True,780.0
246,2025-01-05,S22,S34,SC,60,True,360.0
247,2025-01-05,S34,S19,SC,75,True,450.0
248,2025-01-05,S39,S18,SC,105,True,630.0
249,2025-01-05,S19,S32,S,65,True,312.0
250,2025-01-05,S18,S20,R,10,False,100.0
251,2025-01-06,S6,S23,SC,85,False,425.0
252,2025-01-06,S13,S14,SC,5,True,30.0
253,2025-01-06,S44,S30,SC,70,True,420.0
254,2025-01-06,S17,S11,S,30,False,120.0
255,2025-01-06,S45,S15,R,150,True,1800.0
256,2025-01-06,S8,S33,S,125,True,600.0
257,2025-01-06,S40,S38,R,10,True,120.0
258,2025-01-06,S17,S15,R,10,False,100.0
259,2025-01-06,S5,S7,SC,10,True,60.0
260,2025-01-06,S15,S25,R,50,True,600.0
261,2025-01-06,S15,S35,S,100,False,400.0
262,2025-01-06,S50,S14,S,180,True,864.0
263,2025-01-06,S2,S23,S,105,True,504.0
264,2025-01-06,S36,S30,S,30,True,144.0
265,2025-01-06,S14,S2,S,60,True,288.0
266,2025-01-06,S26,S24,S,10,True,48.0
267,2025-01-06,S38,S2,S,180,True,864.0
268,2025-01-06,S13,S30,SC,85,False,425.0
269,2025-01-06,S18,S25,SC,35,True,210.0
270,2025-01-06,S2,S7,SC,25,True,150.0
271,2025-01-06,S2,S23,SC,105,False,525.0
272,2025-01-06,S39,S44,R,25,True,300.0
273,2025-01-06,S19,S43,R,120,True,1440.0
274,2025-01-06,S2,S22,SC,100,False,500.0
275,2025-01-06,S4,S42,S,190,False,760.0
276,2025-01-06,S29,S3,S,130,True,624.0
277,2025-01-06,S29,S9,S,100,False,400.0
278,2025-01-06,S7,S47,R,200,False,2000.0
279,2025-01-06,S42,S29,R,65,True,780.0
280,2025-01-06,S15,S2,R,65,True,780.0
281,2025-01-06,S37,S21,SC,80,False,400.0
282,2025-01-06,S2,S13,SC,55,False,275.0
283,2025-01-06,S16,S17,R,5,False,50.0
284,2025-01-06,S39,S25,S,70,False,280.0
285,2025-01-06,S39,S15,SC,120,True,720.0
286,2025-01-06,S19,S47,SC,140,False,700.0
287,2025-01-06,S8,S4,SC,20,False,100.0
288,2025-01-06,S25,S38,S,65,True,312.0
289,2025-01-06,S11,S30,S,95,False,380.0
290,2025-01-06,S25,S27,SC,10,False,50.0
291,2025-01-06,S30,S7,R,115,False,1150.0
292,2025-01-06,S47,S17,R,150,False,1500.0
293,2025-01-06,S26,S1,SC,125,True,750.0
294,2025-01-06,S8,S1,SC,35,False,175.0
295,2025-01-06,S2,S22,R,100,False,1000.0
296,2025-01-06,S13,S14,S,5,False,20.0
297,2025-01-06,S36,S15,S,105,True,504.0
298,2025-01-06,S40,S50,SC,50,False,250.0
299,2025-01-06,S12,S21,S,45,True,216.0
300,2025-01-06,S18,S48,SC,150,False,750.0
301,2025-01-07,S39,S11,R,140,False,1400.0
302,2025-01-07,S29,S16,S,65,False,260.0
303,2025-01-07,S18,S1,R,85,True,1020.0
304,2025-01-07,S10,S43,SC,165,True,990.0
305,2025-01-07,S41,S40,SC,5,False,25.0
306,2025-01-07,S32,S34,R,10,True,120.0
307,2025-01-07,S40,S19,R,105,False,1050.0
308,2025-01-07,S1,S40,R,195,False,1950.0
309,2025-01-07,S40,S11,SC,145,False,725.0
310,2025-01-07,S43,S24,SC,95,False,475.0
311,2025-01-07,S17,S9,SC,40,False,200.0
312,2025-01-07,S44,S46,S,10,True,48.0
313,2025-01-07,S41,S16,S,125,True,600.0
314,2025-01-07,S9,S25,S,80,True,384.0
315,2025-01-07,S31,S29,R,10,True,120.0
316,2025-01-07,S5,S4,SC,5,False,25.0
317,2025-01-07,S1,S9,S,40,True,192.0
318,2025-01-07,S48,S11,R,185,True,2220.0
319,2025-01-07,S50,S20,SC,150,True,900.0
320,2025-01-07,S2,S6,SC,20,True,120.0
321,2025-01-07,S27,S7,R,100,False,1000.0
322,2025-01-07,S38,S32,R,30,True,360.0
323,2025-01-07,S18,S11,S,35,True,168.0
324,2025-01-07,S38,S39,S,5,False,20.0
325,2025-01-07,S37,S43,R,30,True,360.0
326,2025-01-07,S31,S49,R,90,False,900.0
327,2025-01-07,S13,S33,SC,100,True,600.0
328,2025-01-07,S44,S7,R,185,True,2220.0
329,2025-01-07,S34,S4,R,150,False,1500.0
330,2025-01-07,S36,S48,S,60,False,240.0
331,2025-01-07,S46,S24,SC,110,True,660.0
332,2025-01-07,S29,S44,SC,75,False,375.0
333,2025-01-07,S39,S4,SC,175,True,1050.0
334,2025-01-07,S50,S32,SC,90,False,450.0
335,2025-01-07,S39,S31,S,40,True,192.0
336,2025-01-07,S14,S40,R,130,False,1300.0
337,2025-01-07,S8,S9,S,5,True,24.0
338,2025-01-07,S47,S14,SC,165,True,990.0
339,2025-01-07,S9,S12,R,15,False,150.0
340,2025-01-07,S35,S6,R,145,False,1450.0
341,2025-01-07,S45,S19,R,130,True,1560.0
342,2025-01-07,S43,S3,S,200,True,960.0
343,2025-01-07,S47,S49,R,10,False,100.0
344,2025-01-07,S27,S48,SC,105,False,525.0
345,2025-01-07,S1,S6,SC,25,False,125.0
346,2025-01-07,S37,S16,R,105,True,1260.0
347,2025-01-07,S31,S40,SC,45,True,270.0
348,2025-01-07,S46,S36,S,50,True,240.0
349,2025-01-07,S42,S46,S,20,True,96.0
350,2025-01-07,S48,S10,S,190,False,760.0
351,2025-01-08,S30,S22,R,40,True,480.0
352,2025-01-08,S48,S40,R,40,True,480.0
353,2025-01-08,S46,S35,SC,55,True,330.0
354,2025-01-08,S46,S48,S,10,True,48.0
355,2025-01-08,S15,S34,R,95,False,950.0
356,2025-01-08,S3,S12,S,45,True,216.0
357,2025-01-08,S43,S26,R,85,True,1020.0
358,2025-01-08,S13,S38,S,125,False,500.0
359,2025-01-08,S43,S9,SC,170,True,1020.0
360,2025-01-08,S6,S35,S,145,False,580.0
361,2025-01-08,S21,S27,S,30,True,144.0
362,2025-01-08,S48,S4,SC,220,False,1100.0
363,2025-01-08,S13,S43,S,150,False,600.0
364,2025-01-08,S6,S48,SC,210,False,1050.0
365,2025-01-08,S49,S9,S,200,True,960.0
366,2025-01-08,S25,S44,R,95,True,1140.0
367,2025-01-08,S42,S10,S,160,False,640.0
368,2025-01-08,S50,S11,SC,195,True,1170.0
369,2025-01-08,S35,S38,SC,15,True,90.0
370,2025-01-08,S6,S25,R,95,True,1140.0
371,2025-01-08,S17,S36,R,95,False,950.0
372,2025-01-08,S3,S39,S,180,True,864.0
373,2025-01-08,S19,S36,S,85,False,340.0
374,2025-01-08,S16,S30,S,70,False,280.0
375,2025-01-08,S34,S38,R,20,True,240.0
376,2025-01-08,S10,S25,SC,75,False,375.0
377,2025-01-08,S44,S37,S,35,False,140.0
378,2025-01-08,S21,S46,R,125,True,1500.0
379,2025-01-08,S8,S39,S,155,True,744.0
380,2025-01-08,S16,S11,SC,25,True,150.0
381,2025-01-08,S8,S40,S,160,True,768.0
382,2025-01-08,S37,S48,S,55,False,220.0
383,2025-01-08,S5,S20,R,75,True,900.0
384,2025-01-08,S6,S46,SC,200,True,1200.0
385,2025-01-08,S30,S31,R,5,False,50.0
386,2025-01-08,S11,S8,S,15,True,72.0
387,2025-01-08,S37,S2,R,175,False,1750.0
388,2025-01-08,S27,S50,S,115,False,460.0
389,2025-01-08,S18,S47,R,145,True,1740.0
390,2025-01-08,S44,S15,SC,145,False,725.0
391,2025-01-08,S8,S12,R,20,True,240.0
392,2025-01-08,S5,S49,S,220,False,880.0
393,2025-01-08,S38,S48,SC,50,False,250.0
394,2025-01-08,S13,S37,R,120,False,1200.0
395,2025-01-08,S38,S19,R,95,True,1140.0
396,2025-01-08,S48,S32,S,80,True,384.0
397,2025-01-08,S19,S40,R,105,True,1260.0
398,2025-01-08,S23,S42,R,95,True,1140.0
399,2025-01-08,S21,S35,S,70,False,280.0
400,2025-01-08,S3,S50,R,235,True,2820.0
401,2025-01-09,S50,S37,SC,65,True,390.0
402,2025-01-09,S18,S27,S,45,True,216.0
403,2025-01-09,S25,S35,S,50,False,200.0
404,2025-01-09,S5,S34,R,145,False,1450.0
405,2025-01-09,S16,S12,SC,20,False,100.0
406,2025-01-09,S49,S41,SC,40,True,240.0
407,2025-01-09,S50,S15,R,175,False,1750.0
408,2025-01-09,S19,S23,S,20,False,80.0
409,2025-01-09,S2,S36,SC,170,True,1020.0
410,2025-01-09,S19,S11,S,40,True,192.0
411,2025-01-09,S50,S39,S,55,True,264.0
412,2025-01-09,S37,S6,R,155,True,1860.0
413,2025-01-09,S21,S30,S,45,True,216.0
414,2025-01-09,S26,S46,R,100,False,1000.0
415,2025-01-09,S5,S8,S,15,False,60.0
416,2025-01-09,S4,S30,R,130,True,1560.0
417,2025-01-09,S14,S39,SC,125,False,625.0
418,2025-01-09,S43,S15,SC,140,True,840.0
419,2025-01-09,S49,S27,S,110,True,528.0
420,2025-01-09,S16,S48,SC,160,False,800.0
421,2025-01-09,S33,S17,S,80,False,320.0
422,2025-01-09,S28,S19,SC,45,False,225.0
423,2025-01-09,S20,S2,SC,90,True,540.0
424,2025-01-09,S44,S31,R,65,False,650.0
425,2025-01-09,S13,S33,SC,100,False,500.0
426,2025-01-09,S5,S48,SC,215,False,1075.0
427,2025-01-09,S41,S13,R,140,False,1400.0
428,2025-01-09,S46,S28,S,90,True,432.0
429,2025-01-09,S18,S16,R,10,False,100.0
430,2025-01-09,S30,S21,SC,45,True,270.0
431,2025-01-09,S39,S49,SC,50,False,250.0
432,2025-01-09,S4,S12,SC,40,True,240.0
433,2025-01-09,S21,S15,R,30,False,300.0
434,2025-01-09,S43,S3,S,200,True,960.0
435,2025-01-09,S14,S31,S,85,True,408.0
436,2025-01-09,S7,S29,S,110,False,440.0
437,2025-01-09,S7,S40,SC,165,False,825.0
438,2025-01-09,S18,S33,SC,75,False,375.0
439,2025-01-09,S44,S48,S,20,True,96.0
440,2025-01-09,S28,S49,R,105,False,1050.0
441,2025-01-09,S4,S15,R,55,False,550.0
442,2025-01-09,S40,S36,S,20,False,80.0
443,2025-01-09,S29,S35,S,30,False,120.0
444,2025-01-09,S36,S38,R,10,False,100.0
445,2025-01-09,S30,S38,S,40,True,192.0
446,2025-01-09,S10,S23,SC,65,True,390.0
447,2025-01-09,S20,S46,R,130,True,1560.0
448,2025-01-09,S41,S23,R,90,False,900.0
449,2025-01-09,S49,S7,S,210,True,1008.0
450,2025-01-09,S20,S4,SC,80,True,480.0
451,2025-01-10,S8,S29,S,105,True,504.0
452,2025-01-10,S47,S30,SC,85,True,510.0
453,2025-01-10,S47,S21,S,130,True,624.0
454,2025-01-10,S19,S7,S,60,True,288.0
455,2025-01-10,S18,S3,R,75,True,900.0
456,2025-01-10,S44,S15,R,145,True,1740.0
457,2025-01-10,S33,S2,S,155,False,620.0
458,2025-01-10,S2,S6,S,20,False,80.0
459,2025-01-10,S16,S18,SC,10,False,50.0
460,2025-01-10,S40,S26,R,70,True,840.0
461,2025-01-10,S42,S12,R,150,True,1800.0
462,2025-01-10,S49,S37,R,60,False,600.0
463,2025-01-10,S23,S10,SC,65,True,390.0
464,2025-01-10,S19,S23,R,20,False,200.0
465,2025-01-10,S11,S4,S,35,False,140.0
466,2025-01-10,S49,S36,S,65,True,312.0
467,2025-01-10,S49,S22,SC,135,False,675.0
468,2025-01-10,S7,S28,SC,105,False,525.0
469,2025-01-10,S26,S43,R,85,False,850.0
470,2025-01-10,S40,S43,R,15,True,180.0
471,2025-01-10,S27,S7,S,100,False,400.0
472,2025-01-10,S27,S7,R,100,True,1200.0
473,2025-01-10,S50,S41,R,45,False,450.0
474,2025-01-10,S2,S24,R,110,False,1100.0
475,2025-01-10,S45,S47,SC,10,False,50.0
476,2025-01-10,S31,S43,R,60,False,600.0
477,2025-01-10,S20,S8,R,60,True,720.0
478,2025-01-10,S4,S46,R,210,False,2100.0
479,2025-01-10,S9,S18,S,45,False,180.0
480,2025-01-10,S34,S4,R,150,True,1800.0
481,2025-01-10,S8,S31,S,115,True,552.0
482,2025-01-10,S27,S41,R,70,False,700.0
483,2025-01-10,S11,S8,SC,15,False,75.0
484,2025-01-10,S21,S2,SC,95,False,475.0
485,2025-01-10,S35,S34,R,5,True,60.0
486,2025-01-10,S12,S40,R,140,True,1680.0
487,2025-01-10,S3,S34,SC,155,True,930.0
488,2025-01-10,S1,S25,R,120,True,1440.0
489,2025-01-10,S17,S29,SC,60,True,360.0
490,2025-01-10,S24,S14,R,50,True,600.0
491,2025-01-10,S47,S33,S,70,True,336.0
492,2025-01-10,S43,S28,R,75,True,900.0
493,2025-01-10,S7,S16,R,45,False,450.0
494,2025-01-10,S43,S20,R,115,True,1380.0
495,2025-01-10,S50,S21,R,145,True,1740.0
496,2025-01-10,S12,S20,SC,40,True,240.0
497,2025-01-10,S25,S17,S,40,False,160.0
498,2025-01-10,S32,S39,SC,35,False,175.0
499,2025-01-10,S29,S5,R,120,False,1200.0
500,2025-01-10,S9,S15,R,30,True,360.0
501,2025-01-11,S30,S21,S,45,False,180.0
502,2025-01-11,S17,S11,S,30,False,120.0
503,2025-01-11,S8,S38,R,150,False,1500.0
504,2025-01-11,S27,S36,SC,45,True,270.0
505,2025-01-11,S11,S18,SC,35,True,210.0
506,2025-01-11,S42,S4,S,190,True,912.0
507,2025-01-11,S39,S4,SC,175,False,875.0
508,2025-01-11,S22,S14,R,40,False,400.0
509,2025-01-11,S7,S35,S,140,True,672.0
510,2025-01-11,S44,S15,R,145,True,1740.0
511,2025-01-11,S9,S23,S,70,False,280.0
512,2025-01-11,S37,S26,R,55,True,660.0
513,2025-01-11,S7,S35,S,140,False,560.0
514,2025-01-11,S11,S38,SC,135,False,675.0
515,2025-01-11,S45,S23,S,110,True,528.0
516,2025-01-11,S28,S15,R,65,True,780.0
517,2025-01-11,S8,S22,SC,70,True,420.0
518,2025-01-11,S43,S50,S,35,False,140.0
519,2025-01-11,S8,S24,S,80,False,320.0
520,2025-01-11,S34,S25,S,45,False,180.0
521,2025-01-11,S38,S7,SC,155,False,775.0
522,2025-01-11,S12,S47,SC,175,True,1050.0
523,2025-01-11,S38,S24,SC,70,False,350.0
524,2025-01-11,S38,S10,S,140,False,560.0
525,2025-01-11,S15,S7,R,40,True,480.0
526,2025-01-11,S14,S24,R,50,True,600.0
527,2025-01-11,S16,S31,R,75,True,900.0
528,2025-01-11,S45,S22,SC,115,True,690.0
529,2025-01-11,S26,S7,SC,95,False,475.0
530,2025-01-11,S13,S48,SC,175,True,1050.0
531,2025-01-11,S34,S15,SC,95,True,570.0
532,2025-01-11,S9,S45,R,180,True,2160.0
533,2025-01-11,S12,S16,SC,20,False,100.0
534,2025-01-11,S28,S27,SC,5,False,25.0
535,2025-01-11,S26,S16,S,50,True,240.0
536,2025-01-11,S9,S19,SC,50,True,300.0
537,2025-01-11,S1,S16,SC,75,False,375.0
538,2025-01-11,S32,S42,R,50,False,500.0
539,2025-01-11,S8,S10,S,10,True,48.0
540,2025-01-11,S32,S4,SC,140,False,700.0
541,2025-01-11,S26,S6,SC,100,True,600.0
542,2025-01-11,S30,S3,R,135,False,1350.0
543,2025-01-11,S21,S49,R,140,False,1400.0
544,2025-01-11,S41,S13,SC,140,False,700.0
545,2025-01-11,S38,S37,SC,5,True,30.0
546,2025-01-11,S10,S5,S,25,False,100.0
547,2025-01-11,S24,S36,R,60,False,600.0
548,2025-01-11,S9,S40,R,155,False,1550.0
549,2025-01-11,S35,S44,R,45,False,450.0
550,2025-01-11,S33,S40,SC,35,False,175.0
551,2025-01-12,S14,S27,S,65,False,260.0
552,2025-01-12,S37,S19,R,90,False,900.0
553,2025-01-12,S7,S6,S,5,True,24.0
554,2025-01-12,S38,S14,S,120,False,480.0
555,2025-01-12,S4,S40,S,180,True,864.0
556,2025-01-12,S28,S8,S,100,True,480.0
557,2025-01-12,S1,S41,S,200,True,960.0
558,2025-01-12,S12,S25,SC,65,False,325.0
559,2025-01-12,S18,S50,SC,160,False,800.0
560,2025-01-12,S7,S21,SC,70,False,350.0
561,2025-01-12,S15,S33,R,90,True,1080.0
562,2025-01-12,S28,S36,SC,40,False,200.0
563,2025-01-12,S8,S48,SC,200,True,1200.0
564,2025-01-12,S25,S28,R,15,False,150.0
565,2025-01-12,S22,S41,SC,95,False,475.0
566,2025-01-12,S7,S20,SC,65,True,390.0
567,2025-01-12,S21,S16,S,25,True,120.0
568,2025-01-12,S17,S30,R,65,True,780.0
569,2025-01-12,S2,S36,R,170,False,1700.0
570,2025-01-12,S36,S18,R,90,False,900.0
571,2025-01-12,S48,S15,SC,165,False,825.0
572,2025-01-12,S30,S41,SC,55,False,275.0
573,2025-01-12,S24,S42,SC,90,True,540.0
574,2025-01-12,S28,S30,R,10,False,100.0
575,2025-01-12,S40,S25,S,75,True,360.0
576,2025-01-12,S24,S35,SC,55,True,330.0
577,2025-01-12,S3,S45,R,210,False,2100.0
578,2025-01-12,S33,S10,SC,115,False,575.0
579,2025-01-12,S35,S44,R,45,True,540.0
580,2025-01-12,S17,S38,SC,105,False,525.0
581,2025-01-12,S9,S34,S,125,True,600.0
582,2025-01-12,S47,S46,SC,5,False,25.0
583,2025-01-12,S6,S34,SC,140,False,700.0
584,2025-01-12,S43,S44,R,5,False,50.0
585,2025-01-12,S48,S36,S,60,False,240.0
586,2025-01-12,S46,S22,S,120,False,480.0
587,2025-01-12,S28,S18,S,50,False,200.0
588,2025-01-12,S38,S37,S,5,True,24.0
589,2025-01-12,S12,S47,S,175,False,700.0
590,2025-01-12,S50,S29,R,105,True,1260.0
591,2025-01-12,S15,S13,R,10,False,100.0
592,2025-01-12,S7,S22,S,75,False,300.0
593,2025-01-12,S24,S30,S,30,True,144.0
594,2025-01-12,S2,S33,R,155,True,1860.0
595,2025-01-12,S29,S45,R,80,True,960.0
596,2025-01-12,S30,S2,SC,140,True,840.0
597,2025-01-12,S47,S26,R,105,False,1050.0
598,2025-01-12,S30,S35,S,25,False,100.0
599,2025-01-12,S16,S17,SC,5,False,25.0
600,2025-01-12,S45,S24,R,105,False,1050.0
601,2025-01-13,S29,S40,R,55,True,660.0
602,2025-01-13,S34,S23,SC,55,True,330.0
603,2025-01-13,S2,S42,S,200,False,800.0
604,2025-01-13,S47,S50,S,15,False,60.0
605,2025-01-13,S45,S14,S,155,False,620.0
606,2025-01-13,S13,S26,SC,65,True,390.0
607,2025-01-13,S48,S26,S,110,True,528.0
608,2025-01-13,S22,S46,S,120,True,576.0
609,2025-01-13,S3,S34,S,155,False,620.0
610,2025-01-13,S41,S31,SC,50,True,300.0
611,2025-01-13,S41,S49,R,40,False,400.0
612,2025-01-13,S3,S26,R,115,True,1380.0
613,2025-01-13,S2,S29,R,135,False,1350.0
614,2025-01-13,S40,S43,S,15,True,72.0
615,2025-01-13,S3,S6,S,15,False,60.0
616,2025-01-13,S48,S6,R,210,False,2100.0
617,2025-01-13,S9,S32,R,115,False,1150.0
618,2025-01-13,S33,S13,SC,100,True,600.0
619,2025-01-13,S39,S48,S,45,False,180.0
620,2025-01-13,S39,S6,SC,165,False,825.0
621,2025-01-13,S48,S49,SC,5,True,30.0
622,2025-01-13,S49,S6,S,215,True,1032.0
623,2025-01-13,S30,S46,R,80,True,960.0
624,2025-01-13,S26,S32,SC,30,False,150.0
625,2025-01-13,S6,S31,SC,125,False,625.0
626,2025-01-13,S21,S8,SC,65,False,325.0
627,2025-01-13,S44,S29,R,75,False,750.0
628,2025-01-13,S25,S21,S,20,True,96.0
629,2025-01-13,S32,S26,S,30,True,144.0
630,2025-01-13,S29,S36,S,35,True,168.0
631,2025-01-13,S23,S25,R,10,False,100.0
632,2025-01-13,S7,S41,R,170,False,1700.0
633,2025-01-13,S15,S33,S,90,True,432.0
634,2025-01-13,S24,S5,SC,95,False,475.0
635,2025-01-13,S25,S26,S,5,False,20.0
636,2025-01-13,S43,S38,S,25,True,120.0
637,2025-01-13,S37,S36,S,5,True,24.0
638,2025-01-13,S46,S29,R,85,True,1020.0
639,2025-01-13,S28,S43,R,75,False,750.0
640,2025-01-13,S3,S41,SC,190,True,1140.0
641,2025-01-13,S39,S26,SC,65,False,325.0
642,2025-01-13,S39,S35,SC,20,True,120.0
643,2025-01-13,S42,S22,R,100,True,1200.0
644,2025-01-13,S43,S17,R,130,False,1300.0
645,2025-01-13,S41,S43,R,10,False,100.0
646,2025-01-13,S1,S4,R,15,True,180.0
647,2025-01-13,S24,S47,R,115,False,1150.0
648,2025-01-13,S32,S31,S,5,True,24.0
649,2025-01-13,S5,S42,S,185,False,740.0
650,2025-01-13,S21,S48,S,135,True,648.0
651,2025-01-14,S16,S12,SC,20,False,100.0
652,2025-01-14,S1,S2,SC,5,True,30.0
653,2025-01-14,S28,S14,SC,70,False,350.0
654,2025-01-14,S44,S21,S,115,True,552.0
655,2025-01-14,S22,S41,R,95,False,950.0
656,2025-01-14,S11,S14,SC,15,True,90.0
657,2025-01-14,S40,S3,R,185,False,1850.0
658,2025-01-14,S26,S5,SC,105,True,630.0
659,2025-01-14,S29,S12,S,85,True,408.0
660,2025-01-14,S48,S34,R,70,False,700.0
661,2025-01-14,S36,S14,R,110,True,1320.0
662,2025-01-14,S16,S19,R,15,True,180.0
663,2025-01-14,S18,S27,SC,45,True,270.0
664,2025-01-14,S40,S4,SC,180,True,1080.0
665,2025-01-14,S11,S26,S,75,True,360.0
666,2025-01-14,S48,S5,SC,215,False,1075.0
667,2025-01-14,S2,S29,R,135,True,1620.0
668,2025-01-14,S6,S46,R,200,True,2400.0
669,2025-01-14,S36,S35,SC,5,False,25.0
670,2025-01-14,S44,S35,S,45,False,180.0
671,2025-01-14,S49,S17,R,160,True,1920.0
672,2025-01-14,S15,S27,R,60,False,600.0
673,2025-01-14,S4,S41,S,185,True,888.0
674,2025-01-14,S36,S40,SC,20,True,120.0
675,2025-01-14,S22,S16,S,30,False,120.0
676,2025-01-14,S40,S49,R,45,True,540.0
677,2025-01-14,S21,S39,R,90,False,900.0
678,2025-01-14,S34,S45,SC,55,False,275.0
679,2025-01-14,S13,S27,S,70,True,336.0
680,2025-01-14,S41,S3,SC,190,True,1140.0
681,2025-01-14,S10,S15,S,25,False,100.0
682,2025-01-14,S21,S30,S,45,True,216.0
683,2025-01-14,S38,S43,R,25,True,300.0
684,2025-01-14,S43,S19,S,120,True,576.0
685,2025-01-14,S13,S5,S,40,False,160.0
686,2025-01-14,S46,S42,S,20,False,80.0
687,2025-01-14,S43,S6,S,185,False,740.0
688,2025-01-14,S6,S1,S,25,False,100.0
689,2025-01-14,S3,S36,R,165,True,1980.0
690,2025-01-14,S22,S16,R,30,False,300.0
691,2025-01-14,S27,S48,R,105,True,1260.0
692,2025-01-14,S4,S29,R,125,False,1250.0
693,2025-01-14,S27,S46,S,95,False,380.0
694,2025-01-14,S33,S27,R,30,True,360.0
695,2025-01-14,S34,S48,S,70,False,280.0
696,2025-01-14,S32,S49,R,85,False,850.0
697,2025-01-14,S35,S41,R,30,True,360.0
698,2025-01-14,S27,S44,SC,85,False,425.0
699,2025-01-14,S46,S45,R,5,False,50.0
700,2025-01-14,S50,S8,R,210,False,2100.0
701,2025-01-15,S43,S39,SC,20,True,120.0
702,2025-01-15,S21,S47,S,130,False,520.0
703,2025-01-15,S11,S13,SC,10,False,50.0
704,2025-01-15,S38,S50,R,60,False,600.0
705,2025-01-15,S31,S5,SC,130,True,780.0
706,2025-01-15,S34,S37,S,15,True,72.0
707,2025-01-15,S33,S41,SC,40,True,240.0
708,2025-01-15,S4,S32,SC,140,True,840.0
709,2025-01-15,S42,S17,R,125,True,1500.0
710,2025-01-15,S8,S49,R,205,True,2460.0
711,2025-01-15,S46,S32,S,70,False,280.0
712,2025-01-15,S19,S20,S,5,False,20.0
713,2025-01-15,S17,S36,S,95,True,456.0
714,2025-01-15,S42,S48,S,30,False,120.0
715,2025-01-15,S5,S35,SC,150,True,900.0
716,2025-01-15,S42,S50,R,40,True,480.0
717,2025-01-15,S37,S22,R,75,False,750.0
718,2025-01-15,S32,S45,SC,65,False,325.0
719,2025-01-15,S39,S36,SC,15,False,75.0
720,2025-01-15,S18,S47,S,145,False,580.0
721,2025-01-15,S24,S8,R,80,True,960.0
722,2025-01-15,S7,S28,SC,105,True,630.0
723,2025-01-15,S30,S15,SC,75,True,450.0
724,2025-01-15,S29,S38,SC,45,False,225.0
725,2025-01-15,S30,S2,S,140,False,560.0
726,2025-01-15,S25,S49,SC,120,True,720.0
727,2025-01-15,S19,S48,S,145,True,696.0
728,2025-01-15,S37,S9,S,140,False,560.0
729,2025-01-15,S13,S45,SC,160,True,960.0
730,2025-01-15,S6,S14,R,40,False,400.0
731,2025-01-15,S9,S6,S,15,True,72.0
732,2025-01-15,S29,S13,R,80,False,800.0
733,2025-01-15,S2,S17,SC,75,False,375.0
734,2025-01-15,S20,S2,SC,90,False,450.0
735,2025-01-15,S36,S45,S,45,False,180.0
736,2025-01-15,S2,S22,S,100,True,480.0
737,2025-01-15,S32,S8,S,120,False,480.0
738,2025-01-15,S12,S5,R,35,True,420.0
739,2025-01-15,S31,S30,SC,5,False,25.0
740,2025-01-15,S36,S30,S,30,True,144.0
741,2025-01-15,S38,S20,S,90,True,432.0
742,2025-01-15,S19,S48,S,145,True,696.0
743,2025-01-15,S9,S50,R,205,True,2460.0
744,2025-01-15,S14,S17,SC,15,False,75.0
745,2025-01-15,S29,S40,R,55,True,660.0
746,2025-01-15,S27,S5,R,110,False,1100.0
747,2025-01-15,S10,S21,R,55,False,550.0
748,2025-01-15,S46,S20,SC,130,True,780.0
749,2025-01-15,S38,S1,R,185,True,2220.0
750,2025-01-15,S41,S40,R,5,False,50.0
751,2025-01-16,S26,S41,S,75,True,360.0
752,2025-01-16,S1,S7,SC,30,False,150.0
753,2025-01-16,S11,S44,SC,165,True,990.0
754,2025-01-16,S39,S29,R,50,False,500.0
755,2025-01-16,S46,S47,SC,5,False,25.0
756,2025-01-16,S42,S34,S,40,False,160.0
757,2025-01-16,S26,S23,S,15,True,72.0
758,2025-01-16,S29,S9,R,100,True,1200.0
759,2025-01-16,S50,S3,R,235,True,2820.0
760,2025-01-16,S43,S17,R,130,True,1560.0
761,2025-01-16,S26,S37,SC,55,True,330.0
762,2025-01-16,S35,S10,SC,125,True,750.0
763,2025-01-16,S48,S42,SC,30,True,180.0
764,2025-01-16,S6,S9,R,15,False,150.0
765,2025-01-16,S21,S19,S,10,False,40.0
766,2025-01-16,S16,S3,R,65,False,650.0
767,2025-01-16,S50,S21,SC,145,True,870.0
768,2025-01-16,S30,S42,R,60,True,720.0
769,2025-01-16,S23,S8,R,75,True,900.0
770,2025-01-16,S31,S15,SC,80,True,480.0
771,2025-01-16,S20,S43,SC,115,True,690.0
772,2025-01-16,S9,S45,S,180,True,864.0
773,2025-01-16,S19,S22,R,15,True,180.0
774,2025-01-16,S42,S3,S,195,True,936.0
775,2025-01-16,S1,S46,R,225,False,2250.0
776,2025-01-16,S40,S26,S,70,True,336.0
777,2025-01-16,S25,S9,R,80,True,960.0
778,2025-01-16,S24,S50,SC,130,True,780.0
779,2025-01-16,S33,S50,R,85,True,1020.0
780,2025-01-16,S35,S8,S,135,True,648.0
781,2025-01-16,S36,S45,S,45,False,180.0
782,2025-01-16,S41,S28,SC,65,True,390.0
783,2025-01-16,S8,S17,SC,45,True,270.0
784,2025-01-16,S40,S22,R,90,True,1080.0
785,2025-01-16,S8,S19,SC,55,False,275.0
786,2025-01-16,S41,S8,SC,165,True,990.0
787,2025-01-16,S2,S40,SC,190,False,950.0
788,2025-01-16,S7,S9,SC,10,True,60.0
789,2025-01-16,S16,S34,R,90,True,1080.0
790,2025-01-16,S34,S37,S,15,False,60.0
791,2025-01-16,S40,S10,R,150,True,1800.0
792,2025-01-16,S5,S7,SC,10,False,50.0
793,2025-01-16,S16,S11,S,25,False,100.0
794,2025-01-16,S30,S3,R,135,False,1350.0
795,2025-01-16,S40,S39,R,5,True,60.0
796,2025-01-16,S5,S22,S,85,True,408.0
797,2025-01-16,S10,S35,S,125,False,500.0
798,2025-01-16,S44,S21,S,115,True,552.0
799,2025-01-16,S7,S15,SC,40,True,240.0
800,2025-01-16,S36,S16,S,100,True,480.0
801,2025-01-17,S39,S32,S,35,True,168.0
802,2025-01-17,S42,S10,R,160,False,1600.0
803,2025-01-17,S16,S3,R,65,True,780.0
804,2025-01-17,S49,S18,S,155,False,620.0
805,2025-01-17,S48,S27,R,105,True,1260.0
806,2025-01-17,S16,S9,SC,35,True,210.0
807,2025-01-17,S5,S27,SC,110,False,550.0
808,2025-01-17,S11,S10,R,5,False,50.0
809,2025-01-17,S47,S3,SC,220,True,1320.0
810,2025-01-17,S25,S36,SC,55,False,275.0
811,2025-01-17,S32,S12,S,100,True,480.0
812,2025-01-17,S17,S10,R,35,True,420.0
813,2025-01-17,S2,S30,S,140,False,560.0
814,2025-01-17,S32,S43,R,55,True,660.0
815,2025-01-17,S41,S5,S,180,True,864.0
816,2025-01-17,S16,S8,SC,40,False,200.0
817,2025-01-17,S50,S48,R,10,True,120.0
818,2025-01-17,S29,S33,R,20,True,240.0
819,2025-01-17,S3,S37,S,170,True,816.0
820,2025-01-17,S22,S42,S,100,False,400.0
821,2025-01-17,S42,S38,SC,20,False,100.0
822,2025-01-17,S44,S6,R,190,False,1900.0
823,2025-01-17,S30,S46,S,80,False,320.0
824,2025-01-17,S45,S35,R,50,True,600.0
825,2025-01-17,S2,S33,SC,155,True,930.0
826,2025-01-17,S39,S31,SC,40,True,240.0
827,2025-01-17,S3,S17,SC,70,True,420.0
828,2025-01-17,S44,S20,SC,120,True,720.0
829,2025-01-17,S50,S31,S,95,True,456.0
830,2025-01-17,S12,S14,SC,10,True,60.0
831,2025-01-17,S41,S28,SC,65,True,390.0
832,2025-01-17,S26,S2,R,120,True,1440.0
833,2025-01-17,S32,S23,R,45,False,450.0
834,2025-01-17,S46,S29,S,85,False,340.0
835,2025-01-17,S18,S4,S,70,False,280.0
836,2025-01-17,S25,S41,R,80,False,800.0
837,2025-01-17,S10,S46,S,180,True,864.0
838,2025-01-17,S5,S40,S,175,True,840.0
839,2025-01-17,S17,S4,R,65,True,780.0
840,2025-01-17,S20,S49,SC,145,False,725.0
841,2025-01-17,S48,S49,SC,5,True,30.0
842,2025-01-17,S32,S10,SC,110,False,550.0
843,2025-01-17,S13,S30,R,85,False,850.0
844,2025-01-17,S6,S7,SC,5,False,25.0
845,2025-01-17,S19,S38,SC,95,True,570.0
846,2025-01-17,S31,S45,SC,70,False,350.0
847,2025-01-17,S31,S23,R,40,False,400.0
848,2025-01-17,S5,S42,SC,185,False,925.0
849,2025-01-17,S33,S18,R,75,True,900.0
850,2025-01-17,S44,S5,S,195,False,780.0
851,2025-01-18,S4,S31,SC,135,False,675.0
852,2025-01-18,S6,S35,S,145,False,580.0
853,2025-01-18,S36,S24,SC,60,True,360.0
854,2025-01-18,S50,S22,SC,140,True,840.0
855,2025-01-18,S21,S26,S,25,False,100.0
856,2025-01-18,S11,S8,R,15,True,180.0
857,2025-01-18,S1,S18,R,85,False,850.0
858,2025-01-18,S44,S33,SC,55,False,275.0
859,2025-01-18,S9,S3,SC,30,True,180.0
860,2025-01-18,S4,S43,S,195,True,936.0
861,2025-01-18,S6,S4,R,10,True,120.0
862,2025-01-18,S13,S8,R,25,True,300.0
863,2025-01-18,S47,S9,SC,190,True,1140.0
864,2025-01-18,S21,S11,SC,50,False,250.0
865,2025-01-18,S37,S36,S,5,False,20.0
866,2025-01-18,S45,S39,SC,30,False,150.0
867,2025-01-18,S2,S35,S,165,True,792.0
868,2025-01-18,S32,S38,SC,30,False,150.0
869,2025-01-18,S5,S16,R,55,False,550.0
870,2025-01-18,S9,S49,SC,200,False,1000.0
871,2025-01-18,S30,S13,SC,85,False,425.0
872,2025-01-18,S28,S39,S,55,True,264.0
873,2025-01-18,S1,S11,S,50,False,200.0
874,2025-01-18,S15,S38,S,115,False,460.0
875,2025-01-18,S38,S11,S,135,True,648.0
876,2025-01-18,S28,S5,R,115,True,1380.0
877,2025-01-18,S13,S26,S,65,False,260.0
878,2025-01-18,S13,S48,SC,175,True,1050.0
879,2025-01-18,S41,S2,S,195,True,936.0
880,2025-01-18,S2,S12,SC,50,False,250.0
881,2025-01-18,S8,S29,R,105,True,1260.0
882,2025-01-18,S31,S4,R,135,False,1350.0
883,2025-01-18,S31,S43,R,60,True,720.0
884,2025-01-18,S11,S3,S,40,True,192.0
885,2025-01-18,S10,S21,SC,55,False,275.0
886,2025-01-18,S29,S11,SC,90,True,540.0
887,2025-01-18,S18,S39,S,105,False,420.0
888,2025-01-18,S20,S8,SC,60,False,300.0
889,2025-01-18,S22,S45,SC,115,True,690.0
890,2025-01-18,S21,S16,R,25,False,250.0
891,2025-01-18,S27,S46,R,95,True,1140.0
892,2025-01-18,S11,S29,SC,90,True,540.0
893,2025-01-18,S10,S15,R,25,True,300.0
894,2025-01-18,S26,S27,S,5,False,20.0
895,2025-01-18,S39,S19,SC,100,True,600.0
896,2025-01-18,S48,S13,S,175,False,700.0
897,2025-01-18,S50,S42,R,40,True,480.0
898,2025-01-18,S41,S12,S,145,True,696.0
899,2025-01-18,S18,S47,R,145,True,1740.0
900,2025-01-18,S43,S17,SC,130,True,780.0
901,2025-01-19,S35,S12,R,115,False,1150.0
902,2025-01-19,S25,S10,S,75,True,360.0
903,2025-01-19,S49,S48,R,5,True,60.0
904,2025-01-19,S29,S27,SC,10,True,60.0
905,2025-01-19,S29,S15,R,70,True,840.0
906,2025-01-19,S44,S25,S,95,True,456.0
907,2025-01-19,S20,S23,S,15,True,72.0
908,2025-01-19,S6,S46,R,200,True,2400.0
909,2025-01-19,S34,S23,R,55,True,660.0
910,2025-01-19,S1,S24,R,115,True,1380.0
911,2025-01-19,S19,S23,R,20,True,240.0
912,2025-01-19,S50,S41,S,45,True,216.0
913,2025-01-19,S16,S7,S,45,False,180.0
914,2025-01-19,S43,S20,R,115,True,1380.0
915,2025-01-19,S14,S2,SC,60,True,360.0
916,2025-01-19,S46,S15,S,155,True,744.0
917,2025-01-19,S31,S49,SC,90,False,450.0
918,2025-01-19,S2,S16,S,70,False,280.0
919,2025-01-19,S37,S21,S,80,False,320.0
920,2025-01-19,S48,S4,S,220,False,880.0
921,2025-01-19,S33,S8,SC,125,True,750.0
922,2025-01-19,S24,S42,R,90,True,1080.0
923,2025-01-19,S23,S21,SC,10,False,50.0
924,2025-01-19,S2,S20,R,90,True,1080.0
925,2025-01-19,S28,S48,SC,100,True,600.0
926,2025-01-19,S42,S15,SC,135,False,675.0
927,2025-01-19,S44,S6,SC,190,True,1140.0
928,2025-01-19,S22,S7,S,75,True,360.0
929,2025-01-19,S30,S33,S,15,True,72.0
930,2025-01-19,S30,S15,S,75,False,300.0
931,2025-01-19,S22,S20,SC,10,True,60.0
932,2025-01-19,S31,S9,R,110,False,1100.0
933,2025-01-19,S40,S22,R,90,True,1080.0
934,2025-01-19,S8,S17,SC,45,True,270.0
935,2025-01-19,S39,S10,S,145,True,696.0
936,2025-01-19,S14,S17,SC,15,True,90.0
937,2025-01-19,S14,S43,R,145,True,1740.0
938,2025-01-19,S14,S25,SC,55,True,330.0
939,2025-01-19,S23,S44,S,105,True,504.0
940,2025-01-19,S19,S50,S,155,True,744.0
941,2025-01-19,S22,S13,S,45,False,180.0
942,2025-01-19,S27,S37,SC,50,True,300.0
943,2025-01-19,S47,S32,S,75,True,360.0
944,2025-01-19,S47,S41,S,30,False,120.0
945,2025-01-19,S18,S48,SC,150,True,900.0
946,2025-01-19,S17,S8,SC,45,False,225.0
947,2025-01-19,S35,S1,S,170,False,680.0
948,2025-01-19,S8,S46,SC,190,True,1140.0
949,2025-01-19,S27,S30,S,15,True,72.0
950,2025-01-19,S48,S7,S,205,False,820.0
951,2025-01-20,S38,S12,SC,130,True,780.0
952,2025-01-20,S14,S43,R,145,True,1740.0
953,2025-01-20,S15,S41,S,130,False,520.0
954,2025-01-20,S37,S21,R,80,True,960.0
955,2025-01-20,S43,S3,SC,200,True,1200.0
956,2025-01-20,S28,S42,R,70,True,840.0
957,2025-01-20,S38,S34,SC,20,True,120.0
958,2025-01-20,S33,S27,SC,30,False,150.0
959,2025-01-20,S24,S3,SC,105,False,525.0
960,2025-01-20,S15,S25,SC,50,False,250.0
961,2025-01-20,S6,S18,R,60,True,720.0
962,2025-01-20,S37,S49,R,60,True,720.0
963,2025-01-20,S39,S41,R,10,True,120.0
964,2025-01-20,S38,S42,S,20,False,80.0
965,2025-01-20,S29,S7,SC,110,False,550.0
966,2025-01-20,S50,S11,R,195,True,2340.0
967,2025-01-20,S23,S1,R,110,True,1320.0
968,2025-01-20,S24,S7,S,85,False,340.0
969,2025-01-20,S4,S7,SC,15,True,90.0
970,2025-01-20,S1,S18,S,85,False,340.0
971,2025-01-20,S17,S6,SC,55,False,275.0
972,2025-01-20,S14,S5,R,45,True,540.0
973,2025-01-20,S25,S11,S,70,False,280.0
974,2025-01-20,S41,S49,SC,40,False,200.0
975,2025-01-20,S39,S50,SC,55,False,275.0
976,2025-01-20,S46,S26,S,100,True,480.0
977,2025-01-20,S1,S31,SC,150,True,900.0
978,2025-01-20,S50,S26,R,120,False,1200.0
979,2025-01-20,S11,S38,S,135,True,648.0
980,2025-01-20,S7,S31,SC,120,False,600.0
981,2025-01-20,S28,S4,R,120,False,1200.0
982,2025-01-20,S19,S44,R,125,False,1250.0
983,2025-01-20,S32,S43,SC,55,False,275.0
984,2025-01-20,S39,S27,SC,60,False,300.0
985,2025-01-20,S21,S9,SC,60,True,360.0
986,2025-01-20,S20,S3,R,85,True,1020.0
987,2025-01-20,S29,S35,R,30,True,360.0
988,2025-01-20,S38,S20,SC,90,False,450.0
989,2025-01-20,S33,S4,SC,145,False,725.0
990,2025-01-20,S44,S47,R,15,True,180.0
991,2025-01-20,S37,S45,S,40,False,160.0
992,2025-01-20,S38,S25,S,65,False,260.0
993,2025-01-20,S43,S25,S,90,False,360.0
994,2025-01-20,S49,S27,SC,110,True,660.0
995,2025-01-20,S40,S23,SC,85,False,425.0
996,2025-01-20,S46,S40,S,30,True,144.0
997,2025-01-20,S11,S7,SC,20,False,100.0
998,2025-01-20,S6,S10,SC,20,False,100.0
999,2025-01-20,S18,S25,R,35,False,350.0
1000,2025-01-20,S48,S5,S,215,True,1032.0
1001,2025-01-21,S45,S12,R,165,False,1650.0
1002,2025-01-21,S21,S28,R,35,False,350.0
1003,2025-01-21,S27,S10,R,85,True,1020.0
1004,2025-01-21,S8,S27,S,95,True,456.0
1005,2025-01-21,S17,S10,R,35,True,420.0
1006,2025-01-21,S12,S30,S,90,False,360.0
1007,2025-01-21,S49,S32,R,85,True,1020.0
1008,2025-01-21,S12,S2,S,50,True,240.0
1009,2025-01-21,S13,S37,S,120,True,576.0
1010,2025-01-21,S14,S20,SC,30,True,180.0
1011,2025-01-21,S46,S41,SC,25,True,150.0
1012,2025-01-21,S28,S42,R,70,False,700.0
1013,2025-01-21,S21,S50,R,145,True,1740.0
1014,2025-01-21,S18,S15,SC,15,True,90.0
1015,2025-01-21,S1,S49,S,240,True,1152.0
1016,2025-01-21,S28,S32,SC,20,True,120.0
1017,2025-01-21,S38,S34,SC,20,False,100.0
1018,2025-01-21,S13,S22,R,45,False,450.0
1019,2025-01-21,S13,S2,SC,55,False,275.0
1020,2025-01-21,S28,S50,S,110,False,440.0
1021,2025-01-21,S41,S29,SC,60,False,300.0
1022,2025-01-21,S7,S33,S,130,False,520.0
1023,2025-01-21,S15,S50,R,175,False,1750.0
1024,2025-01-21,S10,S44,S,170,False,680.0
1025,2025-01-21,S26,S8,SC,90,True,540.0
1026,2025-01-21,S16,S30,S,70,True,336.0
1027,2025-01-21,S15,S49,S,170,True,816.0
1028,2025-01-21,S44,S37,S,35,False,140.0
1029,2025-01-21,S34,S50,SC,80,True,480.0
1030,2025-01-21,S15,S35,R,100,False,1000.0
1031,2025-01-21,S4,S43,SC,195,True,1170.0
1032,2025-01-21,S11,S7,SC,20,False,100.0
1033,2025-01-21,S44,S23,S,105,True,504.0
1034,2025-01-21,S22,S44,R,110,True,1320.0
1035,2025-01-21,S2,S37,S,175,False,700.0
1036,2025-01-21,S41,S46,R,25,True,300.0
1037,2025-01-21,S29,S32,S,15,False,60.0
1038,2025-01-21,S48,S43,SC,25,True,150.0
1039,2025-01-21,S4,S16,R,60,False,600.0
1040,2025-01-21,S30,S39,S,45,True,216.0
1041,2025-01-21,S37,S15,SC,110,True,660.0
1042,2025-01-21,S11,S14,S,15,False,60.0
1043,2025-01-21,S35,S24,SC,55,True,330.0
1044,2025-01-21,S39,S44,SC,25,False,125.0
1045,2025-01-21,S44,S9,R,175,True,2100.0
1046,2025-01-21,S18,S26,SC,40,False,200.0
1047,2025-01-21,S40,S21,R,95,False,950.0
1048,2025-01-21,S48,S9,S,195,False,780.0
1049,2025-01-21,S26,S22,S,20,False,80.0
1050,2025-01-21,S4,S28,SC,120,False,600.0
1051,2025-01-22,S23,S28,S,25,False,100.0
1052,2025-01-22,S30,S4,R,130,False,1300.0
1053,2025-01-22,S32,S13,S,95,False,380.0
1054,2025-01-22,S2,S4,SC,10,False,50.0
1055,2025-01-22,S4,S18,S,70,False,280.0
1056,2025-01-22,S4,S23,SC,95,False,475.0
1057,2025-01-22,S18,S43,R,125,False,1250.0
1058,2025-01-22,S35,S27,R,40,False,400.0
1059,2025-01-22,S26,S21,SC,25,True,150.0
1060,2025-01-22,S33,S17,S,80,True,384.0
1061,2025-01-22,S27,S5,R,110,False,1100.0
1062,2025-01-22,S18,S13,S,25,True,120.0
1063,2025-01-22,S23,S10,S,65,False,260.0
1064,2025-01-22,S4,S15,S,55,True,264.0
1065,2025-01-22,S26,S50,SC,120,True,720.0
1066,2025-01-22,S13,S5,S,40,False,160.0
1067,2025-01-22,S2,S4,S,10,True,48.0
1068,2025-01-22,S9,S40,R,155,False,1550.0
1069,2025-01-22,S7,S29,SC,110,False,550.0
1070,2025-01-22,S5,S18,R,65,True,780.0
1071,2025-01-22,S7,S5,SC,10,True,60.0
1072,2025-01-22,S9,S41,R,160,False,1600.0
1073,2025-01-22,S34,S11,SC,115,False,575.0
1074,2025-01-22,S5,S24,SC,95,True,570.0
1075,2025-01-22,S4,S7,SC,15,True,90.0
1076,2025-01-22,S45,S8,S,185,False,740.0
1077,2025-01-22,S10,S42,SC,160,True,960.0
1078,2025-01-22,S45,S7,SC,190,False,950.0
1079,2025-01-22,S35,S23,SC,60,True,360.0
1080,2025-01-22,S14,S15,R,5,False,50.0
1081,2025-01-22,S40,S8,R,160,False,1600.0
1082,2025-01-22,S29,S27,S,10,True,48.0
1083,2025-01-22,S42,S36,SC,30,True,180.0
1084,2025-01-22,S2,S15,SC,65,False,325.0
1085,2025-01-22,S25,S28,S,15,True,72.0
1086,2025-01-22,S49,S40,SC,45,True,270.0
1087,2025-01-22,S2,S46,R,220,True,2640.0
1088,2025-01-22,S31,S4,R,135,True,1620.0
1089,2025-01-22,S30,S36,R,30,False,300.0
1090,2025-01-22,S11,S38,S,135,True,648.0
1091,2025-01-22,S39,S44,SC,25,True,150.0
1092,2025-01-22,S28,S35,R,35,True,420.0
1093,2025-01-22,S47,S42,S,25,False,100.0
1094,2025-01-22,S34,S36,SC,10,False,50.0
1095,2025-01-22,S19,S5,S,70,False,280.0
1096,2025-01-22,S19,S35,SC,80,False,400.0
1097,2025-01-22,S41,S46,R,25,False,250.0
1098,2025-01-22,S12,S14,R,10,False,100.0
1099,2025-01-22,S6,S26,SC,100,False,500.0
1100,2025-01-22,S48,S20,SC,140,False,700.0
1101,2025-01-23,S28,S30,R,10,False,100.0
1102,2025-01-23,S23,S37,SC,70,False,350.0
1103,2025-01-23,S14,S20,SC,30,False,150.0
1104,2025-01-23,S28,S39,S,55,False,220.0
1105,2025-01-23,S39,S17,R,110,True,1320.0
1106,2025-01-23,S26,S10,S,80,True,384.0
1107,2025-01-23,S4,S30,R,130,True,1560.0
1108,2025-01-23,S3,S20,SC,85,True,510.0
1109,2025-01-23,S23,S4,S,95,False,380.0
1110,2025-01-23,S49,S39,R,50,True,600.0
1111,2025-01-23,S38,S39,S,5,True,24.0
1112,2025-01-23,S8,S17,R,45,True,540.0
1113,2025-01-23,S35,S11,SC,120,True,720.0
1114,2025-01-23,S25,S34,S,45,True,216.0
1115,2025-01-23,S31,S38,SC,35,True,210.0
1116,2025-01-23,S23,S42,S,95,False,380.0
1117,2025-01-23,S17,S1,S,80,True,384.0
1118,2025-01-23,S42,S24,S,90,True,432.0
1119,2025-01-23,S31,S9,SC,110,True,660.0
1120,2025-01-23,S41,S49,S,40,True,192.0
1121,2025-01-23,S37,S20,SC,85,False,425.0
1122,2025-01-23,S4,S43,S,195,False,780.0
1123,2025-01-23,S45,S26,S,95,True,456.0
1124,2025-01-23,S25,S34,R,45,True,540.0
1125,2025-01-23,S49,S14,SC,175,False,875.0
1126,2025-01-23,S32,S40,R,40,True,480.0
1127,2025-01-23,S19,S44,R,125,True,1500.0
1128,2025-01-23,S37,S25,R,60,True,720.0
1129,2025-01-23,S36,S35,SC,5,False,25.0
1130,2025-01-23,S5,S34,R,145,True,1740.0
1131,2025-01-23,S26,S5,S,105,True,504.0
1132,2025-01-23,S31,S14,SC,85,False,425.0
1133,2025-01-23,S44,S37,R,35,False,350.0
1134,2025-01-23,S24,S11,S,65,True,312.0
1135,2025-01-23,S19,S17,SC,10,False,50.0
1136,2025-01-23,S45,S32,S,65,False,260.0
1137,2025-01-23,S9,S32,S,115,False,460.0
1138,2025-01-23,S28,S18,S,50,False,200.0
1139,2025-01-23,S9,S6,S,15,False,60.0
1140,2025-01-23,S40,S18,R,110,False,1100.0
1141,2025-01-23,S16,S6,S,50,False,200.0
1142,2025-01-23,S42,S49,R,35,False,350.0
1143,2025-01-23,S30,S38,SC,40,True,240.0
1144,2025-01-23,S20,S25,SC,25,False,125.0
1145,2025-01-23,S37,S13,S,120,True,576.0
1146,2025-01-23,S27,S38,SC,55,True,330.0
1147,2025-01-23,S41,S12,R,145,True,1740.0
1148,2025-01-23,S20,S3,S,85,True,408.0
1149,2025-01-23,S43,S3,S,200,True,960.0
1150,2025-01-23,S20,S18,R,10,True,120.0
1151,2025-01-24,S48,S8,S,200,True,960.0
1152,2025-01-24,S14,S34,SC,100,False,500.0
1153,2025-01-24,S5,S31,S,130,True,624.0
1154,2025-01-24,S32,S40,R,40,False,400.0
1155,2025-01-24,S26,S29,R,15,False,150.0
1156,2025-01-24,S2,S13,SC,55,False,275.0
1157,2025-01-24,S12,S6,S,30,True,144.0
1158,2025-01-24,S44,S34,SC,50,True,300.0
1159,2025-01-24,S37,S20,S,85,True,408.0
1160,2025-01-24,S8,S24,SC,80,True,480.0
1161,2025-01-24,S30,S9,S,105,False,420.0
1162,2025-01-24,S8,S50,S,210,True,1008.0
1163,2025-01-24,S30,S46,S,80,True,384.0
1164,2025-01-24,S15,S2,S,65,False,260.0
1165,2025-01-24,S16,S19,SC,15,True,90.0
1166,2025-01-24,S38,S31,R,35,False,350.0
1167,2025-01-24,S27,S6,R,105,False,1050.0
1168,2025-01-24,S44,S42,S,10,False,40.0
1169,2025-01-24,S26,S21,S,25,True,120.0
1170,2025-01-24,S11,S17,SC,30,True,180.0
1171,2025-01-24,S13,S39,S,130,True,624.0
1172,2025-01-24,S6,S35,R,145,False,1450.0
1173,2025-01-24,S44,S30,SC,70,False,350.0
1174,2025-01-24,S37,S13,S,120,True,576.0
1175,2025-01-24,S25,S18,R,35,True,420.0
1176,2025-01-24,S13,S28,SC,75,False,375.0
1177,2025-01-24,S7,S39,SC,160,False,800.0
1178,2025-01-24,S16,S36,R,100,True,1200.0
1179,2025-01-24,S38,S35,R,15,True,180.0
1180,2025-01-24,S16,S9,SC,35,False,175.0
1181,2025-01-24,S45,S22,S,115,True,552.0
1182,2025-01-24,S19,S16,S,15,True,72.0
1183,2025-01-24,S22,S33,SC,55,True,330.0
1184,2025-01-24,S1,S6,SC,25,False,125.0
1185,2025-01-24,S20,S30,SC,50,True,300.0
1186,2025-01-24,S12,S33,S,105,True,504.0
1187,2025-01-24,S35,S21,SC,70,True,420.0
1188,2025-01-24,S41,S13,R,140,True,1680.0
1189,2025-01-24,S29,S2,S,135,False,540.0
1190,2025-01-24,S23,S15,S,40,True,192.0
1191,2025-01-24,S18,S46,SC,140,False,700.0
1192,2025-01-24,S26,S11,S,75,True,360.0
1193,2025-01-24,S50,S15,SC,175,True,1050.0
1194,2025-01-24,S40,S15,SC,125,False,625.0
1195,2025-01-24,S42,S47,R,25,False,250.0
1196,2025-01-24,S18,S16,S,10,False,40.0
1197,2025-01-24,S12,S14,S,10,True,48.0
1198,2025-01-24,S9,S35,SC,130,False,650.0
1199,2025-01-24,S17,S20,S,15,True,72.0
1200,2025-01-24,S49,S18,R,155,False,1550.0
1201,2025-01-25,S38,S8,SC,150,True,900.0
1202,2025-01-25,S20,S49,R,145,False,1450.0
1203,2025-01-25,S37,S2,SC,175,False,875.0
1204,2025-01-25,S46,S13,S,165,False,660.0
1205,2025-01-25,S7,S14,S,35,False,140.0
1206,2025-01-25,S13,S12,S,5,True,24.0
1207,2025-01-25,S45,S50,SC,25,True,150.0
1208,2025-01-25,S23,S45,SC,110,True,660.0
1209,2025-01-25,S44,S39,R,25,True,300.0
1210,2025-01-25,S2,S39,R,185,False,1850.0
1211,2025-01-25,S16,S13,R,15,True,180.0
1212,2025-01-25,S3,S21,R,90,False,900.0
1213,2025-01-25,S8,S33,R,125,False,1250.0
1214,2025-01-25,S7,S16,S,45,False,180.0
1215,2025-01-25,S40,S14,S,130,False,520.0
1216,2025-01-25,S18,S8,R,50,True,600.0
1217,2025-01-25,S5,S6,S,5,False,20.0
1218,2025-01-25,S24,S15,R,45,True,540.0
1219,2025-01-25,S49,S4,S,225,False,900.0
1220,2025-01-25,S25,S33,R,40,False,400.0
1221,2025-01-25,S12,S7,SC,25,False,125.0
1222,2025-01-25,S7,S9,SC,10,True,60.0
1223,2025-01-25,S28,S37,S,45,True,216.0
1224,2025-01-25,S7,S19,SC,60,True,360.0
1225,2025-01-25,S21,S1,S,100,True,480.0
1226,2025-01-25,S11,S37,R,130,False,1300.0
1227,2025-01-25,S17,S48,SC,155,True,930.0
1228,2025-01-25,S38,S20,S,90,False,360.0
1229,2025-01-25,S30,S44,S,70,False,280.0
1230,2025-01-25,S35,S20,S,75,False,300.0
1231,2025-01-25,S8,S32,SC,120,True,720.0
1232,2025-01-25,S12,S40,S,140,False,560.0
1233,2025-01-25,S36,S2,SC,170,True,1020.0
1234,2025-01-25,S36,S47,S,55,False,220.0
1235,2025-01-25,S10,S11,S,5,True,24.0
1236,2025-01-25,S22,S19,R,15,False,150.0
1237,2025-01-25,S41,S20,SC,105,True,630.0
1238,2025-01-25,S19,S10,R,45,True,540.0
1239,2025-01-25,S25,S41,S,80,False,320.0
1240,2025-01-25,S49,S50,S,5,True,24.0
1241,2025-01-25,S42,S7,R,175,True,2100.0
1242,2025-01-25,S17,S48,SC,155,True,930.0
1243,2025-01-25,S40,S12,R,140,False,1400.0
1244,2025-01-25,S16,S6,R,50,False,500.0
1245,2025-01-25,S43,S39,R,20,True,240.0
1246,2025-01-25,S50,S23,S,135,False,540.0
1247,2025-01-25,S31,S17,S,70,True,336.0
1248,2025-01-25,S26,S6,R,100,False,1000.0
1249,2025-01-25,S50,S23,S,135,False,540.0
1250,2025-01-25,S6,S32,S,130,False,520.0
1251,2025-01-26,S43,S13,S,150,False,600.0
1252,2025-01-26,S36,S49,R,65,True,780.0
1253,2025-01-26,S8,S32,S,120,True,576.0
1254,2025-01-26,S40,S31,R,45,False,450.0
1255,2025-01-26,S25,S13,R,60,True,720.0
1256,2025-01-26,S24,S34,SC,50,True,300.0
1257,2025-01-26,S1,S21,S,100,False,400.0
1258,2025-01-26,S34,S30,SC,20,True,120.0
1259,2025-01-26,S10,S50,S,200,False,800.0
1260,2025-01-26,S16,S41,SC,125,True,750.0
1261,2025-01-26,S37,S19,SC,90,False,450.0
1262,2025-01-26,S26,S5,SC,105,True,630.0
1263,2025-01-26,S7,S42,R,175,True,2100.0
1264,2025-01-26,S3,S8,SC,25,True,150.0
1265,2025-01-26,S16,S21,SC,25,True,150.0
1266,2025-01-26,S21,S28,SC,35,False,175.0
1267,2025-01-26,S30,S22,SC,40,True,240.0
1268,2025-01-26,S32,S6,R,130,False,1300.0
1269,2025-01-26,S39,S5,SC,170,False,850.0
1270,2025-01-26,S21,S8,SC,65,False,325.0
1271,2025-01-26,S15,S24,R,45,True,540.0
1272,2025-01-26,S28,S26,R,10,False,100.0
1273,2025-01-26,S34,S43,SC,45,False,225.0
1274,2025-01-26,S21,S34,R,65,True,780.0
1275,2025-01-26,S36,S35,SC,5,True,30.0
1276,2025-01-26,S37,S49,R,60,True,720.0
1277,2025-01-26,S43,S46,R,15,True,180.0
1278,2025-01-26,S47,S46,S,5,True,24.0
1279,2025-01-26,S11,S30,S,95,False,380.0
1280,2025-01-26,S28,S26,SC,10,True,60.0
1281,2025-01-26,S1,S28,S,135,True,648.0
1282,2025-01-26,S39,S44,R,25,True,300.0
1283,2025-01-26,S19,S37,R,90,False,900.0
1284,2025-01-26,S16,S2,S,70,True,336.0
1285,2025-01-26,S15,S22,S,35,True,168.0
1286,2025-01-26,S14,S47,SC,165,True,990.0
1287,2025-01-26,S42,S32,S,50,True,240.0
1288,2025-01-26,S37,S23,S,70,True,336.0
1289,2025-01-26,S32,S7,SC,125,False,625.0
1290,2025-01-26,S7,S3,R,20,False,200.0
1291,2025-01-26,S24,S48,S,120,True,576.0
1292,2025-01-26,S17,S18,SC,5,False,25.0
1293,2025-01-26,S37,S4,S,165,True,792.0
1294,2025-01-26,S28,S50,SC,110,False,550.0
1295,2025-01-26,S31,S46,R,75,True,900.0
1296,2025-01-26,S45,S7,SC,190,False,950.0
1297,2025-01-26,S21,S43,SC,110,True,660.0
1298,2025-01-26,S41,S22,SC,95,True,570.0
1299,2025-01-26,S10,S43,S,165,True,792.0
1300,2025-01-26,S1,S22,S,105,True,504.0
1301,2025-01-27,S10,S23,SC,65,False,325.0
1302,2025-01-27,S42,S3,R,195,True,2340.0
1303,2025-01-27,S38,S6,SC,160,False,800.0
1304,2025-01-27,S49,S50,R,5,False,50.0
1305,2025-01-27,S32,S15,R,85,False,850.0
1306,2025-01-27,S45,S9,SC,180,True,1080.0
1307,2025-01-27,S46,S42,SC,20,True,120.0
1308,2025-01-27,S31,S19,R,60,False,600.0
1309,2025-01-27,S44,S45,SC,5,False,25.0
1310,2025-01-27,S31,S24,SC,35,False,175.0
1311,2025-01-27,S11,S44,S,165,True,792.0
1312,2025-01-27,S36,S20,R,80,True,960.0
1313,2025-01-27,S48,S25,S,115,True,552.0
1314,2025-01-27,S4,S1,SC,15,True,90.0
1315,2025-01-27,S14,S10,R,20,True,240.0
1316,2025-01-27,S16,S24,S,40,False,160.0
1317,2025-01-27,S28,S17,R,55,True,660.0
1318,2025-01-27,S23,S1,S,110,False,440.0
1319,2025-01-27,S49,S14,R,175,False,1750.0
1320,2025-01-27,S1,S48,SC,235,True,1410.0
1321,2025-01-27,S4,S32,SC,140,True,840.0
1322,2025-01-27,S28,S6,S,110,True,528.0
1323,2025-01-27,S17,S37,SC,100,True,600.0
1324,2025-01-27,S9,S6,S,15,True,72.0
1325,2025-01-27,S2,S13,SC,55,True,330.0
1326,2025-01-27,S47,S22,S,125,False,500.0
1327,2025-01-27,S8,S6,SC,10,False,50.0
1328,2025-01-27,S50,S22,SC,140,True,840.0
1329,2025-01-27,S2,S24,S,110,True,528.0
1330,2025-01-27,S36,S18,SC,90,True,540.0
1331,2025-01-27,S29,S48,S,95,True,456.0
1332,2025-01-27,S7,S25,S,90,False,360.0
1333,2025-01-27,S26,S5,R,105,False,1050.0
1334,2025-01-27,S28,S45,SC,85,False,425.0
1335,2025-01-27,S49,S14,S,175,True,840.0
1336,2025-01-27,S5,S33,SC,140,False,700.0
1337,2025-01-27,S37,S10,R,135,False,1350.0
1338,2025-01-27,S16,S22,SC,30,True,180.0
1339,2025-01-27,S10,S36,SC,130,False,650.0
1340,2025-01-27,S7,S1,S,30,False,120.0
1341,2025-01-27,S9,S13,S,20,False,80.0
1342,2025-01-27,S33,S22,S,55,True,264.0
1343,2025-01-27,S16,S40,S,120,False,480.0
1344,2025-01-27,S4,S36,S,160,False,640.0
1345,2025-01-27,S23,S46,SC,115,False,575.0
1346,2025-01-27,S28,S40,S,60,False,240.0
1347,2025-01-27,S7,S38,SC,155,False,775.0
1348,2025-01-27,S7,S13,S,30,False,120.0
1349,2025-01-27,S15,S1,R,70,False,700.0
1350,2025-01-27,S32,S7,SC,125,False,625.0
1351,2025-01-28,S38,S11,S,135,True,648.0
1352,2025-01-28,S44,S22,R,110,True,1320.0
1353,2025-01-28,S24,S31,SC,35,False,175.0
1354,2025-01-28,S40,S6,SC,170,True,1020.0
1355,2025-01-28,S43,S8,R,175,False,1750.0
1356,2025-01-28,S40,S44,SC,20,True,120.0
1357,2025-01-28,S25,S22,SC,15,False,75.0
1358,2025-01-28,S42,S14,SC,140,True,840.0
1359,2025-01-28,S36,S46,R,50,False,500.0
1360,2025-01-28,S34,S46,SC,60,True,360.0
1361,2025-01-28,S16,S11,SC,25,True,150.0
1362,2025-01-28,S45,S41,R,20,True,240.0
1363,2025-01-28,S34,S27,S,35,True,168.0
1364,2025-01-28,S34,S33,R,5,True,60.0
1365,2025-01-28,S29,S41,S,60,True,288.0
1366,2025-01-28,S21,S10,S,55,False,220.0
1367,2025-01-28,S50,S6,S,220,False,880.0
1368,2025-01-28,S2,S7,R,25,False,250.0
1369,2025-01-28,S38,S2,S,180,False,720.0
1370,2025-01-28,S18,S2,S,80,False,320.0
1371,2025-01-28,S36,S45,R,45,True,540.0
1372,2025-01-28,S19,S1,SC,90,False,450.0
1373,2025-01-28,S4,S37,R,165,True,1980.0
1374,2025-01-28,S34,S47,SC,65,True,390.0
1375,2025-01-28,S40,S41,R,5,False,50.0
1376,2025-01-28,S16,S12,R,20,False,200.0
1377,2025-01-28,S45,S13,SC,160,False,800.0
1378,2025-01-28,S19,S20,S,5,True,24.0
1379,2025-01-28,S24,S23,SC,5,True,30.0
1380,2025-01-28,S33,S5,SC,140,True,840.0
1381,2025-01-28,S45,S48,R,15,False,150.0
1382,2025-01-28,S30,S18,SC,60,False,300.0
1383,2025-01-28,S44,S27,R,85,False,850.0
1384,2025-01-28,S11,S2,S,45,True,216.0
1385,2025-01-28,S28,S15,S,65,False,260.0
1386,2025-01-28,S3,S10,SC,35,False,175.0
1387,2025-01-28,S15,S12,S,15,True,72.0
1388,2025-01-28,S49,S8,SC,205,True,1230.0
1389,2025-01-28,S25,S37,SC,60,False,300.0
1390,2025-01-28,S9,S7,SC,10,True,60.0
1391,2025-01-28,S12,S4,SC,40,True,240.0
1392,2025-01-28,S22,S27,R,25,False,250.0
1393,2025-01-28,S1,S10,S,45,True,216.0
1394,2025-01-28,S28,S36,R,40,True,480.0
1395,2025-01-28,S10,S49,SC,195,True,1170.0
1396,2025-01-28,S26,S31,S,25,False,100.0
1397,2025-01-28,S12,S18,R,30,False,300.0
1398,2025-01-28,S12,S25,S,65,True,312.0
1399,2025-01-28,S34,S11,S,115,True,552.0
1400,2025-01-28,S26,S10,R,80,True,960.0
1401,2025-01-29,S33,S22,SC,55,True,330.0
1402,2025-01-29,S36,S20,SC,80,True,480.0
1403,2025-01-29,S49,S43,SC,30,False,150.0
1404,2025-01-29,S33,S21,R,60,True,720.0
1405,2025-01-29,S8,S16,R,40,False,400.0
1406,2025-01-29,S7,S17,S,50,False,200.0
1407,2025-01-29,S48,S45,SC,15,True,90.0
1408,2025-01-29,S43,S1,R,210,False,2100.0
1409,2025-01-29,S7,S50,S,215,False,860.0
1410,2025-01-29,S15,S49,S,170,True,816.0
1411,2025-01-29,S15,S20,R,25,True,300.0
1412,2025-01-29,S33,S22,S,55,False,220.0
1413,2025-01-29,S11,S3,R,40,False,400.0
1414,2025-01-29,S20,S9,SC,55,False,275.0
1415,2025-01-29,S45,S32,S,65,False,260.0
1416,2025-01-29,S40,S41,S,5,True,24.0
1417,2025-01-29,S23,S37,S,70,True,336.0
1418,2025-01-29,S37,S14,R,115,True,1380.0
1419,2025-01-29,S18,S5,SC,65,True,390.0
1420,2025-01-29,S2,S10,R,40,False,400.0
1421,2025-01-29,S2,S8,SC,30,False,150.0
1422,2025-01-29,S13,S38,R,125,True,1500.0
1423,2025-01-29,S34,S22,S,60,True,288.0
1424,2025-01-29,S18,S22,SC,20,False,100.0
1425,2025-01-29,S43,S24,S,95,True,456.0
1426,2025-01-29,S40,S29,SC,55,True,330.0
1427,2025-01-29,S45,S28,R,85,True,1020.0
1428,2025-01-29,S1,S37,SC,180,False,900.0
1429,2025-01-29,S3,S20,S,85,True,408.0
1430,2025-01-29,S3,S5,S,10,True,48.0
1431,2025-01-29,S19,S9,S,50,False,200.0
1432,2025-01-29,S24,S34,R,50,True,600.0
1433,2025-01-29,S22,S15,R,35,False,350.0
1434,2025-01-29,S24,S35,SC,55,False,275.0
1435,2025-01-29,S31,S41,SC,50,False,250.0
1436,2025-01-29,S35,S26,R,45,False,450.0
1437,2025-01-29,S23,S7,SC,80,True,480.0
1438,2025-01-29,S43,S35,SC,40,True,240.0
1439,2025-01-29,S16,S22,SC,30,False,150.0
1440,2025-01-29,S16,S49,R,165,False,1650.0
1441,2025-01-29,S47,S44,SC,15,True,90.0
1442,2025-01-29,S21,S32,S,55,False,220.0
1443,2025-01-29,S10,S26,R,80,True,960.0
1444,2025-01-29,S48,S22,SC,130,True,780.0
1445,2025-01-29,S46,S19,S,135,True,648.0
1446,2025-01-29,S49,S33,R,80,True,960.0
1447,2025-01-29,S26,S41,S,75,False,300.0
1448,2025-01-29,S30,S46,SC,80,True,480.0
1449,2025-01-29,S28,S34,SC,30,True,180.0
1450,2025-01-29,S46,S3,R,215,False,2150.0
1451,2025-01-30,S20,S12,R,40,True,480.0
1452,2025-01-30,S38,S6,S,160,True,768.0
1453,2025-01-30,S48,S27,SC,105,True,630.0
1454,2025-01-30,S16,S25,S,45,False,180.0
1455,2025-01-30,S21,S29,S,40,False,160.0
1456,2025-01-30,S20,S14,S,30,True,144.0
1457,2025-01-30,S44,S4,S,200,False,800.0
1458,2025-01-30,S24,S12,R,60,False,600.0
1459,2025-01-30,S12,S14,S,10,False,40.0
1460,2025-01-30,S12,S31,SC,95,False,475.0
1461,2025-01-30,S12,S40,R,140,True,1680.0
1462,2025-01-30,S31,S41,S,50,True,240.0
1463,2025-01-30,S10,S12,R,10,False,100.0
1464,2025-01-30,S34,S2,S,160,False,640.0
1465,2025-01-30,S45,S8,S,185,False,740.0
1466,2025-01-30,S24,S23,R,5,True,60.0
1467,2025-01-30,S27,S16,R,55,True,660.0
1468,2025-01-30,S42,S18,SC,120,False,600.0
1469,2025-01-30,S27,S17,S,50,False,200.0
1470,2025-01-30,S27,S50,SC,115,True,690.0
1471,2025-01-30,S12,S38,SC,130,False,650.0
1472,2025-01-30,S26,S37,S,55,False,220.0
1473,2025-01-30,S7,S26,R,95,False,950.0
1474,2025-01-30,S19,S37,R,90,True,1080.0
1475,2025-01-30,S45,S28,R,85,True,1020.0
1476,2025-01-30,S43,S19,SC,120,False,600.0
1477,2025-01-30,S24,S48,SC,120,False,600.0
1478,2025-01-30,S25,S46,SC,105,True,630.0
1479,2025-01-30,S19,S2,R,85,False,850.0
1480,2025-01-30,S48,S31,S,85,False,340.0
1481,2025-01-30,S30,S17,R,65,False,650.0
1482,2025-01-30,S47,S18,SC,145,True,870.0
1483,2025-01-30,S25,S24,SC,5,True,30.0
1484,2025-01-30,S36,S48,S,60,True,288.0
1485,2025-01-30,S33,S8,S,125,False,500.0
1486,2025-01-30,S33,S17,S,80,True,384.0
1487,2025-01-30,S45,S20,S,125,True,600.0
1488,2025-01-30,S36,S29,SC,35,True,210.0
1489,2025-01-30,S5,S26,S,105,False,420.0
1490,2025-01-30,S24,S30,S,30,False,120.0
1491,2025-01-30,S1,S4,S,15,False,60.0
1492,2025-01-30,S38,S36,SC,10,False,50.0
1493,2025-01-30,S38,S4,S,170,True,816.0
1494,2025-01-30,S5,S45,SC,200,True,1200.0
1495,2025-01-30,S48,S34,S,70,True,336.0
1496,2025-01-30,S7,S46,SC,195,False,975.0
1497,2025-01-30,S20,S49,S,145,False,580.0
1498,2025-01-30,S48,S15,R,165,False,1650.0
1499,2025-01-30,S22,S48,R,130,True,1560.0
1500,2025-01-30,S4,S31,S,135,False,540.0
1501,2025-01-31,S8,S21,SC,65,True,390.0
1502,2025-01-31,S41,S29,S,60,False,240.0
1503,2025-01-31,S28,S26,S,10,True,48.0
1504,2025-01-31,S37,S35,SC,10,True,60.0
1505,2025-01-31,S38,S41,R,15,False,150.0
1506,2025-01-31,S23,S21,SC,10,False,50.0
1507,2025-01-31,S19,S8,SC,55,True,330.0
1508,2025-01-31,S12,S49,SC,185,False,925.0
1509,2025-01-31,S49,S32,R,85,False,850.0
1510,2025-01-31,S40,S3,R,185,False,1850.0
1511,2025-01-31,S25,S15,S,50,True,240.0
1512,2025-01-31,S27,S32,SC,25,True,150.0
1513,2025-01-31,S31,S1,R,150,False,1500.0
1514,2025-01-31,S45,S17,S,140,True,672.0
1515,2025-01-31,S8,S15,S,35,False,140.0
1516,2025-01-31,S23,S2,R,105,True,1260.0
1517,2025-01-31,S11,S13,S,10,True,48.0
1518,2025-01-31,S45,S17,S,140,True,672.0
1519,2025-01-31,S10,S45,SC,175,True,1050.0
1520,2025-01-31,S23,S14,S,45,False,180.0
1521,2025-01-31,S31,S5,R,130,False,1300.0
1522,2025-01-31,S17,S39,S,110,True,528.0
1523,2025-01-31,S41,S29,S,60,False,240.0
1524,2025-01-31,S15,S44,S,145,True,696.0
1525,2025-01-31,S3,S8,R,25,False,250.0
1526,2025-01-31,S19,S15,R,20,True,240.0
1527,2025-01-31,S16,S3,S,65,False,260.0
1528,2025-01-31,S20,S17,S,15,False,60.0
1529,2025-01-31,S8,S38,S,150,True,720.0
1530,2025-01-31,S15,S30,R,75,True,900.0
1531,2025-01-31,S44,S48,SC,20,False,100.0
1532,2025-01-31,S30,S46,R,80,False,800.0
1533,2025-01-31,S35,S23,S,60,True,288.0
1534,2025-01-31,S24,S2,SC,110,True,660.0
1535,2025-01-31,S27,S1,SC,130,True,780.0
1536,2025-01-31,S47,S46,SC,5,True,30.0
1537,2025-01-31,S10,S14,SC,20,False,100.0
1538,2025-01-31,S47,S13,S,170,False,680.0
1539,2025-01-31,S35,S14,SC,105,True,630.0
1540,2025-01-31,S26,S36,S,50,False,200.0
1541,2025-01-31,S27,S36,SC,45,False,225.0
1542,2025-01-31,S2,S24,R,110,False,1100.0
1543,2025-01-31,S25,S24,S,5,True,24.0
1544,2025-01-31,S23,S47,S,120,False,480.0
1545,2025-01-31,S39,S17,SC,110,True,660.0
1546,2025-01-31,S36,S14,R,110,True,1320.0
1547,2025-01-31,S31,S21,R,50,False,500.0
1548,2025-01-31,S41,S13,R,140,True,1680.0
1549,2025-01-31,S10,S13,S,15,True,72.0
1550,2025-01-31,S14,S21,SC,35,True,210.0
1551,2025-02-01,S49,S1,SC,240,True,1440.0
1552,2025-02-01,S40,S45,R,25,False,250.0
1553,2025-02-01,S33,S40,S,35,True,168.0
1554,2025-02-01,S9,S25,S,80,False,320.0
1555,2025-02-01,S34,S10,S,120,True,576.0
1556,2025-02-01,S12,S46,SC,170,True,1020.0
1557,2025-02-01,S30,S26,SC,20,True,120.0
1558,2025-02-01,S25,S36,S,55,False,220.0
1559,2025-02-01,S19,S26,R,35,False,350.0
1560,2025-02-01,S41,S10,S,155,False,620.0
1561,2025-02-01,S49,S44,R,25,True,300.0
1562,2025-02-01,S6,S12,SC,30,False,150.0
1563,2025-02-01,S3,S39,SC,180,True,1080.0
1564,2025-02-01,S2,S15,R,65,True,780.0
1565,2025-02-01,S6,S4,SC,10,True,60.0
1566,2025-02-01,S45,S15,S,150,True,720.0
1567,2025-02-01,S20,S28,SC,40,True,240.0
1568,2025-02-01,S41,S48,R,35,True,420.0
1569,2025-02-01,S16,S36,SC,100,True,600.0
1570,2025-02-01,S45,S29,R,80,False,800.0
1571,2025-02-01,S12,S27,SC,75,False,375.0
1572,2025-02-01,S50,S25,SC,125,False,625.0
1573,2025-02-01,S22,S7,SC,75,True,450.0
1574,2025-02-01,S36,S1,R,175,False,1750.0
1575,2025-02-01,S38,S7,SC,155,False,775.0
1576,2025-02-01,S37,S23,R,70,False,700.0
1577,2025-02-01,S14,S15,SC,5,False,25.0
1578,2025-02-01,S31,S16,S,75,True,360.0
1579,2025-02-01,S6,S35,R,145,True,1740.0
1580,2025-02-01,S27,S21,S,30,False,120.0
1581,2025-02-01,S24,S30,SC,30,True,180.0
1582,2025-02-01,S41,S27,S,70,False,280.0
1583,2025-02-01,S9,S39,S,150,False,600.0
1584,2025-02-01,S15,S13,SC,10,False,50.0
1585,2025-02-01,S29,S42,S,65,False,260.0
1586,2025-02-01,S17,S16,SC,5,False,25.0
1587,2025-02-01,S1,S46,SC,225,False,1125.0
1588,2025-02-01,S11,S25,S,70,True,336.0
1589,2025-02-01,S5,S43,SC,190,False,950.0
1590,2025-02-01,S24,S3,S,105,False,420.0
1591,2025-02-01,S8,S3,S,25,False,100.0
1592,2025-02-01,S1,S15,SC,70,False,350.0
1593,2025-02-01,S4,S24,SC,100,False,500.0
1594,2025-02-01,S23,S33,R,50,False,500.0
1595,2025-02-01,S40,S33,R,35,False,350.0
1596,2025-02-01,S46,S19,R,135,False,1350.0
1597,2025-02-01,S27,S5,SC,110,True,660.0
1598,2025-02-01,S6,S8,R,10,False,100.0
1599,2025-02-01,S25,S2,SC,115,True,690.0
1600,2025-02-01,S44,S43,SC,5,True,30.0
1601,2025-02-02,S1,S26,S,125,False,500.0
1602,2025-02-02,S50,S42,S,40,True,192.0
1603,2025-02-02,S37,S13,SC,120,True,720.0
1604,2025-02-02,S8,S47,SC,195,False,975.0
1605,2025-02-02,S28,S20,S,40,False,160.0
1606,2025-02-02,S45,S35,SC,50,False,250.0
1607,2025-02-02,S31,S45,SC,70,True,420.0
1608,2025-02-02,S7,S48,R,205,True,2460.0
1609,2025-02-02,S35,S13,R,110,False,1100.0
1610,2025-02-02,S1,S46,SC,225,True,1350.0
1611,2025-02-02,S46,S1,SC,225,False,1125.0
1612,2025-02-02,S48,S41,SC,35,False,175.0
1613,2025-02-02,S26,S30,S,20,False,80.0
1614,2025-02-02,S8,S6,SC,10,True,60.0
1615,2025-02-02,S30,S11,S,95,False,380.0
1616,2025-02-02,S7,S1,R,30,False,300.0
1617,2025-02-02,S41,S1,R,200,False,2000.0
1618,2025-02-02,S2,S13,S,55,False,220.0
1619,2025-02-02,S12,S9,SC,15,False,75.0
1620,2025-02-02,S3,S21,R,90,True,1080.0
1621,2025-02-02,S42,S19,S,115,True,552.0
1622,2025-02-02,S44,S30,R,70,False,700.0
1623,2025-02-02,S40,S8,SC,160,True,960.0
1624,2025-02-02,S35,S14,S,105,True,504.0
1625,2025-02-02,S39,S6,S,165,True,792.0
1626,2025-02-02,S7,S48,R,205,True,2460.0
1627,2025-02-02,S42,S20,SC,110,True,660.0
1628,2025-02-02,S10,S5,S,25,True,120.0
1629,2025-02-02,S47,S46,SC,5,False,25.0
1630,2025-02-02,S39,S46,R,35,False,350.0
1631,2025-02-02,S50,S17,S,165,True,792.0
1632,2025-02-02,S25,S5,S,100,True,480.0
1633,2025-02-02,S7,S25,R,90,False,900.0
1634,2025-02-02,S18,S46,SC,140,True,840.0
1635,2025-02-02,S39,S6,SC,165,True,990.0
1636,2025-02-02,S38,S8,R,150,False,1500.0
1637,2025-02-02,S48,S26,SC,110,False,550.0
1638,2025-02-02,S4,S13,SC,45,False,225.0
1639,2025-02-02,S12,S15,SC,15,False,75.0
1640,2025-02-02,S41,S17,R,120,False,1200.0
1641,2025-02-02,S23,S28,S,25,True,120.0
1642,2025-02-02,S30,S21,S,45,False,180.0
1643,2025-02-02,S19,S2,R,85,False,850.0
1644,2025-02-02,S8,S48,R,200,False,2000.0
1645,2025-02-02,S32,S26,R,30,True,360.0
1646,2025-02-02,S33,S35,S,10,True,48.0
1647,2025-02-02,S48,S29,R,95,True,1140.0
1648,2025-02-02,S25,S23,SC,10,False,50.0
1649,2025-02-02,S42,S34,SC,40,False,200.0
1650,2025-02-02,S10,S2,SC,40,True,240.0
1651,2025-02-03,S42,S24,R,90,True,1080.0
1652,2025-02-03,S15,S28,S,65,True,312.0
1653,2025-02-03,S16,S28,R,60,True,720.0
1654,2025-02-03,S1,S5,R,20,False,200.0
1655,2025-02-03,S20,S21,R,5,False,50.0
1656,2025-02-03,S45,S14,SC,155,False,775.0
1657,2025-02-03,S34,S30,SC,20,False,100.0
1658,2025-02-03,S18,S31,S,65,False,260.0
1659,2025-02-03,S42,S8,R,170,True,2040.0
1660,2025-02-03,S7,S49,S,210,False,840.0
1661,2025-02-03,S37,S45,SC,40,True,240.0
1662,2025-02-03,S29,S2,R,135,True,1620.0
1663,2025-02-03,S13,S47,S,170,False,680.0
1664,2025-02-03,S23,S48,S,125,False,500.0
1665,2025-02-03,S31,S35,R,20,True,240.0
1666,2025-02-03,S41,S22,SC,95,False,475.0
1667,2025-02-03,S28,S17,R,55,True,660.0
1668,2025-02-03,S27,S31,SC,20,True,120.0
1669,2025-02-03,S22,S46,R,120,True,1440.0
1670,2025-02-03,S4,S35,S,155,False,620.0
1671,2025-02-03,S26,S35,SC,45,False,225.0
1672,2025-02-03,S7,S33,S,130,False,520.0
1673,2025-02-03,S15,S50,R,175,True,2100.0
1674,2025-02-03,S1,S3,R,10,True,120.0
1675,2025-02-03,S40,S34,R,30,True,360.0
1676,2025-02-03,S12,S5,R,35,False,350.0
1677,2025-02-03,S38,S17,S,105,True,504.0
1678,2025-02-03,S4,S3,R,5,False,50.0
1679,2025-02-03,S20,S10,S,50,False,200.0
1680,2025-02-03,S19,S17,R,10,True,120.0
1681,2025-02-03,S28,S45,R,85,False,850.0
1682,2025-02-03,S5,S22,SC,85,False,425.0
1683,2025-02-03,S27,S40,S,65,True,312.0
1684,2025-02-03,S40,S28,SC,60,True,360.0
1685,2025-02-03,S16,S36,S,100,True,480.0
1686,2025-02-03,S5,S25,S,100,True,480.0
1687,2025-02-03,S36,S33,SC,15,False,75.0
1688,2025-02-03,S31,S33,S,10,True,48.0
1689,2025-02-03,S46,S45,SC,5,True,30.0
1690,2025-02-03,S21,S31,SC,50,True,300.0
1691,2025-02-03,S39,S5,R,170,True,2040.0
1692,2025-02-03,S50,S5,S,225,True,1080.0
1693,2025-02-03,S10,S21,SC,55,False,275.0
1694,2025-02-03,S48,S3,SC,225,True,1350.0
1695,2025-02-03,S33,S50,R,85,True,1020.0
1696,2025-02-03,S29,S27,SC,10,False,50.0
1697,2025-02-03,S9,S10,S,5,False,20.0
1698,2025-02-03,S46,S20,R,130,False,1300.0
1699,2025-02-03,S24,S14,S,50,True,240.0
1700,2025-02-03,S12,S18,S,30,False,120.0
1701,2025-02-04,S7,S21,SC,70,False,350.0
1702,2025-02-04,S16,S38,S,110,False,440.0
1703,2025-02-04,S9,S32,SC,115,True,690.0
1704,2025-02-04,S44,S49,S,25,True,120.0
1705,2025-02-04,S47,S2,SC,225,False,1125.0
1706,2025-02-04,S6,S27,SC,105,True,630.0
1707,2025-02-04,S9,S29,S,100,False,400.0
1708,2025-02-04,S1,S12,R,55,True,660.0
1709,2025-02-04,S7,S16,S,45,False,180.0
1710,2025-02-04,S32,S28,S,20,False,80.0
1711,2025-02-04,S46,S15,R,155,False,1550.0
1712,2025-02-04,S42,S34,S,40,False,160.0
1713,2025-02-04,S39,S36,SC,15,False,75.0
1714,2025-02-04,S44,S36,R,40,True,480.0
1715,2025-02-04,S2,S19,S,85,False,340.0
1716,2025-02-04,S37,S24,R,65,False,650.0
1717,2025-02-04,S50,S49,R,5,True,60.0
1718,2025-02-04,S18,S10,S,40,True,192.0
1719,2025-02-04,S3,S9,R,30,True,360.0
1720,2025-02-04,S34,S4,SC,150,True,900.0
1721,2025-02-04,S10,S2,R,40,True,480.0
1722,2025-02-04,S37,S16,S,105,True,504.0
1723,2025-02-04,S2,S24,SC,110,False,550.0
1724,2025-02-04,S27,S29,S,10,True,48.0
1725,2025-02-04,S43,S46,R,15,False,150.0
1726,2025-02-04,S41,S13,SC,140,False,700.0
1727,2025-02-04,S37,S33,S,20,False,80.0
1728,2025-02-04,S26,S2,S,120,True,576.0
1729,2025-02-04,S9,S28,S,95,True,456.0
1730,2025-02-04,S38,S5,S,165,False,660.0
1731,2025-02-04,S34,S22,S,60,False,240.0
1732,2025-02-04,S32,S38,SC,30,False,150.0
1733,2025-02-04,S3,S40,S,185,True,888.0
1734,2025-02-04,S22,S43,SC,105,True,630.0
1735,2025-02-04,S40,S43,R,15,False,150.0
1736,2025-02-04,S11,S24,S,65,False,260.0
1737,2025-02-04,S47,S15,S,160,True,768.0
1738,2025-02-04,S26,S39,R,65,False,650.0
1739,2025-02-04,S22,S28,SC,30,False,150.0
1740,2025-02-04,S49,S38,R,55,False,550.0
1741,2025-02-04,S15,S23,R,40,True,480.0
1742,2025-02-04,S34,S16,R,90,False,900.0
1743,2025-02-04,S27,S41,S,70,False,280.0
1744,2025-02-04,S21,S3,R,90,False,900.0
1745,2025-02-04,S6,S42,R,180,False,1800.0
1746,2025-02-04,S7,S41,SC,170,False,850.0
1747,2025-02-04,S33,S3,SC,150,False,750.0
1748,2025-02-04,S20,S22,SC,10,True,60.0
1749,2025-02-04,S40,S24,SC,80,True,480.0
1750,2025-02-04,S26,S25,SC,5,False,25.0
1751,2025-02-05,S44,S42,R,10,False,100.0
1752,2025-02-05,S14,S11,R,15,False,150.0
1753,2025-02-05,S8,S1,S,35,False,140.0
1754,2025-02-05,S34,S17,S,85,True,408.0
1755,2025-02-05,S10,S22,R,60,True,720.0
1756,2025-02-05,S36,S49,R,65,False,650.0
1757,2025-02-05,S32,S44,SC,60,False,300.0
1758,2025-02-05,S8,S23,SC,75,False,375.0
1759,2025-02-05,S20,S49,R,145,False,1450.0
1760,2025-02-05,S47,S34,R,65,True,780.0
1761,2025-02-05,S47,S35,SC,60,False,300.0
1762,2025-02-05,S10,S1,S,45,False,180.0
1763,2025-02-05,S33,S21,R,60,False,600.0
1764,2025-02-05,S18,S49,R,155,True,1860.0
1765,2025-02-05,S28,S34,SC,30,True,180.0
1766,2025-02-05,S14,S19,SC,25,True,150.0
1767,2025-02-05,S25,S13,SC,60,True,360.0
1768,2025-02-05,S14,S41,S,135,False,540.0
1769,2025-02-05,S18,S27,S,45,True,216.0
1770,2025-02-05,S12,S17,SC,25,True,150.0
1771,2025-02-05,S1,S39,SC,190,True,1140.0
1772,2025-02-05,S25,S37,SC,60,True,360.0
1773,2025-02-05,S34,S20,R,70,False,700.0
1774,2025-02-05,S13,S11,R,10,False,100.0
1775,2025-02-05,S46,S7,R,195,True,2340.0
1776,2025-02-05,S25,S50,SC,125,False,625.0
1777,2025-02-05,S2,S44,R,210,True,2520.0
1778,2025-02-05,S17,S48,SC,155,True,930.0
1779,2025-02-05,S6,S35,R,145,False,1450.0
1780,2025-02-05,S40,S3,SC,185,True,1110.0
1781,2025-02-05,S41,S18,S,115,False,460.0
1782,2025-02-05,S50,S15,S,175,False,700.0
1783,2025-02-05,S20,S50,R,150,True,1800.0
1784,2025-02-05,S38,S37,SC,5,True,30.0
1785,2025-02-05,S33,S10,S,115,True,552.0
1786,2025-02-05,S18,S23,R,25,False,250.0
1787,2025-02-05,S17,S10,S,35,True,168.0
1788,2025-02-05,S10,S27,S,85,True,408.0
1789,2025-02-05,S18,S34,R,80,True,960.0
1790,2025-02-05,S28,S21,SC,35,False,175.0
1791,2025-02-05,S11,S46,S,175,False,700.0
1792,2025-02-05,S36,S25,R,55,True,660.0
1793,2025-02-05,S24,S50,R,130,False,1300.0
1794,2025-02-05,S3,S42,SC,195,False,975.0
1795,2025-02-05,S30,S22,SC,40,False,200.0
1796,2025-02-05,S14,S11,R,15,True,180.0
1797,2025-02-05,S2,S39,R,185,True,2220.0
1798,2025-02-05,S39,S46,SC,35,True,210.0
1799,2025-02-05,S13,S48,S,175,True,840.0
1800,2025-02-05,S44,S5,S,195,True,936.0
1801,2025-02-06,S45,S10,SC,175,False,875.0
1802,2025-02-06,S16,S22,SC,30,False,150.0
1803,2025-02-06,S31,S19,S,60,False,240.0
1804,2025-02-06,S25,S6,SC,95,True,570.0
1805,2025-02-06,S35,S16,SC,95,True,570.0
1806,2025-02-06,S22,S48,S,130,True,624.0
1807,2025-02-06,S7,S23,SC,80,False,400.0
1808,2025-02-06,S26,S15,SC,55,True,330.0
1809,2025-02-06,S45,S17,S,140,True,672.0
1810,2025-02-06,S27,S17,SC,50,False,250.0
1811,2025-02-06,S8,S17,SC,45,False,225.0
1812,2025-02-06,S26,S27,S,5,True,24.0
1813,2025-02-06,S20,S30,S,50,True,240.0
1814,2025-02-06,S37,S49,R,60,False,600.0
1815,2025-02-06,S35,S11,R,120,True,1440.0
1816,2025-02-06,S22,S42,SC,100,True,600.0
1817,2025-02-06,S8,S25,SC,85,True,510.0
1818,2025-02-06,S17,S30,R,65,True,780.0
1819,2025-02-06,S16,S22,R,30,True,360.0
1820,2025-02-06,S46,S19,SC,135,False,675.0
1821,2025-02-06,S24,S48,SC,120,False,600.0
1822,2025-02-06,S32,S46,SC,70,False,350.0
1823,2025-02-06,S6,S31,S,125,True,600.0
1824,2025-02-06,S39,S2,S,185,False,740.0
1825,2025-02-06,S22,S13,R,45,False,450.0
1826,2025-02-06,S42,S20,R,110,True,1320.0
1827,2025-02-06,S14,S41,SC,135,False,675.0
1828,2025-02-06,S40,S12,R,140,True,1680.0
1829,2025-02-06,S35,S3,S,160,True,768.0
1830,2025-02-06,S22,S40,S,90,True,432.0
1831,2025-02-06,S47,S39,S,40,True,192.0
1832,2025-02-06,S21,S8,R,65,False,650.0
1833,2025-02-06,S31,S8,S,115,True,552.0
1834,2025-02-06,S24,S50,SC,130,False,650.0
1835,2025-02-06,S50,S46,S,20,False,80.0
1836,2025-02-06,S31,S32,SC,5,True,30.0
1837,2025-02-06,S11,S49,R,190,True,2280.0
1838,2025-02-06,S12,S43,R,155,False,1550.0
1839,2025-02-06,S25,S50,SC,125,False,625.0
1840,2025-02-06,S37,S22,S,75,False,300.0
1841,2025-02-06,S14,S34,S,100,True,480.0
1842,2025-02-06,S47,S18,R,145,False,1450.0
1843,2025-02-06,S35,S19,R,80,False,800.0
1844,2025-02-06,S34,S37,S,15,False,60.0
1845,2025-02-06,S9,S14,R,25,True,300.0
1846,2025-02-06,S28,S47,SC,95,False,475.0
1847,2025-02-06,S46,S29,S,85,True,408.0
1848,2025-02-06,S37,S42,SC,25,True,150.0
1849,2025-02-06,S32,S17,SC,75,False,375.0
1850,2025-02-06,S32,S41,R,45,True,540.0
1851,2025-02-07,S44,S27,R,85,False,850.0
1852,2025-02-07,S12,S9,R,15,False,150.0
1853,2025-02-07,S35,S9,R,130,True,1560.0
1854,2025-02-07,S41,S20,SC,105,True,630.0
1855,2025-02-07,S5,S36,R,155,True,1860.0
1856,2025-02-07,S44,S5,SC,195,False,975.0
1857,2025-02-07,S38,S4,SC,170,True,1020.0
1858,2025-02-07,S45,S23,R,110,False,1100.0
1859,2025-02-07,S27,S33,R,30,False,300.0
1860,2025-02-07,S1,S47,R,230,True,2760.0
1861,2025-02-07,S9,S16,S,35,True,168.0
1862,2025-02-07,S24,S33,SC,45,True,270.0
1863,2025-02-07,S44,S22,S,110,False,440.0
1864,2025-02-07,S2,S28,S,130,True,624.0
1865,2025-02-07,S11,S13,R,10,False,100.0
1866,2025-02-07,S13,S36,R,115,False,1150.0
1867,2025-02-07,S11,S47,R,180,True,2160.0
1868,2025-02-07,S34,S48,R,70,False,700.0
1869,2025-02-07,S11,S39,SC,140,True,840.0
1870,2025-02-07,S41,S44,R,15,True,180.0
1871,2025-02-07,S11,S17,R,30,True,360.0
1872,2025-02-07,S28,S14,S,70,True,336.0
1873,2025-02-07,S21,S1,S,100,False,400.0
1874,2025-02-07,S35,S24,S,55,False,220.0
1875,2025-02-07,S24,S19,SC,25,False,125.0
1876,2025-02-07,S36,S13,SC,115,False,575.0
1877,2025-02-07,S45,S36,R,45,False,450.0
1878,2025-02-07,S9,S46,SC,185,False,925.0
1879,2025-02-07,S47,S10,SC,185,True,1110.0
1880,2025-02-07,S22,S4,S,90,True,432.0
1881,2025-02-07,S49,S21,R,140,False,1400.0
1882,2025-02-07,S18,S15,SC,15,True,90.0
1883,2025-02-07,S29,S26,R,15,False,150.0
1884,2025-02-07,S12,S14,S,10,True,48.0
1885,2025-02-07,S9,S25,SC,80,False,400.0
1886,2025-02-07,S23,S47,SC,120,False,600.0
1887,2025-02-07,S42,S9,SC,165,False,825.0
1888,2025-02-07,S20,S49,SC,145,True,870.0
1889,2025-02-07,S40,S35,SC,25,True,150.0
1890,2025-02-07,S4,S17,R,65,False,650.0
1891,2025-02-07,S10,S1,R,45,True,540.0
1892,2025-02-07,S22,S28,SC,30,False,150.0
1893,2025-02-07,S15,S14,S,5,True,24.0
1894,2025-02-07,S8,S48,S,200,True,960.0
1895,2025-02-07,S21,S27,SC,30,False,150.0
1896,2025-02-07,S2,S7,S,25,False,100.0
1897,2025-02-07,S34,S29,S,25,False,100.0
1898,2025-02-07,S32,S15,S,85,True,408.0
1899,2025-02-07,S20,S50,R,150,True,1800.0
1900,2025-02-07,S27,S4,SC,115,True,690.0
1901,2025-02-08,S42,S39,R,15,True,180.0
1902,2025-02-08,S19,S37,R,90,False,900.0
1903,2025-02-08,S49,S25,SC,120,False,600.0
1904,2025-02-08,S1,S35,S,170,True,816.0
1905,2025-02-08,S47,S25,SC,110,False,550.0
1906,2025-02-08,S13,S39,S,130,True,624.0
1907,2025-02-08,S31,S16,R,75,False,750.0
1908,2025-02-08,S13,S16,SC,15,True,90.0
1909,2025-02-08,S30,S22,SC,40,True,240.0
1910,2025-02-08,S2,S1,SC,5,False,25.0
1911,2025-02-08,S34,S17,S,85,False,340.0
1912,2025-02-08,S3,S22,SC,95,True,570.0
1913,2025-02-08,S19,S17,R,10,False,100.0
1914,2025-02-08,S24,S3,S,105,True,504.0
1915,2025-02-08,S27,S12,R,75,False,750.0
1916,2025-02-08,S12,S38,S,130,True,624.0
1917,2025-02-08,S12,S13,S,5,True,24.0
1918,2025-02-08,S23,S11,SC,60,False,300.0
1919,2025-02-08,S23,S36,S,65,False,260.0
1920,2025-02-08,S34,S15,SC,95,False,475.0
1921,2025-02-08,S11,S22,R,55,True,660.0
1922,2025-02-08,S23,S33,S,50,False,200.0
1923,2025-02-08,S22,S11,S,55,False,220.0
1924,2025-02-08,S17,S19,R,10,True,120.0
1925,2025-02-08,S3,S19,SC,80,False,400.0
1926,2025-02-08,S21,S23,R,10,False,100.0
1927,2025-02-08,S6,S10,S,20,False,80.0
1928,2025-02-08,S9,S6,S,15,False,60.0
1929,2025-02-08,S29,S22,S,35,False,140.0
1930,2025-02-08,S27,S9,SC,90,True,540.0
1931,2025-02-08,S11,S16,S,25,False,100.0
1932,2025-02-08,S25,S41,R,80,False,800.0
1933,2025-02-08,S43,S44,SC,5,False,25.0
1934,2025-02-08,S25,S48,S,115,True,552.0
1935,2025-02-08,S42,S49,R,35,False,350.0
1936,2025-02-08,S48,S26,R,110,True,1320.0
1937,2025-02-08,S25,S44,S,95,True,456.0
1938,2025-02-08,S14,S27,SC,65,True,390.0
1939,2025-02-08,S3,S30,SC,135,False,675.0
1940,2025-02-08,S35,S5,SC,150,True,900.0
1941,2025-02-08,S31,S35,S,20,False,80.0
1942,2025-02-08,S13,S19,S,30,False,120.0
1943,2025-02-08,S31,S6,SC,125,False,625.0
1944,2025-02-08,S28,S41,R,65,True,780.0
1945,2025-02-08,S36,S45,S,45,True,216.0
1946,2025-02-08,S28,S50,SC,110,False,550.0
1947,2025-02-08,S50,S5,S,225,True,1080.0
1948,2025-02-08,S43,S31,R,60,True,720.0
1949,2025-02-08,S39,S47,SC,40,False,200.0
1950,2025-02-08,S36,S42,SC,30,False,150.0
1951,2025-02-09,S48,S23,S,125,True,600.0
1952,2025-02-09,S43,S10,S,165,False,660.0
1953,2025-02-09,S5,S15,SC,50,False,250.0
1954,2025-02-09,S4,S9,S,25,True,120.0
1955,2025-02-09,S47,S8,R,195,False,1950.0
1956,2025-02-09,S48,S43,SC,25,False,125.0
1957,2025-02-09,S28,S31,R,15,True,180.0
1958,2025-02-09,S42,S32,SC,50,True,300.0
1959,2025-02-09,S25,S37,SC,60,False,300.0
1960,2025-02-09,S19,S8,S,55,False,220.0
1961,2025-02-09,S26,S50,SC,120,False,600.0
1962,2025-02-09,S22,S31,R,45,True,540.0
1963,2025-02-09,S6,S14,S,40,True,192.0
1964,2025-02-09,S44,S3,SC,205,False,1025.0
1965,2025-02-09,S21,S22,S,5,True,24.0
1966,2025-02-09,S32,S28,S,20,False,80.0
1967,2025-02-09,S6,S33,S,135,False,540.0
1968,2025-02-09,S33,S41,S,40,True,192.0
1969,2025-02-09,S32,S27,SC,25,False,125.0
1970,2025-02-09,S11,S42,S,155,True,744.0
1971,2025-02-09,S10,S45,SC,175,True,1050.0
1972,2025-02-09,S28,S10,S,90,True,432.0
1973,2025-02-09,S28,S47,R,95,True,1140.0
1974,2025-02-09,S28,S47,R,95,True,1140.0
1975,2025-02-09,S15,S13,S,10,True,48.0
1976,2025-02-09,S45,S49,S,20,True,96.0
1977,2025-02-09,S38,S27,S,55,True,264.0
1978,2025-02-09,S13,S10,R,15,True,180.0
1979,2025-02-09,S43,S48,SC,25,True,150.0
1980,2025-02-09,S15,S17,S,10,False,40.0
1981,2025-02-09,S29,S33,S,20,False,80.0
1982,2025-02-09,S48,S36,R,60,True,720.0
1983,2025-02-09,S16,S2,SC,70,False,350.0
1984,2025-02-09,S7,S44,S,185,True,888.0
1985,2025-02-09,S9,S26,S,85,False,340.0
1986,2025-02-09,S20,S10,S,50,False,200.0
1987,2025-02-09,S3,S21,S,90,True,432.0
1988,2025-02-09,S47,S15,S,160,False,640.0
1989,2025-02-09,S31,S23,S,40,False,160.0
1990,2025-02-09,S17,S39,S,110,True,528.0
1991,2025-02-09,S31,S2,S,145,False,580.0
1992,2025-02-09,S42,S18,R,120,False,1200.0
1993,2025-02-09,S3,S41,S,190,False,760.0
1994,2025-02-09,S29,S40,SC,55,False,275.0
1995,2025-02-09,S14,S20,S,30,True,144.0
1996,2025-02-09,S9,S27,R,90,True,1080.0
1997,2025-02-09,S24,S38,S,70,True,336.0
1998,2025-02-09,S18,S43,R,125,True,1500.0
1999,2025-02-09,S43,S11,SC,160,False,800.0
2000,2025-02-09,S3,S41,SC,190,True,1140.0
2001,2025-02-10,S20,S37,R,85,True,1020.0
2002,2025-02-10,S44,S31,SC,65,True,390.0
2003,2025-02-10,S39,S12,R,135,False,1350.0
2004,2025-02-10,S22,S48,S,130,True,624.0
2005,2025-02-10,S46,S39,R,35,False,350.0
2006,2025-02-10,S3,S25,S,110,True,528.0
2007,2025-02-10,S29,S40,S,55,False,220.0
2008,2025-02-10,S5,S6,S,5,False,20.0
2009,2025-02-10,S38,S16,SC,110,False,550.0
2010,2025-02-10,S24,S38,R,70,False,700.0
2011,2025-02-10,S5,S42,S,185,False,740.0
2012,2025-02-10,S38,S8,R,150,False,1500.0
2013,2025-02-10,S7,S35,R,140,True,1680.0
2014,2025-02-10,S36,S40,S,20,True,96.0
2015,2025-02-10,S36,S46,R,50,True,600.0
2016,2025-02-10,S23,S22,S,5,False,20.0
2017,2025-02-10,S22,S9,R,65,True,780.0
2018,2025-02-10,S47,S10,SC,185,True,1110.0
2019,2025-02-10,S13,S30,R,85,True,1020.0
2020,2025-02-10,S25,S28,S,15,False,60.0
2021,2025-02-10,S20,S38,S,90,True,432.0
2022,2025-02-10,S14,S47,SC,165,False,825.0
2023,2025-02-10,S36,S40,R,20,True,240.0
2024,2025-02-10,S9,S27,S,90,False,360.0
2025,2025-02-10,S14,S39,R,125,False,1250.0
2026,2025-02-10,S5,S36,R,155,False,1550.0
2027,2025-02-10,S18,S9,S,45,True,216.0
2028,2025-02-10,S24,S34,S,50,True,240.0
2029,2025-02-10,S48,S29,R,95,True,1140.0
2030,2025-02-10,S40,S4,R,180,False,1800.0
2031,2025-02-10,S17,S15,R,10,True,120.0
2032,2025-02-10,S15,S33,S,90,False,360.0
2033,2025-02-10,S17,S2,SC,75,True,450.0
2034,2025-02-10,S45,S33,R,60,False,600.0
2035,2025-02-10,S16,S45,S,145,False,580.0
2036,2025-02-10,S13,S23,S,50,False,200.0
2037,2025-02-10,S35,S18,R,85,False,850.0
2038,2025-02-10,S18,S16,S,10,True,48.0
2039,2025-02-10,S26,S9,R,85,True,1020.0
2040,2025-02-10,S9,S6,S,15,True,72.0
2041,2025-02-10,S1,S8,R,35,False,350.0
2042,2025-02-10,S34,S30,S,20,True,96.0
2043,2025-02-10,S3,S12,SC,45,False,225.0
2044,2025-02-10,S21,S4,SC,85,False,425.0
2045,2025-02-10,S25,S26,R,5,False,50.0
2046,2025-02-10,S40,S35,S,25,True,120.0
2047,2025-02-10,S3,S36,SC,165,True,990.0
2048,2025-02-10,S36,S46,SC,50,False,250.0
2049,2025-02-10,S31,S41,S,50,False,200.0
2050,2025-02-10,S50,S4,SC,230,True,1380.0
2051,2025-02-11,S13,S21,R,40,False,400.0
2052,2025-02-11,S30,S10,R,100,True,1200.0
2053,2025-02-11,S8,S29,S,105,True,504.0
2054,2025-02-11,S19,S31,SC,60,False,300.0
2055,2025-02-11,S41,S46,SC,25,True,150.0
2056,2025-02-11,S29,S17,R,60,True,720.0
2057,2025-02-11,S23,S26,SC,15,True,90.0
2058,2025-02-11,S36,S23,R,65,True,780.0
2059,2025-02-11,S15,S31,SC,80,False,400.0
2060,2025-02-11,S42,S25,R,85,False,850.0
2061,2025-02-11,S4,S36,S,160,True,768.0
2062,2025-02-11,S28,S17,R,55,False,550.0
2063,2025-02-11,S24,S15,R,45,False,450.0
2064,2025-02-11,S46,S35,SC,55,True,330.0
2065,2025-02-11,S4,S32,SC,140,False,700.0
2066,2025-02-11,S12,S21,SC,45,False,225.0
2067,2025-02-11,S35,S40,SC,25,False,125.0
2068,2025-02-11,S8,S15,R,35,True,420.0
2069,2025-02-11,S45,S20,SC,125,False,625.0
2070,2025-02-11,S14,S28,SC,70,False,350.0
2071,2025-02-11,S50,S18,S,160,True,768.0
2072,2025-02-11,S41,S44,R,15,True,180.0
2073,2025-02-11,S4,S14,SC,50,False,250.0
2074,2025-02-11,S33,S15,R,90,False,900.0
2075,2025-02-11,S45,S22,S,115,True,552.0
2076,2025-02-11,S17,S10,S,35,False,140.0
2077,2025-02-11,S10,S40,SC,150,True,900.0
2078,2025-02-11,S28,S41,S,65,True,312.0
2079,2025-02-11,S34,S14,R,100,False,1000.0
2080,2025-02-11,S13,S8,R,25,True,300.0
2081,2025-02-11,S38,S10,R,140,True,1680.0
2082,2025-02-11,S14,S27,R,65,False,650.0
2083,2025-02-11,S7,S32,SC,125,True,750.0
2084,2025-02-11,S4,S14,R,50,True,600.0
2085,2025-02-11,S30,S31,R,5,True,60.0
2086,2025-02-11,S23,S18,SC,25,True,150.0
2087,2025-02-11,S24,S38,SC,70,False,350.0
2088,2025-02-11,S45,S23,SC,110,True,660.0
2089,2025-02-11,S26,S50,R,120,True,1440.0
2090,2025-02-11,S30,S43,S,65,False,260.0
2091,2025-02-11,S38,S21,SC,85,False,425.0
2092,2025-02-11,S35,S12,SC,115,True,690.0
2093,2025-02-11,S30,S35,S,25,True,120.0
2094,2025-02-11,S43,S2,R,205,True,2460.0
2095,2025-02-11,S8,S22,SC,70,False,350.0
2096,2025-02-11,S24,S14,SC,50,False,250.0
2097,2025-02-11,S36,S30,S,30,True,144.0
2098,2025-02-11,S29,S24,R,25,False,250.0
2099,2025-02-11,S16,S10,S,30,True,144.0
2100,2025-02-11,S43,S30,R,65,True,780.0
2101,2025-02-12,S42,S14,SC,140,False,700.0
2102,2025-02-12,S3,S20,SC,85,True,510.0
2103,2025-02-12,S17,S40,S,115,True,552.0
2104,2025-02-12,S3,S10,SC,35,True,210.0
2105,2025-02-12,S29,S37,SC,40,False,200.0
2106,2025-02-12,S14,S29,S,75,False,300.0
2107,2025-02-12,S49,S7,R,210,True,2520.0
2108,2025-02-12,S18,S17,R,5,True,60.0
2109,2025-02-12,S33,S19,SC,70,True,420.0
2110,2025-02-12,S25,S8,R,85,False,850.0
2111,2025-02-12,S22,S30,S,40,False,160.0
2112,2025-02-12,S36,S3,S,165,False,660.0
2113,2025-02-12,S47,S42,SC,25,False,125.0
2114,2025-02-12,S6,S49,R,215,True,2580.0
2115,2025-02-12,S47,S17,S,150,True,720.0
2116,2025-02-12,S14,S12,SC,10,True,60.0
2117,2025-02-12,S21,S2,S,95,True,456.0
2118,2025-02-12,S18,S22,R,20,True,240.0
2119,2025-02-12,S15,S23,R,40,True,480.0
2120,2025-02-12,S35,S18,S,85,False,340.0
2121,2025-02-12,S13,S28,S,75,True,360.0
2122,2025-02-12,S5,S27,S,110,False,440.0
2123,2025-02-12,S21,S9,S,60,True,288.0
2124,2025-02-12,S12,S25,S,65,True,312.0
2125,2025-02-12,S11,S1,S,50,False,200.0
2126,2025-02-12,S37,S14,R,115,True,1380.0
2127,2025-02-12,S46,S23,R,115,True,1380.0
2128,2025-02-12,S46,S35,R,55,True,660.0
2129,2025-02-12,S10,S21,S,55,True,264.0
2130,2025-02-12,S24,S21,R,15,True,180.0
2131,2025-02-12,S23,S46,S,115,False,460.0
2132,2025-02-12,S13,S30,R,85,False,850.0
2133,2025-02-12,S24,S34,SC,50,True,300.0
2134,2025-02-12,S4,S48,SC,220,False,1100.0
2135,2025-02-12,S14,S45,SC,155,True,930.0
2136,2025-02-12,S22,S47,R,125,False,1250.0
2137,2025-02-12,S16,S10,S,30,True,144.0
2138,2025-02-12,S13,S36,R,115,False,1150.0
2139,2025-02-12,S47,S19,SC,140,False,700.0
2140,2025-02-12,S9,S11,SC,10,False,50.0
2141,2025-02-12,S36,S49,SC,65,True,390.0
2142,2025-02-12,S42,S34,SC,40,False,200.0
2143,2025-02-12,S24,S15,R,45,True,540.0
2144,2025-02-12,S17,S43,S,130,True,624.0
2145,2025-02-12,S35,S12,R,115,False,1150.0
2146,2025-02-12,S6,S19,SC,65,False,325.0
2147,2025-02-12,S1,S2,R,5,True,60.0
2148,2025-02-12,S21,S17,R,20,False,200.0
2149,2025-02-12,S49,S35,S,70,True,336.0
2150,2025-02-12,S43,S2,S,205,False,820.0
2151,2025-02-13,S48,S2,SC,230,True,1380.0
2152,2025-02-13,S4,S26,R,110,False,1100.0
2153,2025-02-13,S38,S46,S,40,True,192.0
2154,2025-02-13,S23,S10,S,65,True,312.0
2155,2025-02-13,S34,S21,S,65,False,260.0
2156,2025-02-13,S44,S6,S,190,True,912.0
2157,2025-02-13,S27,S40,R,65,False,650.0
2158,2025-02-13,S31,S25,S,30,True,144.0
2159,2025-02-13,S2,S45,R,215,False,2150.0
2160,2025-02-13,S49,S29,R,100,False,1000.0
2161,2025-02-13,S6,S25,S,95,False,380.0
2162,2025-02-13,S13,S11,R,10,False,100.0
2163,2025-02-13,S43,S24,R,95,True,1140.0
2164,2025-02-13,S30,S26,R,20,True,240.0
2165,2025-02-13,S20,S4,R,80,False,800.0
2166,2025-02-13,S17,S9,SC,40,True,240.0
2167,2025-02-13,S32,S47,SC,75,False,375.0
2168,2025-02-13,S19,S32,R,65,False,650.0
2169,2025-02-13,S1,S49,SC,240,True,1440.0
2170,2025-02-13,S50,S9,S,205,True,984.0
2171,2025-02-13,S46,S40,R,30,False,300.0
2172,2025-02-13,S18,S43,SC,125,False,625.0
2173,2025-02-13,S12,S24,R,60,True,720.0
2174,2025-02-13,S1,S39,S,190,False,760.0
2175,2025-02-13,S3,S7,SC,20,False,100.0
2176,2025-02-13,S33,S16,R,85,True,1020.0
2177,2025-02-13,S12,S37,SC,125,True,750.0
2178,2025-02-13,S28,S31,S,15,True,72.0
2179,2025-02-13,S10,S13,S,15,False,60.0
2180,2025-02-13,S34,S28,S,30,True,144.0
2181,2025-02-13,S33,S20,SC,65,False,325.0
2182,2025-02-13,S18,S30,SC,60,True,360.0
2183,2025-02-13,S37,S40,R,15,False,150.0
2184,2025-02-13,S50,S21,SC,145,True,870.0
2185,2025-02-13,S37,S45,SC,40,True,240.0
2186,2025-02-13,S34,S35,R,5,False,50.0
2187,2025-02-13,S42,S2,R,200,False,2000.0
2188,2025-02-13,S4,S48,SC,220,False,1100.0
2189,2025-02-13,S49,S22,R,135,False,1350.0
2190,2025-02-13,S36,S48,R,60,True,720.0
2191,2025-02-13,S7,S42,S,175,False,700.0
2192,2025-02-13,S25,S36,R,55,False,550.0
2193,2025-02-13,S24,S22,SC,10,False,50.0
2194,2025-02-13,S41,S31,SC,50,False,250.0
2195,2025-02-13,S21,S23,SC,10,False,50.0
2196,2025-02-13,S2,S26,SC,120,False,600.0
2197,2025-02-13,S34,S14,R,100,True,1200.0
2198,2025-02-13,S46,S31,S,75,True,360.0
2199,2025-02-13,S44,S29,SC,75,False,375.0
2200,2025-02-13,S19,S2,R,85,True,1020.0
2201,2025-02-14,S16,S12,SC,20,True,120.0
2202,2025-02-14,S25,S22,SC,15,False,75.0
2203,2025-02-14,S26,S30,SC,20,False,100.0
2204,2025-02-14,S12,S21,S,45,True,216.0
2205,2025-02-14,S25,S29,SC,20,True,120.0
2206,2025-02-14,S16,S30,R,70,True,840.0
2207,2025-02-14,S39,S36,S,15,True,72.0
2208,2025-02-14,S1,S22,SC,105,False,525.0
2209,2025-02-14,S6,S21,SC,75,False,375.0
2210,2025-02-14,S28,S4,S,120,False,480.0
2211,2025-02-14,S1,S32,R,155,False,1550.0
2212,2025-02-14,S39,S34,S,25,True,120.0
2213,2025-02-14,S41,S36,S,25,True,120.0
2214,2025-02-14,S1,S31,SC,150,True,900.0
2215,2025-02-14,S44,S15,SC,145,False,725.0
2216,2025-02-14,S42,S28,SC,70,True,420.0
2217,2025-02-14,S21,S27,SC,30,False,150.0
2218,2025-02-14,S10,S28,S,90,False,360.0
2219,2025-02-14,S18,S3,SC,75,False,375.0
2220,2025-02-14,S17,S25,R,40,True,480.0
2221,2025-02-14,S4,S27,S,115,True,552.0
2222,2025-02-14,S16,S41,S,125,True,600.0
2223,2025-02-14,S29,S8,S,105,False,420.0
2224,2025-02-14,S34,S12,S,110,True,528.0
2225,2025-02-14,S2,S28,SC,130,False,650.0
2226,2025-02-14,S38,S47,S,45,True,216.0
2227,2025-02-14,S25,S7,SC,90,False,450.0
2228,2025-02-14,S26,S24,SC,10,False,50.0
2229,2025-02-14,S6,S42,SC,180,True,1080.0
2230,2025-02-14,S4,S20,S,80,False,320.0
2231,2025-02-14,S49,S14,SC,175,True,1050.0
2232,2025-02-14,S18,S1,S,85,True,408.0
2233,2025-02-14,S3,S2,R,5,True,60.0
2234,2025-02-14,S16,S34,R,90,True,1080.0
2235,2025-02-14,S13,S43,S,150,True,720.0
2236,2025-02-14,S30,S38,R,40,True,480.0
2237,2025-02-14,S46,S43,R,15,True,180.0
2238,2025-02-14,S20,S16,S,20,False,80.0
2239,2025-02-14,S24,S12,SC,60,False,300.0
2240,2025-02-14,S25,S7,SC,90,True,540.0
2241,2025-02-14,S45,S6,S,195,False,780.0
2242,2025-02-14,S11,S26,SC,75,True,450.0
2243,2025-02-14,S23,S33,SC,50,False,250.0
2244,2025-02-14,S7,S16,S,45,False,180.0
2245,2025-02-14,S18,S42,R,120,False,1200.0
2246,2025-02-14,S50,S36,S,70,True,336.0
2247,2025-02-14,S34,S10,R,120,True,1440.0
2248,2025-02-14,S19,S28,R,45,False,450.0
2249,2025-02-14,S2,S31,S,145,True,696.0
2250,2025-02-14,S37,S1,S,180,False,720.0
2251,2025-02-15,S3,S8,SC,25,True,150.0
2252,2025-02-15,S40,S49,R,45,True,540.0
2253,2025-02-15,S50,S46,S,20,False,80.0
2254,2025-02-15,S20,S8,R,60,True,720.0
2255,2025-02-15,S39,S9,SC,150,False,750.0
2256,2025-02-15,S33,S41,R,40,True,480.0
2257,2025-02-15,S10,S28,S,90,False,360.0
2258,2025-02-15,S48,S41,R,35,True,420.0
2259,2025-02-15,S37,S17,R,100,True,1200.0
2260,2025-02-15,S42,S44,SC,10,False,50.0
2261,2025-02-15,S35,S39,R,20,True,240.0
2262,2025-02-15,S12,S9,R,15,False,150.0
2263,2025-02-15,S46,S31,S,75,True,360.0
2264,2025-02-15,S3,S33,S,150,True,720.0
2265,2025-02-15,S44,S2,R,210,True,2520.0
2266,2025-02-15,S35,S14,R,105,True,1260.0
2267,2025-02-15,S47,S14,SC,165,False,825.0
2268,2025-02-15,S46,S41,R,25,True,300.0
2269,2025-02-15,S7,S13,SC,30,True,180.0
2270,2025-02-15,S6,S20,SC,70,True,420.0
2271,2025-02-15,S5,S38,SC,165,True,990.0
2272,2025-02-15,S26,S34,SC,40,False,200.0
2273,2025-02-15,S25,S23,S,10,True,48.0
2274,2025-02-15,S16,S28,R,60,True,720.0
2275,2025-02-15,S18,S28,SC,50,True,300.0
2276,2025-02-15,S4,S24,SC,100,False,500.0
2277,2025-02-15,S40,S3,SC,185,True,1110.0
2278,2025-02-15,S27,S5,SC,110,False,550.0
2279,2025-02-15,S47,S17,R,150,False,1500.0
2280,2025-02-15,S43,S9,S,170,True,816.0
2281,2025-02-15,S27,S36,S,45,True,216.0
2282,2025-02-15,S38,S48,SC,50,False,250.0
2283,2025-02-15,S42,S41,R,5,True,60.0
2284,2025-02-15,S17,S22,SC,25,True,150.0
2285,2025-02-15,S20,S31,SC,55,False,275.0
2286,2025-02-15,S41,S32,R,45,True,540.0
2287,2025-02-15,S31,S28,S,15,True,72.0
2288,2025-02-15,S48,S46,S,10,True,48.0
2289,2025-02-15,S3,S27,SC,120,True,720.0
2290,2025-02-15,S8,S36,SC,140,True,840.0
2291,2025-02-15,S14,S31,S,85,True,408.0
2292,2025-02-15,S6,S20,R,70,False,700.0
2293,2025-02-15,S25,S8,S,85,True,408.0
2294,2025-02-15,S31,S30,R,5,False,50.0
2295,2025-02-15,S2,S17,SC,75,False,375.0
2296,2025-02-15,S40,S7,S,165,True,792.0
2297,2025-02-15,S28,S20,SC,40,False,200.0
2298,2025-02-15,S39,S40,S,5,True,24.0
2299,2025-02-15,S28,S3,SC,125,False,625.0
2300,2025-02-15,S44,S27,S,85,True,408.0
2301,2025-02-16,S27,S40,R,65,False,650.0
2302,2025-02-16,S11,S46,R,175,False,1750.0
2303,2025-02-16,S34,S28,SC,30,True,180.0
2304,2025-02-16,S30,S6,R,120,True,1440.0
2305,2025-02-16,S32,S30,SC,10,False,50.0
2306,2025-02-16,S40,S13,S,135,False,540.0
2307,2025-02-16,S48,S6,S,210,True,1008.0
2308,2025-02-16,S45,S31,S,70,False,280.0
2309,2025-02-16,S49,S1,SC,240,True,1440.0
2310,2025-02-16,S28,S2,SC,130,False,650.0
2311,2025-02-16,S30,S6,R,120,False,1200.0
2312,2025-02-16,S15,S4,SC,55,False,275.0
2313,2025-02-16,S15,S41,R,130,False,1300.0
2314,2025-02-16,S41,S47,R,30,True,360.0
2315,2025-02-16,S6,S43,SC,185,True,1110.0
2316,2025-02-16,S33,S11,S,110,False,440.0
2317,2025-02-16,S12,S46,R,170,True,2040.0
2318,2025-02-16,S26,S19,S,35,False,140.0
2319,2025-02-16,S12,S6,SC,30,False,150.0
2320,2025-02-16,S9,S40,R,155,True,1860.0
2321,2025-02-16,S39,S3,R,180,True,2160.0
2322,2025-02-16,S44,S4,SC,200,False,1000.0
2323,2025-02-16,S38,S44,SC,30,False,150.0
2324,2025-02-16,S16,S38,SC,110,False,550.0
2325,2025-02-16,S4,S9,SC,25,False,125.0
2326,2025-02-16,S22,S46,SC,120,False,600.0
2327,2025-02-16,S2,S50,SC,240,True,1440.0
2328,2025-02-16,S45,S49,R,20,False,200.0
2329,2025-02-16,S19,S16,SC,15,False,75.0
2330,2025-02-16,S40,S25,R,75,True,900.0
2331,2025-02-16,S19,S11,R,40,True,480.0
2332,2025-02-16,S34,S27,SC,35,True,210.0
2333,2025-02-16,S18,S12,R,30,False,300.0
2334,2025-02-16,S4,S7,S,15,True,72.0
2335,2025-02-16,S39,S26,SC,65,False,325.0
2336,2025-02-16,S2,S1,SC,5,False,25.0
2337,2025-02-16,S1,S29,R,140,True,1680.0
2338,2025-02-16,S23,S19,R,20,True,240.0
2339,2025-02-16,S5,S25,R,100,False,1000.0
2340,2025-02-16,S19,S20,R,5,False,50.0
2341,2025-02-16,S3,S29,S,130,True,624.0
2342,2025-02-16,S22,S12,S,50,False,200.0
2343,2025-02-16,S44,S29,R,75,True,900.0
2344,2025-02-16,S12,S10,S,10,True,48.0
2345,2025-02-16,S15,S21,SC,30,True,180.0
2346,2025-02-16,S4,S9,S,25,False,100.0
2347,2025-02-16,S3,S17,S,70,False,280.0
2348,2025-02-16,S36,S14,R,110,True,1320.0
2349,2025-02-16,S5,S8,SC,15,True,90.0
2350,2025-02-16,S50,S19,R,155,True,1860.0
2351,2025-02-17,S44,S32,SC,60,False,300.0
2352,2025-02-17,S34,S30,S,20,True,96.0
2353,2025-02-17,S40,S25,SC,75,False,375.0
2354,2025-02-17,S15,S8,R,35,True,420.0
2355,2025-02-17,S50,S9,SC,205,False,1025.0
2356,2025-02-17,S50,S33,R,85,True,1020.0
2357,2025-02-17,S5,S47,R,210,False,2100.0
2358,2025-02-17,S20,S41,R,105,True,1260.0
2359,2025-02-17,S20,S6,R,70,True,840.0
2360,2025-02-17,S29,S22,S,35,True,168.0
2361,2025-02-17,S38,S18,SC,100,True,600.0
2362,2025-02-17,S43,S19,S,120,True,576.0
2363,2025-02-17,S45,S36,S,45,True,216.0
2364,2025-02-17,S9,S13,R,20,True,240.0
2365,2025-02-17,S27,S2,R,125,True,1500.0
2366,2025-02-17,S6,S7,R,5,True,60.0
2367,2025-02-17,S43,S20,R,115,True,1380.0
2368,2025-02-17,S49,S39,R,50,False,500.0
2369,2025-02-17,S48,S38,S,50,True,240.0
2370,2025-02-17,S23,S45,SC,110,False,550.0
2371,2025-02-17,S16,S28,R,60,True,720.0
2372,2025-02-17,S37,S38,R,5,True,60.0
2373,2025-02-17,S46,S27,S,95,False,380.0
2374,2025-02-17,S23,S24,R,5,True,60.0
2375,2025-02-17,S25,S22,S,15,False,60.0
2376,2025-02-17,S35,S13,S,110,True,528.0
2377,2025-02-17,S40,S15,R,125,False,1250.0
2378,2025-02-17,S28,S35,S,35,False,140.0
2379,2025-02-17,S12,S48,R,180,True,2160.0
2380,2025-02-17,S18,S3,SC,75,False,375.0
2381,2025-02-17,S41,S22,SC,95,True,570.0
2382,2025-02-17,S11,S29,SC,90,True,540.0
2383,2025-02-17,S29,S25,S,20,True,96.0
2384,2025-02-17,S48,S32,R,80,False,800.0
2385,2025-02-17,S43,S47,S,20,False,80.0
2386,2025-02-17,S18,S26,SC,40,False,200.0
2387,2025-02-17,S1,S41,R,200,False,2000.0
2388,2025-02-17,S48,S40,R,40,True,480.0
2389,2025-02-17,S15,S43,R,140,False,1400.0
2390,2025-02-17,S22,S49,SC,135,False,675.0
2391,2025-02-17,S5,S24,SC,95,False,475.0
2392,2025-02-17,S12,S50,S,190,True,912.0
2393,2025-02-17,S18,S15,S,15,False,60.0
2394,2025-02-17,S21,S14,S,35,True,168.0
2395,2025-02-17,S17,S16,S,5,False,20.0
2396,2025-02-17,S3,S44,S,205,True,984.0
2397,2025-02-17,S27,S17,SC,50,True,300.0
2398,2025-02-17,S49,S17,SC,160,True,960.0
2399,2025-02-17,S35,S3,SC,160,True,960.0
2400,2025-02-17,S42,S48,R,30,True,360.0
2401,2025-02-18,S27,S38,R,55,True,660.0
2402,2025-02-18,S18,S28,R,50,False,500.0
2403,2025-02-18,S29,S42,R,65,False,650.0
2404,2025-02-18,S40,S17,R,115,False,1150.0
2405,2025-02-18,S38,S47,R,45,False,450.0
2406,2025-02-18,S49,S40,R,45,False,450.0
2407,2025-02-18,S6,S29,S,115,True,552.0
2408,2025-02-18,S38,S39,R,5,True,60.0
2409,2025-02-18,S31,S24,R,35,True,420.0
2410,2025-02-18,S49,S12,R,185,True,2220.0
2411,2025-02-18,S6,S4,SC,10,False,50.0
2412,2025-02-18,S26,S29,R,15,True,180.0
2413,2025-02-18,S43,S37,SC,30,True,180.0
2414,2025-02-18,S8,S20,R,60,True,720.0
2415,2025-02-18,S32,S26,SC,30,False,150.0
2416,2025-02-18,S20,S36,SC,80,False,400.0
2417,2025-02-18,S17,S5,SC,60,True,360.0
2418,2025-02-18,S4,S32,S,140,False,560.0
2419,2025-02-18,S2,S14,SC,60,True,360.0
2420,2025-02-18,S21,S18,S,15,False,60.0
2421,2025-02-18,S41,S43,R,10,False,100.0
2422,2025-02-18,S50,S35,SC,75,True,450.0
2423,2025-02-18,S12,S17,S,25,False,100.0
2424,2025-02-18,S36,S20,SC,80,False,400.0
2425,2025-02-18,S30,S45,S,75,False,300.0
2426,2025-02-18,S30,S45,S,75,False,300.0
2427,2025-02-18,S42,S4,SC,190,True,1140.0
2428,2025-02-18,S35,S25,SC,50,True,300.0
2429,2025-02-18,S26,S36,R,50,True,600.0
2430,2025-02-18,S45,S2,S,215,True,1032.0
2431,2025-02-18,S35,S4,S,155,False,620.0
2432,2025-02-18,S36,S28,R,40,False,400.0
2433,2025-02-18,S30,S12,SC,90,False,450.0
2434,2025-02-18,S43,S39,R,20,False,200.0
2435,2025-02-18,S44,S39,R,25,False,250.0
2436,2025-02-18,S45,S49,R,20,False,200.0
2437,2025-02-18,S14,S29,SC,75,True,450.0
2438,2025-02-18,S20,S33,S,65,False,260.0
2439,2025-02-18,S37,S4,S,165,False,660.0
2440,2025-02-18,S19,S27,SC,40,True,240.0
2441,2025-02-18,S44,S32,S,60,True,288.0
2442,2025-02-18,S1,S32,S,155,True,744.0
2443,2025-02-18,S21,S19,S,10,True,48.0
2444,2025-02-18,S27,S24,R,15,False,150.0
2445,2025-02-18,S2,S47,R,225,False,2250.0
2446,2025-02-18,S48,S5,R,215,True,2580.0
2447,2025-02-18,S31,S10,SC,105,False,525.0
2448,2025-02-18,S40,S15,R,125,True,1500.0
2449,2025-02-18,S31,S25,SC,30,True,180.0
2450,2025-02-18,S29,S11,SC,90,False,450.0
2451,2025-02-19,S44,S7,R,185,True,2220.0
2452,2025-02-19,S18,S41,SC,115,False,575.0
2453,2025-02-19,S37,S28,SC,45,False,225.0
2454,2025-02-19,S11,S18,S,35,False,140.0
2455,2025-02-19,S29,S6,R,115,True,1380.0
2456,2025-02-19,S33,S17,S,80,True,384.0
2457,2025-02-19,S26,S30,R,20,False,200.0
2458,2025-02-19,S3,S13,S,50,True,240.0
2459,2025-02-19,S39,S26,SC,65,False,325.0
2460,2025-02-19,S20,S32,R,60,True,720.0
2461,2025-02-19,S47,S22,SC,125,False,625.0
2462,2025-02-19,S31,S10,SC,105,True,630.0
2463,2025-02-19,S11,S36,R,125,False,1250.0
2464,2025-02-19,S22,S21,SC,5,False,25.0
2465,2025-02-19,S17,S14,SC,15,True,90.0
2466,2025-02-19,S11,S10,R,5,True,60.0
2467,2025-02-19,S15,S41,S,130,False,520.0
2468,2025-02-19,S35,S5,SC,150,True,900.0
2469,2025-02-19,S22,S46,SC,120,True,720.0
2470,2025-02-19,S30,S19,S,55,True,264.0
2471,2025-02-19,S13,S20,SC,35,True,210.0
2472,2025-02-19,S48,S23,S,125,True,600.0
2473,2025-02-19,S47,S7,SC,200,False,1000.0
2474,2025-02-19,S25,S22,SC,15,True,90.0
2475,2025-02-19,S3,S35,SC,160,True,960.0
2476,2025-02-19,S45,S12,R,165,True,1980.0
2477,2025-02-19,S31,S39,SC,40,False,200.0
2478,2025-02-19,S27,S19,SC,40,True,240.0
2479,2025-02-19,S8,S6,R,10,True,120.0
2480,2025-02-19,S36,S39,S,15,False,60.0
2481,2025-02-19,S33,S32,SC,5,True,30.0
2482,2025-02-19,S43,S18,R,125,True,1500.0
2483,2025-02-19,S1,S17,S,80,False,320.0
2484,2025-02-19,S12,S45,SC,165,False,825.0
2485,2025-02-19,S39,S20,SC,95,True,570.0
2486,2025-02-19,S47,S43,R,20,False,200.0
2487,2025-02-19,S4,S28,S,120,True,576.0
2488,2025-02-19,S4,S32,SC,140,True,840.0
2489,2025-02-19,S20,S4,R,80,True,960.0
2490,2025-02-19,S18,S36,S,90,False,360.0
2491,2025-02-19,S30,S47,SC,85,False,425.0
2492,2025-02-19,S8,S17,S,45,False,180.0
2493,2025-02-19,S19,S40,SC,105,False,525.0
2494,2025-02-19,S37,S28,R,45,True,540.0
2495,2025-02-19,S44,S46,S,10,False,40.0
2496,2025-02-19,S43,S15,SC,140,True,840.0
2497,2025-02-19,S38,S34,S,20,True,96.0
2498,2025-02-19,S5,S27,R,110,True,1320.0
2499,2025-02-19,S42,S48,S,30,True,144.0
2500,2025-02-19,S4,S14,S,50,True,240.0
2501,2025-02-20,S36,S16,SC,100,True,600.0
2502,2025-02-20,S33,S38,R,25,False,250.0
2503,2025-02-20,S8,S16,R,40,False,400.0
2504,2025-02-20,S40,S37,R,15,True,180.0
2505,2025-02-20,S25,S43,S,90,False,360.0
2506,2025-02-20,S25,S9,SC,80,True,480.0
2507,2025-02-20,S6,S3,SC,15,True,90.0
2508,2025-02-20,S10,S9,S,5,True,24.0
2509,2025-02-20,S7,S43,S,180,False,720.0
2510,2025-02-20,S45,S13,S,160,True,768.0
2511,2025-02-20,S42,S47,S,25,True,120.0
2512,2025-02-20,S28,S37,SC,45,False,225.0
2513,2025-02-20,S50,S29,SC,105,True,630.0
2514,2025-02-20,S37,S17,SC,100,False,500.0
2515,2025-02-20,S33,S21,SC,60,False,300.0
2516,2025-02-20,S17,S46,S,145,True,696.0
2517,2025-02-20,S37,S45,SC,40,False,200.0
2518,2025-02-20,S23,S22,SC,5,False,25.0
2519,2025-02-20,S42,S37,SC,25,True,150.0
2520,2025-02-20,S22,S50,R,140,True,1680.0
2521,2025-02-20,S29,S28,SC,5,True,30.0
2522,2025-02-20,S46,S23,S,115,False,460.0
2523,2025-02-20,S3,S45,S,210,True,1008.0
2524,2025-02-20,S13,S23,R,50,True,600.0
2525,2025-02-20,S5,S7,SC,10,False,50.0
2526,2025-02-20,S27,S28,R,5,True,60.0
2527,2025-02-20,S41,S46,S,25,False,100.0
2528,2025-02-20,S9,S33,S,120,False,480.0
2529,2025-02-20,S47,S24,S,115,False,460.0
2530,2025-02-20,S49,S9,S,200,True,960.0
2531,2025-02-20,S33,S32,R,5,True,60.0
2532,2025-02-20,S20,S6,S,70,False,280.0
2533,2025-02-20,S26,S12,R,70,False,700.0
2534,2025-02-20,S7,S17,R,50,True,600.0
2535,2025-02-20,S4,S26,S,110,True,528.0
2536,2025-02-20,S33,S29,S,20,False,80.0
2537,2025-02-20,S8,S29,S,105,True,504.0
2538,2025-02-20,S22,S2,SC,100,True,600.0
2539,2025-02-20,S5,S19,SC,70,True,420.0
2540,2025-02-20,S44,S22,SC,110,False,550.0
2541,2025-02-20,S3,S13,SC,50,True,300.0
2542,2025-02-20,S22,S12,R,50,False,500.0
2543,2025-02-20,S6,S49,SC,215,True,1290.0
2544,2025-02-20,S23,S28,S,25,True,120.0
2545,2025-02-20,S4,S18,S,70,True,336.0
2546,2025-02-20,S36,S18,SC,90,False,450.0
2547,2025-02-20,S25,S26,S,5,True,24.0
2548,2025-02-20,S29,S5,SC,120,True,720.0
2549,2025-02-20,S40,S12,SC,140,True,840.0
2550,2025-02-20,S7,S29,R,110,True,1320.0
2551,2025-02-21,S47,S17,R,150,False,1500.0
2552,2025-02-21,S39,S33,S,30,False,120.0
2553,2025-02-21,S44,S47,SC,15,True,90.0
2554,2025-02-21,S23,S9,SC,70,True,420.0
2555,2025-02-21,S16,S3,R,65,False,650.0
2556,2025-02-21,S23,S9,SC,70,True,420.0
2557,2025-02-21,S4,S18,S,70,True,336.0
2558,2025-02-21,S20,S32,SC,60,True,360.0
2559,2025-02-21,S4,S13,R,45,False,450.0
2560,2025-02-21,S20,S30,SC,50,False,250.0
2561,2025-02-21,S13,S45,R,160,False,1600.0
2562,2025-02-21,S27,S15,R,60,False,600.0
2563,2025-02-21,S17,S32,R,75,True,900.0
2564,2025-02-21,S10,S41,R,155,False,1550.0
2565,2025-02-21,S26,S20,S,30,True,144.0
2566,2025-02-21,S21,S22,SC,5,True,30.0
2567,2025-02-21,S43,S42,S,5,True,24.0
2568,2025-02-21,S42,S10,R,160,True,1920.0
2569,2025-02-21,S10,S41,S,155,True,744.0
2570,2025-02-21,S9,S20,SC,55,True,330.0
2571,2025-02-21,S32,S23,S,45,False,180.0
2572,2025-02-21,S27,S14,SC,65,True,390.0
2573,2025-02-21,S42,S9,S,165,True,792.0
2574,2025-02-21,S24,S41,R,85,True,1020.0
2575,2025-02-21,S39,S21,SC,90,False,450.0
2576,2025-02-21,S27,S34,S,35,True,168.0
2577,2025-02-21,S48,S33,SC,75,True,450.0
2578,2025-02-21,S23,S2,SC,105,True,630.0
2579,2025-02-21,S22,S40,SC,90,True,540.0
2580,2025-02-21,S25,S11,R,70,False,700.0
2581,2025-02-21,S40,S28,R,60,False,600.0
2582,2025-02-21,S7,S5,S,10,False,40.0
2583,2025-02-21,S28,S22,SC,30,True,180.0
2584,2025-02-21,S45,S19,R,130,True,1560.0
2585,2025-02-21,S36,S4,R,160,True,1920.0
2586,2025-02-21,S15,S47,R,160,False,1600.0
2587,2025-02-21,S23,S9,S,70,False,280.0
2588,2025-02-21,S45,S34,SC,55,True,330.0
2589,2025-02-21,S42,S50,S,40,False,160.0
2590,2025-02-21,S9,S19,SC,50,False,250.0
2591,2025-02-21,S12,S25,SC,65,True,390.0
2592,2025-02-21,S8,S24,S,80,False,320.0
2593,2025-02-21,S25,S36,R,55,True,660.0
2594,2025-02-21,S36,S37,R,5,False,50.0
2595,2025-02-21,S10,S17,R,35,True,420.0
2596,2025-02-21,S18,S11,R,35,True,420.0
2597,2025-02-21,S24,S41,S,85,True,408.0
2598,2025-02-21,S1,S2,SC,5,True,30.0
2599,2025-02-21,S4,S18,S,70,True,336.0
2600,2025-02-21,S46,S36,R,50,False,500.0
2601,2025-02-22,S39,S47,SC,40,False,200.0
2602,2025-02-22,S13,S29,R,80,True,960.0
2603,2025-02-22,S38,S14,S,120,False,480.0
2604,2025-02-22,S27,S34,SC,35,False,175.0
2605,2025-02-22,S49,S26,S,115,True,552.0
2606,2025-02-22,S3,S39,SC,180,True,1080.0
2607,2025-02-22,S3,S5,S,10,False,40.0
2608,2025-02-22,S8,S2,S,30,False,120.0
2609,2025-02-22,S37,S11,R,130,True,1560.0
2610,2025-02-22,S25,S47,R,110,True,1320.0
2611,2025-02-22,S37,S9,R,140,True,1680.0
2612,2025-02-22,S11,S33,S,110,False,440.0
2613,2025-02-22,S39,S25,S,70,True,336.0
2614,2025-02-22,S42,S16,S,130,True,624.0
2615,2025-02-22,S20,S1,R,95,True,1140.0
2616,2025-02-22,S40,S12,S,140,False,560.0
2617,2025-02-22,S19,S2,S,85,True,408.0
2618,2025-02-22,S40,S6,R,170,True,2040.0
2619,2025-02-22,S5,S37,SC,160,False,800.0
2620,2025-02-22,S36,S25,SC,55,True,330.0
2621,2025-02-22,S28,S12,S,80,False,320.0
2622,2025-02-22,S38,S28,R,50,True,600.0
2623,2025-02-22,S10,S18,R,40,False,400.0
2624,2025-02-22,S15,S19,R,20,False,200.0
2625,2025-02-22,S42,S47,SC,25,True,150.0
2626,2025-02-22,S48,S3,R,225,True,2700.0
2627,2025-02-22,S39,S29,R,50,False,500.0
2628,2025-02-22,S49,S1,R,240,False,2400.0
2629,2025-02-22,S33,S32,SC,5,False,25.0
2630,2025-02-22,S13,S34,R,105,True,1260.0
2631,2025-02-22,S46,S13,S,165,True,792.0
2632,2025-02-22,S12,S37,R,125,False,1250.0
2633,2025-02-22,S21,S39,R,90,True,1080.0
2634,2025-02-22,S4,S40,S,180,False,720.0
2635,2025-02-22,S40,S41,R,5,False,50.0
2636,2025-02-22,S12,S14,SC,10,False,50.0
2637,2025-02-22,S10,S18,S,40,True,192.0
2638,2025-02-22,S47,S43,S,20,False,80.0
2639,2025-02-22,S19,S34,R,75,True,900.0
2640,2025-02-22,S43,S13,R,150,True,1800.0
2641,2025-02-22,S13,S41,R,140,False,1400.0
2642,2025-02-22,S4,S29,S,125,False,500.0
2643,2025-02-22,S42,S27,S,75,False,300.0
2644,2025-02-22,S36,S49,SC,65,False,325.0
2645,2025-02-22,S38,S1,R,185,False,1850.0
2646,2025-02-22,S20,S35,R,75,False,750.0
2647,2025-02-22,S45,S20,R,125,True,1500.0
2648,2025-02-22,S44,S18,R,130,True,1560.0
2649,2025-02-22,S26,S23,R,15,False,150.0
2650,2025-02-22,S6,S25,S,95,False,380.0
2651,2025-02-23,S18,S16,R,10,False,100.0
2652,2025-02-23,S48,S50,SC,10,False,50.0
2653,2025-02-23,S12,S50,S,190,True,912.0
2654,2025-02-23,S42,S7,SC,175,False,875.0
2655,2025-02-23,S40,S49,R,45,True,540.0
2656,2025-02-23,S15,S23,SC,40,False,200.0
2657,2025-02-23,S8,S5,R,15,True,180.0
2658,2025-02-23,S3,S27,S,120,False,480.0
2659,2025-02-23,S35,S1,R,170,True,2040.0
2660,2025-02-23,S43,S3,R,200,False,2000.0
2661,2025-02-23,S32,S30,S,10,False,40.0
2662,2025-02-23,S31,S15,SC,80,True,480.0
2663,2025-02-23,S6,S34,R,140,True,1680.0
2664,2025-02-23,S1,S50,S,245,False,980.0
2665,2025-02-23,S8,S22,R,70,False,700.0
2666,2025-02-23,S47,S2,S,225,False,900.0
2667,2025-02-23,S16,S49,R,165,False,1650.0
2668,2025-02-23,S27,S25,SC,10,False,50.0
2669,2025-02-23,S11,S41,SC,150,False,750.0
2670,2025-02-23,S26,S50,SC,120,False,600.0
2671,2025-02-23,S45,S18,S,135,True,648.0
2672,2025-02-23,S16,S35,S,95,False,380.0
2673,2025-02-23,S13,S9,SC,20,False,100.0
2674,2025-02-23,S34,S49,R,75,False,750.0
2675,2025-02-23,S27,S6,SC,105,True,630.0
2676,2025-02-23,S44,S6,S,190,False,760.0
2677,2025-02-23,S13,S21,S,40,True,192.0
2678,2025-02-23,S50,S40,R,50,True,600.0
2679,2025-02-23,S36,S50,S,70,True,336.0
2680,2025-02-23,S49,S47,R,10,True,120.0
2681,2025-02-23,S36,S6,S,150,False,600.0
2682,2025-02-23,S1,S35,R,170,False,1700.0
2683,2025-02-23,S45,S6,SC,195,False,975.0
2684,2025-02-23,S19,S32,R,65,False,650.0
2685,2025-02-23,S8,S15,SC,35,True,210.0
2686,2025-02-23,S41,S34,R,35,True,420.0
2687,2025-02-23,S9,S24,S,75,False,300.0
2688,2025-02-23,S27,S14,S,65,False,260.0
2689,2025-02-23,S14,S27,SC,65,False,325.0
2690,2025-02-23,S6,S15,S,45,False,180.0
2691,2025-02-23,S22,S12,R,50,False,500.0
2692,2025-02-23,S50,S35,SC,75,True,450.0
2693,2025-02-23,S34,S45,S,55,False,220.0
2694,2025-02-23,S20,S1,S,95,True,456.0
2695,2025-02-23,S45,S19,S,130,False,520.0
2696,2025-02-23,S46,S24,S,110,False,440.0
2697,2025-02-23,S28,S33,R,25,True,300.0
2698,2025-02-23,S4,S35,R,155,False,1550.0
2699,2025-02-23,S33,S11,R,110,False,1100.0
2700,2025-02-23,S20,S23,S,15,False,60.0
2701,2025-02-24,S44,S1,S,215,False,860.0
2702,2025-02-24,S46,S45,R,5,False,50.0
2703,2025-02-24,S14,S11,R,15,True,180.0
2704,2025-02-24,S48,S4,R,220,True,2640.0
2705,2025-02-24,S43,S40,SC,15,False,75.0
2706,2025-02-24,S10,S25,S,75,True,360.0
2707,2025-02-24,S34,S5,SC,145,False,725.0
2708,2025-02-24,S48,S15,R,165,False,1650.0
2709,2025-02-24,S33,S45,SC,60,True,360.0
2710,2025-02-24,S15,S4,S,55,False,220.0
2711,2025-02-24,S19,S20,R,5,False,50.0
2712,2025-02-24,S23,S12,R,55,True,660.0
2713,2025-02-24,S36,S4,SC,160,False,800.0
2714,2025-02-24,S41,S42,SC,5,False,25.0
2715,2025-02-24,S2,S22,S,100,False,400.0
2716,2025-02-24,S25,S30,S,25,True,120.0
2717,2025-02-24,S19,S4,S,75,True,360.0
2718,2025-02-24,S50,S42,R,40,True,480.0
2719,2025-02-24,S38,S20,SC,90,False,450.0
2720,2025-02-24,S2,S46,R,220,False,2200.0
2721,2025-02-24,S11,S13,R,10,True,120.0
2722,2025-02-24,S23,S37,R,70,False,700.0
2723,2025-02-24,S12,S39,R,135,True,1620.0
2724,2025-02-24,S23,S20,R,15,False,150.0
2725,2025-02-24,S21,S31,S,50,False,200.0
2726,2025-02-24,S35,S21,R,70,True,840.0
2727,2025-02-24,S12,S23,SC,55,True,330.0
2728,2025-02-24,S18,S7,SC,55,False,275.0
2729,2025-02-24,S39,S14,SC,125,True,750.0
2730,2025-02-24,S4,S25,S,105,True,504.0
2731,2025-02-24,S37,S6,S,155,True,744.0
2732,2025-02-24,S47,S34,R,65,False,650.0
2733,2025-02-24,S36,S28,SC,40,True,240.0
2734,2025-02-24,S45,S25,S,100,True,480.0
2735,2025-02-24,S6,S27,SC,105,True,630.0
2736,2025-02-24,S21,S35,SC,70,False,350.0
2737,2025-02-24,S17,S31,SC,70,False,350.0
2738,2025-02-24,S20,S29,SC,45,False,225.0
2739,2025-02-24,S9,S27,R,90,False,900.0
2740,2025-02-24,S33,S38,SC,25,True,150.0
2741,2025-02-24,S14,S42,S,140,False,560.0
2742,2025-02-24,S10,S27,R,85,True,1020.0
2743,2025-02-24,S30,S21,SC,45,True,270.0
2744,2025-02-24,S13,S48,SC,175,True,1050.0
2745,2025-02-24,S37,S5,S,160,False,640.0
2746,2025-02-24,S27,S5,SC,110,False,550.0
2747,2025-02-24,S11,S9,S,10,True,48.0
2748,2025-02-24,S32,S43,S,55,True,264.0
2749,2025-02-24,S23,S4,S,95,False,380.0
2750,2025-02-24,S9,S45,S,180,True,864.0
2751,2025-02-25,S43,S13,SC,150,True,900.0
2752,2025-02-25,S30,S27,R,15,False,150.0
2753,2025-02-25,S32,S19,S,65,False,260.0
2754,2025-02-25,S14,S17,SC,15,True,90.0
2755,2025-02-25,S2,S12,SC,50,True,300.0
2756,2025-02-25,S6,S38,S,160,True,768.0
2757,2025-02-25,S47,S1,S,230,False,920.0
2758,2025-02-25,S13,S26,S,65,True,312.0
2759,2025-02-25,S17,S42,SC,125,True,750.0
2760,2025-02-25,S19,S4,S,75,True,360.0
2761,2025-02-25,S6,S41,R,175,False,1750.0
2762,2025-02-25,S9,S26,SC,85,False,425.0
2763,2025-02-25,S21,S37,S,80,False,320.0
2764,2025-02-25,S16,S5,SC,55,True,330.0
2765,2025-02-25,S13,S36,S,115,True,552.0
2766,2025-02-25,S45,S43,S,10,True,48.0
2767,2025-02-25,S38,S7,SC,155,False,775.0
2768,2025-02-25,S22,S19,R,15,True,180.0
2769,2025-02-25,S9,S42,SC,165,True,990.0
2770,2025-02-25,S37,S7,SC,150,True,900.0
2771,2025-02-25,S26,S15,SC,55,True,330.0
2772,2025-02-25,S30,S16,R,70,False,700.0
2773,2025-02-25,S1,S21,SC,100,True,600.0
2774,2025-02-25,S3,S33,SC,150,True,900.0
2775,2025-02-25,S20,S28,S,40,False,160.0
2776,2025-02-25,S15,S28,R,65,False,650.0
2777,2025-02-25,S45,S8,SC,185,False,925.0
2778,2025-02-25,S45,S8,S,185,False,740.0
2779,2025-02-25,S39,S44,S,25,True,120.0
2780,2025-02-25,S36,S26,S,50,True,240.0
2781,2025-02-25,S41,S6,R,175,False,1750.0
2782,2025-02-25,S1,S44,SC,215,False,1075.0
2783,2025-02-25,S36,S27,R,45,True,540.0
2784,2025-02-25,S15,S5,S,50,True,240.0
2785,2025-02-25,S7,S26,S,95,False,380.0
2786,2025-02-25,S22,S23,S,5,False,20.0
2787,2025-02-25,S16,S24,S,40,False,160.0
2788,2025-02-25,S25,S41,R,80,True,960.0
2789,2025-02-25,S22,S21,R,5,False,50.0
2790,2025-02-25,S27,S32,S,25,True,120.0
2791,2025-02-25,S24,S1,R,115,True,1380.0
2792,2025-02-25,S14,S46,SC,160,True,960.0
2793,2025-02-25,S14,S18,R,20,False,200.0
2794,2025-02-25,S47,S50,S,15,False,60.0
2795,2025-02-25,S10,S32,R,110,True,1320.0
2796,2025-02-25,S37,S3,SC,170,True,1020.0
2797,2025-02-25,S35,S44,R,45,False,450.0
2798,2025-02-25,S38,S18,SC,100,False,500.0
2799,2025-02-25,S5,S13,S,40,False,160.0
2800,2025-02-25,S28,S32,R,20,True,240.0
2801,2025-02-26,S30,S37,S,35,False,140.0
2802,2025-02-26,S48,S47,R,5,False,50.0
2803,2025-02-26,S17,S25,R,40,True,480.0
2804,2025-02-26,S48,S7,R,205,False,2050.0
2805,2025-02-26,S38,S48,R,50,False,500.0
2806,2025-02-26,S46,S38,S,40,True,192.0
2807,2025-02-26,S24,S5,S,95,False,380.0
2808,2025-02-26,S34,S17,SC,85,True,510.0
2809,2025-02-26,S45,S48,S,15,False,60.0
2810,2025-02-26,S5,S42,SC,185,True,1110.0
2811,2025-02-26,S19,S32,R,65,False,650.0
2812,2025-02-26,S20,S14,R,30,True,360.0
2813,2025-02-26,S9,S14,S,25,True,120.0
2814,2025-02-26,S32,S46,R,70,True,840.0
2815,2025-02-26,S39,S18,S,105,False,420.0
2816,2025-02-26,S48,S16,S,160,False,640.0
2817,2025-02-26,S43,S19,SC,120,True,720.0
2818,2025-02-26,S35,S44,SC,45,False,225.0
2819,2025-02-26,S41,S49,S,40,False,160.0
2820,2025-02-26,S5,S14,SC,45,True,270.0
2821,2025-02-26,S38,S2,SC,180,False,900.0
2822,2025-02-26,S48,S28,SC,100,True,600.0
2823,2025-02-26,S14,S47,SC,165,True,990.0
2824,2025-02-26,S49,S2,SC,235,False,1175.0
2825,2025-02-26,S28,S10,R,90,False,900.0
2826,2025-02-26,S16,S15,R,5,False,50.0
2827,2025-02-26,S48,S46,SC,10,False,50.0
2828,2025-02-26,S8,S12,R,20,True,240.0
2829,2025-02-26,S42,S41,S,5,False,20.0
2830,2025-02-26,S24,S44,R,100,True,1200.0
2831,2025-02-26,S45,S21,SC,120,False,600.0
2832,2025-02-26,S2,S49,SC,235,True,1410.0
2833,2025-02-26,S43,S50,S,35,False,140.0
2834,2025-02-26,S23,S27,R,20,False,200.0
2835,2025-02-26,S47,S49,S,10,False,40.0
2836,2025-02-26,S44,S31,S,65,True,312.0
2837,2025-02-26,S39,S21,S,90,False,360.0
2838,2025-02-26,S35,S2,SC,165,True,990.0
2839,2025-02-26,S50,S21,R,145,False,1450.0
2840,2025-02-26,S2,S13,R,55,True,660.0
2841,2025-02-26,S33,S16,S,85,False,340.0
2842,2025-02-26,S45,S5,S,200,True,960.0
2843,2025-02-26,S32,S18,S,70,True,336.0
2844,2025-02-26,S15,S6,S,45,True,216.0
2845,2025-02-26,S12,S27,SC,75,False,375.0
2846,2025-02-26,S49,S32,R,85,True,1020.0
2847,2025-02-26,S34,S11,S,115,False,460.0
2848,2025-02-26,S1,S27,S,130,False,520.0
2849,2025-02-26,S9,S35,S,130,True,624.0
2850,2025-02-26,S26,S47,R,105,True,1260.0
2851,2025-02-27,S49,S39,SC,50,True,300.0
2852,2025-02-27,S12,S10,SC,10,False,50.0
2853,2025-02-27,S36,S18,R,90,False,900.0
2854,2025-02-27,S31,S2,SC,145,True,870.0
2855,2025-02-27,S2,S43,SC,205,False,1025.0
2856,2025-02-27,S3,S6,R,15,True,180.0
2857,2025-02-27,S12,S45,S,165,True,792.0
2858,2025-02-27,S25,S8,SC,85,False,425.0
2859,2025-02-27,S30,S23,R,35,True,420.0
2860,2025-02-27,S10,S45,S,175,True,840.0
2861,2025-02-27,S23,S29,SC,30,False,150.0
2862,2025-02-27,S38,S8,R,150,True,1800.0
2863,2025-02-27,S22,S43,S,105,False,420.0
2864,2025-02-27,S18,S43,S,125,False,500.0
2865,2025-02-27,S33,S10,S,115,False,460.0
2866,2025-02-27,S48,S32,S,80,False,320.0
2867,2025-02-27,S20,S1,SC,95,False,475.0
2868,2025-02-27,S23,S2,SC,105,False,525.0
2869,2025-02-27,S6,S2,SC,20,False,100.0
2870,2025-02-27,S12,S6,R,30,False,300.0
2871,2025-02-27,S17,S30,SC,65,False,325.0
2872,2025-02-27,S45,S37,S,40,True,192.0
2873,2025-02-27,S46,S3,S,215,True,1032.0
2874,2025-02-27,S45,S38,SC,35,True,210.0
2875,2025-02-27,S42,S8,SC,170,True,1020.0
2876,2025-02-27,S22,S1,R,105,True,1260.0
2877,2025-02-27,S5,S30,R,125,True,1500.0
2878,2025-02-27,S47,S14,R,165,False,1650.0
2879,2025-02-27,S6,S40,R,170,False,1700.0
2880,2025-02-27,S2,S42,SC,200,True,1200.0
2881,2025-02-27,S40,S11,SC,145,True,870.0
2882,2025-02-27,S44,S6,SC,190,False,950.0
2883,2025-02-27,S24,S18,S,30,True,144.0
2884,2025-02-27,S29,S16,SC,65,True,390.0
2885,2025-02-27,S11,S33,S,110,True,528.0
2886,2025-02-27,S1,S7,R,30,True,360.0
2887,2025-02-27,S9,S17,SC,40,False,200.0
2888,2025-02-27,S23,S33,SC,50,True,300.0
2889,2025-02-27,S31,S1,SC,150,False,750.0
2890,2025-02-27,S27,S15,S,60,False,240.0
2891,2025-02-27,S15,S50,S,175,True,840.0
2892,2025-02-27,S39,S3,SC,180,False,900.0
2893,2025-02-27,S46,S5,S,205,True,984.0
2894,2025-02-27,S29,S45,S,80,True,384.0
2895,2025-02-27,S16,S44,SC,140,False,700.0
2896,2025-02-27,S35,S31,S,20,True,96.0
2897,2025-02-27,S49,S26,R,115,True,1380.0
2898,2025-02-27,S23,S28,S,25,True,120.0
2899,2025-02-27,S22,S48,S,130,True,624.0
2900,2025-02-27,S42,S21,R,105,False,1050.0
2901,2025-02-28,S37,S12,R,125,True,1500.0
2902,2025-02-28,S45,S37,SC,40,False,200.0
2903,2025-02-28,S19,S23,SC,20,False,100.0
2904,2025-02-28,S7,S28,S,105,False,420.0
2905,2025-02-28,S49,S1,R,240,True,2880.0
2906,2025-02-28,S13,S4,SC,45,False,225.0
2907,2025-02-28,S8,S31,SC,115,False,575.0
2908,2025-02-28,S27,S13,S,70,True,336.0
2909,2025-02-28,S26,S34,SC,40,False,200.0
2910,2025-02-28,S28,S4,SC,120,False,600.0
2911,2025-02-28,S1,S46,SC,225,False,1125.0
2912,2025-02-28,S33,S16,SC,85,True,510.0
2913,2025-02-28,S29,S21,R,40,True,480.0
2914,2025-02-28,S10,S38,S,140,True,672.0
2915,2025-02-28,S5,S6,R,5,False,50.0
2916,2025-02-28,S12,S26,R,70,False,700.0
2917,2025-02-28,S49,S8,S,205,False,820.0
2918,2025-02-28,S45,S37,SC,40,False,200.0
2919,2025-02-28,S14,S35,SC,105,True,630.0
2920,2025-02-28,S24,S27,S,15,False,60.0
2921,2025-02-28,S37,S33,R,20,True,240.0
2922,2025-02-28,S17,S31,S,70,False,280.0
2923,2025-02-28,S39,S8,R,155,True,1860.0
2924,2025-02-28,S9,S43,S,170,False,680.0
2925,2025-02-28,S47,S44,S,15,False,60.0
2926,2025-02-28,S3,S4,R,5,True,60.0
2927,2025-02-28,S31,S34,S,15,False,60.0
2928,2025-02-28,S24,S41,R,85,False,850.0
2929,2025-02-28,S7,S4,S,15,True,72.0
2930,2025-02-28,S28,S36,SC,40,False,200.0
2931,2025-02-28,S33,S2,SC,155,False,775.0
2932,2025-02-28,S2,S21,S,95,False,380.0
2933,2025-02-28,S31,S20,S,55,False,220.0
2934,2025-02-28,S18,S12,SC,30,False,150.0
2935,2025-02-28,S26,S47,S,105,False,420.0
2936,2025-02-28,S31,S49,S,90,True,432.0
2937,2025-02-28,S20,S31,R,55,True,660.0
2938,2025-02-28,S12,S38,SC,130,False,650.0
2939,2025-02-28,S23,S7,S,80,False,320.0
2940,2025-02-28,S18,S23,S,25,False,100.0
2941,2025-02-28,S35,S31,S,20,False,80.0
2942,2025-02-28,S19,S42,R,115,False,1150.0
2943,2025-02-28,S23,S19,S,20,False,80.0
2944,2025-02-28,S5,S38,SC,165,False,825.0
2945,2025-02-28,S2,S28,SC,130,True,780.0
2946,2025-02-28,S50,S49,SC,5,True,30.0
2947,2025-02-28,S9,S35,SC,130,False,650.0
2948,2025-02-28,S36,S29,R,35,True,420.0
2949,2025-02-28,S49,S14,R,175,False,1750.0
2950,2025-02-28,S12,S5,R,35,True,420.0
2951,2025-03-01,S50,S37,R,65,False,650.0
2952,2025-03-01,S48,S33,SC,75,False,375.0
2953,2025-03-01,S3,S22,S,95,True,456.0
2954,2025-03-01,S25,S14,S,55,True,264.0
2955,2025-03-01,S20,S49,S,145,False,580.0
2956,2025-03-01,S50,S7,SC,215,True,1290.0
2957,2025-03-01,S16,S20,R,20,False,200.0
2958,2025-03-01,S3,S29,R,130,True,1560.0
2959,2025-03-01,S19,S28,S,45,False,180.0
2960,2025-03-01,S36,S9,R,135,True,1620.0
2961,2025-03-01,S10,S13,R,15,True,180.0
2962,2025-03-01,S7,S33,S,130,True,624.0
2963,2025-03-01,S47,S48,S,5,True,24.0
2964,2025-03-01,S13,S28,R,75,False,750.0
2965,2025-03-01,S26,S11,SC,75,True,450.0
2966,2025-03-01,S3,S33,R,150,True,1800.0
2967,2025-03-01,S5,S40,R,175,True,2100.0
2968,2025-03-01,S6,S16,R,50,False,500.0
2969,2025-03-01,S21,S14,R,35,True,420.0
2970,2025-03-01,S48,S2,S,230,False,920.0
2971,2025-03-01,S23,S14,R,45,False,450.0
2972,2025-03-01,S15,S12,SC,15,False,75.0
2973,2025-03-01,S26,S47,S,105,False,420.0
2974,2025-03-01,S36,S6,SC,150,False,750.0
2975,2025-03-01,S33,S6,S,135,False,540.0
2976,2025-03-01,S1,S26,R,125,False,1250.0
2977,2025-03-01,S28,S34,SC,30,True,180.0
2978,2025-03-01,S43,S30,S,65,True,312.0
2979,2025-03-01,S43,S36,R,35,True,420.0
2980,2025-03-01,S1,S8,S,35,False,140.0
2981,2025-03-01,S35,S40,S,25,True,120.0
2982,2025-03-01,S1,S50,S,245,False,980.0
2983,2025-03-01,S19,S32,S,65,True,312.0
2984,2025-03-01,S19,S21,R,10,True,120.0
2985,2025-03-01,S38,S45,R,35,True,420.0
2986,2025-03-01,S12,S31,S,95,False,380.0
2987,2025-03-01,S38,S2,SC,180,True,1080.0
2988,2025-03-01,S37,S4,R,165,True,1980.0
2989,2025-03-01,S44,S16,R,140,False,1400.0
2990,2025-03-01,S37,S27,SC,50,True,300.0
2991,2025-03-01,S3,S46,S,215,False,860.0
2992,2025-03-01,S16,S3,SC,65,False,325.0
2993,2025-03-01,S16,S45,S,145,True,696.0
2994,2025-03-01,S2,S27,SC,125,True,750.0
2995,2025-03-01,S38,S15,R,115,True,1380.0
2996,2025-03-01,S21,S49,R,140,False,1400.0
2997,2025-03-01,S43,S14,R,145,True,1740.0
2998,2025-03-01,S21,S41,R,100,False,1000.0
2999,2025-03-01,S48,S24,SC,120,True,720.0
3000,2025-03-01,S36,S39,SC,15,False,75.0
3001,2025-03-02,S33,S40,R,35,False,350.0
3002,2025-03-02,S47,S27,SC,100,False,500.0
3003,2025-03-02,S5,S31,S,130,True,624.0
3004,2025-03-02,S2,S8,S,30,False,120.0
3005,2025-03-02,S38,S12,SC,130,True,780.0
3006,2025-03-02,S31,S44,R,65,False,650.0
3007,2025-03-02,S10,S32,SC,110,False,550.0
3008,2025-03-02,S16,S10,R,30,True,360.0
3009,2025-03-02,S48,S45,SC,15,False,75.0
3010,2025-03-02,S20,S40,R,100,False,1000.0
3011,2025-03-02,S23,S19,SC,20,False,100.0
3012,2025-03-02,S24,S35,SC,55,True,330.0
3013,2025-03-02,S42,S2,SC,200,True,1200.0
3014,2025-03-02,S20,S19,SC,5,False,25.0
3015,2025-03-02,S16,S23,R,35,False,350.0
3016,2025-03-02,S45,S18,SC,135,True,810.0
3017,2025-03-02,S2,S9,SC,35,False,175.0
3018,2025-03-02,S24,S29,S,25,False,100.0
3019,2025-03-02,S33,S47,SC,70,False,350.0
3020,2025-03-02,S25,S36,SC,55,True,330.0
3021,2025-03-02,S38,S7,S,155,True,744.0
3022,2025-03-02,S18,S19,SC,5,False,25.0
3023,2025-03-02,S34,S3,R,155,True,1860.0
3024,2025-03-02,S32,S41,R,45,False,450.0
3025,2025-03-02,S47,S40,R,35,True,420.0
3026,2025-03-02,S19,S25,R,30,True,360.0
3027,2025-03-02,S4,S41,S,185,False,740.0
3028,2025-03-02,S45,S15,R,150,False,1500.0
3029,2025-03-02,S25,S24,R,5,False,50.0
3030,2025-03-02,S31,S15,S,80,False,320.0
3031,2025-03-02,S25,S26,S,5,True,24.0
3032,2025-03-02,S17,S7,R,50,False,500.0
3033,2025-03-02,S7,S12,SC,25,True,150.0
3034,2025-03-02,S22,S35,SC,65,False,325.0
3035,2025-03-02,S17,S18,R,5,True,60.0
3036,2025-03-02,S9,S3,SC,30,False,150.0
3037,2025-03-02,S17,S25,S,40,True,192.0
3038,2025-03-02,S25,S35,R,50,True,600.0
3039,2025-03-02,S37,S10,S,135,True,648.0
3040,2025-03-02,S20,S48,S,140,True,672.0
3041,2025-03-02,S41,S40,SC,5,False,25.0
3042,2025-03-02,S2,S42,SC,200,False,1000.0
3043,2025-03-02,S6,S44,R,190,False,1900.0
3044,2025-03-02,S7,S45,R,190,True,2280.0
3045,2025-03-02,S10,S27,R,85,False,850.0
3046,2025-03-02,S35,S21,R,70,False,700.0
3047,2025-03-02,S21,S26,S,25,False,100.0
3048,2025-03-02,S19,S18,SC,5,False,25.0
3049,2025-03-02,S10,S34,S,120,True,576.0
3050,2025-03-02,S33,S25,S,40,False,160.0
3051,2025-03-03,S23,S1,S,110,True,528.0
3052,2025-03-03,S26,S19,R,35,False,350.0
3053,2025-03-03,S29,S30,S,5,True,24.0
3054,2025-03-03,S15,S18,S,15,True,72.0
3055,2025-03-03,S32,S42,R,50,True,600.0
3056,2025-03-03,S25,S39,SC,70,False,350.0
3057,2025-03-03,S40,S41,R,5,False,50.0
3058,2025-03-03,S47,S44,R,15,False,150.0
3059,2025-03-03,S2,S30,S,140,False,560.0
3060,2025-03-03,S10,S29,S,95,False,380.0
3061,2025-03-03,S43,S25,S,90,False,360.0
3062,2025-03-03,S2,S20,S,90,False,360.0
3063,2025-03-03,S15,S45,S,150,True,720.0
3064,2025-03-03,S29,S6,R,115,True,1380.0
3065,2025-03-03,S38,S14,SC,120,True,720.0
3066,2025-03-03,S23,S44,SC,105,False,525.0
3067,2025-03-03,S44,S38,R,30,True,360.0
3068,2025-03-03,S37,S28,R,45,False,450.0
3069,2025-03-03,S25,S6,SC,95,True,570.0
3070,2025-03-03,S29,S2,SC,135,False,675.0
3071,2025-03-03,S27,S29,R,10,True,120.0
3072,2025-03-03,S30,S39,SC,45,False,225.0
3073,2025-03-03,S32,S33,R,5,True,60.0
3074,2025-03-03,S4,S23,SC,95,False,475.0
3075,2025-03-03,S7,S25,S,90,False,360.0
3076,2025-03-03,S43,S38,S,25,False,100.0
3077,2025-03-03,S19,S16,SC,15,False,75.0
3078,2025-03-03,S5,S18,S,65,False,260.0
3079,2025-03-03,S30,S14,R,80,True,960.0
3080,2025-03-03,S15,S18,SC,15,False,75.0
3081,2025-03-03,S44,S31,S,65,False,260.0
3082,2025-03-03,S44,S4,S,200,True,960.0
3083,2025-03-03,S6,S43,S,185,False,740.0
3084,2025-03-03,S5,S24,R,95,False,950.0
3085,2025-03-03,S29,S13,S,80,False,320.0
3086,2025-03-03,S27,S20,SC,35,False,175.0
3087,2025-03-03,S6,S24,S,90,True,432.0
3088,2025-03-03,S21,S26,S,25,True,120.0
3089,2025-03-03,S4,S34,SC,150,False,750.0
3090,2025-03-03,S16,S15,R,5,True,60.0
3091,2025-03-03,S5,S13,S,40,False,160.0
3092,2025-03-03,S47,S36,R,55,True,660.0
3093,2025-03-03,S34,S17,S,85,False,340.0
3094,2025-03-03,S6,S45,S,195,False,780.0
3095,2025-03-03,S44,S29,S,75,False,300.0
3096,2025-03-03,S25,S23,S,10,False,40.0
3097,2025-03-03,S47,S50,S,15,False,60.0
3098,2025-03-03,S44,S2,S,210,False,840.0
3099,2025-03-03,S8,S18,SC,50,True,300.0
3100,2025-03-03,S45,S33,S,60,True,288.0
3101,2025-03-04,S16,S33,S,85,True,408.0
3102,2025-03-04,S10,S2,SC,40,True,240.0
3103,2025-03-04,S39,S18,SC,105,True,630.0
3104,2025-03-04,S43,S27,R,80,True,960.0
3105,2025-03-04,S20,S10,SC,50,False,250.0
3106,2025-03-04,S29,S47,SC,90,False,450.0
3107,2025-03-04,S39,S7,S,160,True,768.0
3108,2025-03-04,S8,S50,SC,210,False,1050.0
3109,2025-03-04,S20,S32,SC,60,False,300.0
3110,2025-03-04,S20,S27,S,35,True,168.0
3111,2025-03-04,S12,S19,SC,35,False,175.0
3112,2025-03-04,S13,S32,R,95,False,950.0
3113,2025-03-04,S10,S15,SC,25,False,125.0
3114,2025-03-04,S26,S17,SC,45,True,270.0
3115,2025-03-04,S48,S2,R,230,True,2760.0
3116,2025-03-04,S41,S23,SC,90,True,540.0
3117,2025-03-04,S44,S13,R,155,False,1550.0
3118,2025-03-04,S50,S34,R,80,True,960.0
3119,2025-03-04,S43,S35,S,40,False,160.0
3120,2025-03-04,S36,S50,SC,70,False,350.0
3121,2025-03-04,S49,S34,R,75,False,750.0
3122,2025-03-04,S5,S46,S,205,False,820.0
3123,2025-03-04,S29,S49,S,100,True,480.0
3124,2025-03-04,S46,S29,SC,85,False,425.0
3125,2025-03-04,S18,S4,R,70,False,700.0
3126,2025-03-04,S19,S8,R,55,True,660.0
3127,2025-03-04,S19,S16,SC,15,False,75.0
3128,2025-03-04,S5,S39,SC,170,True,1020.0
3129,2025-03-04,S49,S30,S,95,True,456.0
3130,2025-03-04,S8,S25,R,85,False,850.0
3131,2025-03-04,S41,S27,SC,70,False,350.0
3132,2025-03-04,S23,S31,SC,40,True,240.0
3133,2025-03-04,S28,S21,SC,35,False,175.0
3134,2025-03-04,S32,S3,R,145,False,1450.0
3135,2025-03-04,S16,S45,R,145,False,1450.0
3136,2025-03-04,S33,S14,SC,95,True,570.0
3137,2025-03-04,S9,S26,S,85,False,340.0
3138,2025-03-04,S20,S44,R,120,True,1440.0
3139,2025-03-04,S43,S22,R,105,False,1050.0
3140,2025-03-04,S30,S11,S,95,True,456.0
3141,2025-03-04,S50,S32,R,90,True,1080.0
3142,2025-03-04,S18,S48,S,150,False,600.0
3143,2025-03-04,S18,S32,SC,70,False,350.0
3144,2025-03-04,S18,S16,SC,10,False,50.0
3145,2025-03-04,S9,S15,SC,30,False,150.0
3146,2025-03-04,S35,S24,R,55,False,550.0
3147,2025-03-04,S7,S10,SC,15,False,75.0
3148,2025-03-04,S38,S5,S,165,True,792.0
3149,2025-03-04,S36,S43,S,35,True,168.0
3150,2025-03-04,S43,S16,R,135,True,1620.0
3151,2025-03-05,S16,S23,S,35,True,168.0
3152,2025-03-05,S21,S9,S,60,False,240.0
3153,2025-03-05,S48,S6,R,210,True,2520.0
3154,2025-03-05,S35,S34,SC,5,False,25.0
3155,2025-03-05,S2,S3,SC,5,True,30.0
3156,2025-03-05,S16,S24,S,40,False,160.0
3157,2025-03-05,S17,S44,R,135,True,1620.0
3158,2025-03-05,S39,S8,R,155,False,1550.0
3159,2025-03-05,S26,S37,R,55,True,660.0
3160,2025-03-05,S16,S5,R,55,True,660.0
3161,2025-03-05,S15,S16,SC,5,True,30.0
3162,2025-03-05,S8,S41,S,165,True,792.0
3163,2025-03-05,S34,S48,SC,70,True,420.0
3164,2025-03-05,S21,S43,R,110,True,1320.0
3165,2025-03-05,S29,S32,S,15,False,60.0
3166,2025-03-05,S34,S25,S,45,True,216.0
3167,2025-03-05,S1,S42,R,205,False,2050.0
3168,2025-03-05,S19,S33,R,70,True,840.0
3169,2025-03-05,S14,S47,SC,165,True,990.0
3170,2025-03-05,S12,S28,S,80,True,384.0
3171,2025-03-05,S35,S24,R,55,False,550.0
3172,2025-03-05,S47,S27,S,100,True,480.0
3173,2025-03-05,S15,S21,S,30,False,120.0
3174,2025-03-05,S8,S22,S,70,True,336.0
3175,2025-03-05,S29,S48,S,95,False,380.0
3176,2025-03-05,S21,S11,SC,50,True,300.0
3177,2025-03-05,S17,S34,SC,85,False,425.0
3178,2025-03-05,S4,S10,S,30,True,144.0
3179,2025-03-05,S11,S39,R,140,True,1680.0
3180,2025-03-05,S22,S47,SC,125,True,750.0
3181,2025-03-05,S19,S26,SC,35,True,210.0
3182,2025-03-05,S5,S31,R,130,False,1300.0
3183,2025-03-05,S1,S41,SC,200,False,1000.0
3184,2025-03-05,S48,S12,S,180,False,720.0
3185,2025-03-05,S46,S33,SC,65,False,325.0
3186,2025-03-05,S7,S42,SC,175,True,1050.0
3187,2025-03-05,S15,S20,SC,25,False,125.0
3188,2025-03-05,S28,S2,SC,130,False,650.0
3189,2025-03-05,S28,S44,SC,80,True,480.0
3190,2025-03-05,S33,S50,S,85,False,340.0
3191,2025-03-05,S3,S33,R,150,False,1500.0
3192,2025-03-05,S15,S34,SC,95,True,570.0
3193,2025-03-05,S11,S15,SC,20,True,120.0
3194,2025-03-05,S43,S23,S,100,False,400.0
3195,2025-03-05,S22,S26,SC,20,True,120.0
3196,2025-03-05,S3,S9,R,30,True,360.0
3197,2025-03-05,S18,S33,R,75,True,900.0
3198,2025-03-05,S38,S23,SC,75,False,375.0
3199,2025-03-05,S44,S14,SC,150,False,750.0
3200,2025-03-05,S45,S46,S,5,False,20.0
3201,2025-03-06,S36,S41,R,25,False,250.0
3202,2025-03-06,S21,S17,S,20,True,96.0
3203,2025-03-06,S47,S50,R,15,False,150.0
3204,2025-03-06,S37,S23,R,70,False,700.0
3205,2025-03-06,S39,S47,R,40,True,480.0
3206,2025-03-06,S17,S7,R,50,True,600.0
3207,2025-03-06,S15,S44,R,145,False,1450.0
3208,2025-03-06,S28,S42,S,70,False,280.0
3209,2025-03-06,S49,S13,S,180,False,720.0
3210,2025-03-06,S19,S5,S,70,True,336.0
3211,2025-03-06,S46,S27,S,95,False,380.0
3212,2025-03-06,S13,S1,R,60,False,600.0
3213,2025-03-06,S20,S9,SC,55,False,275.0
3214,2025-03-06,S32,S36,R,20,True,240.0
3215,2025-03-06,S18,S21,SC,15,True,90.0
3216,2025-03-06,S6,S47,R,205,True,2460.0
3217,2025-03-06,S1,S5,SC,20,True,120.0
3218,2025-03-06,S21,S6,R,75,True,900.0
3219,2025-03-06,S15,S14,S,5,True,24.0
3220,2025-03-06,S6,S29,SC,115,True,690.0
3221,2025-03-06,S48,S26,S,110,False,440.0
3222,2025-03-06,S23,S40,S,85,True,408.0
3223,2025-03-06,S15,S9,SC,30,False,150.0
3224,2025-03-06,S18,S16,SC,10,False,50.0
3225,2025-03-06,S19,S28,SC,45,False,225.0
3226,2025-03-06,S36,S21,R,75,True,900.0
3227,2025-03-06,S48,S6,SC,210,True,1260.0
3228,2025-03-06,S49,S50,S,5,True,24.0
3229,2025-03-06,S11,S27,S,80,False,320.0
3230,2025-03-06,S17,S42,S,125,False,500.0
3231,2025-03-06,S7,S33,R,130,False,1300.0
3232,2025-03-06,S18,S45,SC,135,False,675.0
3233,2025-03-06,S1,S27,S,130,True,624.0
3234,2025-03-06,S44,S22,SC,110,False,550.0
3235,2025-03-06,S15,S28,R,65,False,650.0
3236,2025-03-06,S18,S30,S,60,True,288.0
3237,2025-03-06,S21,S35,S,70,True,336.0
3238,2025-03-06,S16,S39,S,115,False,460.0
3239,2025-03-06,S3,S39,S,180,False,720.0
3240,2025-03-06,S20,S31,S,55,False,220.0
3241,2025-03-06,S20,S50,SC,150,True,900.0
3242,2025-03-06,S33,S11,R,110,True,1320.0
3243,2025-03-06,S45,S50,SC,25,False,125.0
3244,2025-03-06,S23,S41,R,90,False,900.0
3245,2025-03-06,S11,S9,SC,10,True,60.0
3246,2025-03-06,S20,S41,R,105,True,1260.0
3247,2025-03-06,S10,S49,S,195,False,780.0
3248,2025-03-06,S32,S5,SC,135,False,675.0
3249,2025-03-06,S7,S3,S,20,True,96.0
3250,2025-03-06,S2,S40,R,190,False,1900.0
3251,2025-03-07,S32,S4,S,140,False,560.0
3252,2025-03-07,S6,S44,S,190,True,912.0
3253,2025-03-07,S28,S45,S,85,True,408.0
3254,2025-03-07,S4,S48,S,220,False,880.0
3255,2025-03-07,S48,S1,S,235,True,1128.0
3256,2025-03-07,S16,S34,R,90,False,900.0
3257,2025-03-07,S16,S17,R,5,True,60.0
3258,2025-03-07,S42,S17,R,125,True,1500.0
3259,2025-03-07,S44,S29,R,75,True,900.0
3260,2025-03-07,S31,S3,S,140,True,672.0
3261,2025-03-07,S49,S37,S,60,False,240.0
3262,2025-03-07,S4,S25,SC,105,False,525.0
3263,2025-03-07,S48,S5,R,215,True,2580.0
3264,2025-03-07,S39,S3,SC,180,True,1080.0
3265,2025-03-07,S7,S28,R,105,False,1050.0
3266,2025-03-07,S33,S10,SC,115,False,575.0
3267,2025-03-07,S35,S13,S,110,True,528.0
3268,2025-03-07,S37,S1,R,180,False,1800.0
3269,2025-03-07,S9,S17,S,40,False,160.0
3270,2025-03-07,S32,S2,SC,150,True,900.0
3271,2025-03-07,S33,S34,SC,5,False,25.0
3272,2025-03-07,S30,S39,R,45,True,540.0
3273,2025-03-07,S29,S15,SC,70,False,350.0
3274,2025-03-07,S44,S49,SC,25,False,125.0
3275,2025-03-07,S10,S2,R,40,False,400.0
3276,2025-03-07,S26,S19,R,35,False,350.0
3277,2025-03-07,S46,S45,R,5,False,50.0
3278,2025-03-07,S28,S6,R,110,False,1100.0
3279,2025-03-07,S23,S32,SC,45,True,270.0
3280,2025-03-07,S42,S8,R,170,False,1700.0
3281,2025-03-07,S7,S41,S,170,True,816.0
3282,2025-03-07,S33,S22,S,55,False,220.0
3283,2025-03-07,S25,S29,SC,20,False,100.0
3284,2025-03-07,S4,S19,R,75,False,750.0
3285,2025-03-07,S25,S3,SC,110,False,550.0
3286,2025-03-07,S24,S13,S,55,False,220.0
3287,2025-03-07,S33,S49,S,80,False,320.0
3288,2025-03-07,S5,S2,R,15,True,180.0
3289,2025-03-07,S28,S47,SC,95,False,475.0
3290,2025-03-07,S29,S47,S,90,False,360.0
3291,2025-03-07,S34,S7,R,135,True,1620.0
3292,2025-03-07,S12,S17,R,25,False,250.0
3293,2025-03-07,S16,S40,SC,120,False,600.0
3294,2025-03-07,S8,S3,S,25,False,100.0
3295,2025-03-07,S32,S21,S,55,True,264.0
3296,2025-03-07,S22,S32,S,50,True,240.0
3297,2025-03-07,S34,S28,S,30,True,144.0
3298,2025-03-07,S34,S6,SC,140,False,700.0
3299,2025-03-07,S35,S26,S,45,True,216.0
3300,2025-03-07,S34,S7,SC,135,True,810.0
3301,2025-03-08,S34,S43,S,45,False,180.0
3302,2025-03-08,S30,S46,S,80,True,384.0
3303,2025-03-08,S28,S50,S,110,False,440.0
3304,2025-03-08,S43,S42,R,5,True,60.0
3305,2025-03-08,S12,S43,S,155,False,620.0
3306,2025-03-08,S29,S24,R,25,False,250.0
3307,2025-03-08,S43,S9,R,170,False,1700.0
3308,2025-03-08,S48,S33,R,75,False,750.0
3309,2025-03-08,S13,S43,SC,150,True,900.0
3310,2025-03-08,S16,S1,R,75,False,750.0
3311,2025-03-08,S20,S14,R,30,False,300.0
3312,2025-03-08,S36,S45,SC,45,True,270.0
3313,2025-03-08,S33,S46,S,65,False,260.0
3314,2025-03-08,S49,S41,SC,40,False,200.0
3315,2025-03-08,S43,S50,R,35,True,420.0
3316,2025-03-08,S20,S1,SC,95,False,475.0
3317,2025-03-08,S13,S16,S,15,True,72.0
3318,2025-03-08,S50,S41,R,45,False,450.0
3319,2025-03-08,S40,S26,R,70,False,700.0
3320,2025-03-08,S35,S40,SC,25,True,150.0
3321,2025-03-08,S41,S22,SC,95,False,475.0
3322,2025-03-08,S16,S31,S,75,False,300.0
3323,2025-03-08,S47,S22,S,125,True,600.0
3324,2025-03-08,S22,S20,S,10,False,40.0
3325,2025-03-08,S31,S20,S,55,True,264.0
3326,2025-03-08,S30,S31,R,5,False,50.0
3327,2025-03-08,S42,S29,SC,65,False,325.0
3328,2025-03-08,S39,S34,SC,25,False,125.0
3329,2025-03-08,S24,S32,R,40,False,400.0
3330,2025-03-08,S27,S23,SC,20,False,100.0
3331,2025-03-08,S35,S17,R,90,False,900.0
3332,2025-03-08,S23,S50,R,135,False,1350.0
3333,2025-03-08,S6,S3,SC,15,True,90.0
3334,2025-03-08,S20,S13,SC,35,True,210.0
3335,2025-03-08,S29,S36,SC,35,False,175.0
3336,2025-03-08,S41,S38,SC,15,True,90.0
3337,2025-03-08,S37,S14,R,115,True,1380.0
3338,2025-03-08,S20,S18,R,10,False,100.0
3339,2025-03-08,S16,S5,SC,55,True,330.0
3340,2025-03-08,S6,S23,R,85,True,1020.0
3341,2025-03-08,S22,S34,SC,60,False,300.0
3342,2025-03-08,S32,S38,R,30,True,360.0
3343,2025-03-08,S30,S26,S,20,True,96.0
3344,2025-03-08,S29,S32,S,15,True,72.0
3345,2025-03-08,S13,S26,S,65,False,260.0
3346,2025-03-08,S2,S23,R,105,False,1050.0
3347,2025-03-08,S35,S3,SC,160,True,960.0
3348,2025-03-08,S42,S20,R,110,False,1100.0
3349,2025-03-08,S34,S47,R,65,False,650.0
3350,2025-03-08,S13,S41,S,140,True,672.0
3351,2025-03-09,S43,S4,S,195,False,780.0
3352,2025-03-09,S39,S38,R,5,True,60.0
3353,2025-03-09,S33,S46,S,65,False,260.0
3354,2025-03-09,S17,S35,R,90,False,900.0
3355,2025-03-09,S24,S42,R,90,True,1080.0
3356,2025-03-09,S3,S21,S,90,False,360.0
3357,2025-03-09,S6,S24,SC,90,True,540.0
3358,2025-03-09,S27,S24,SC,15,False,75.0
3359,2025-03-09,S50,S30,R,100,False,1000.0
3360,2025-03-09,S17,S50,R,165,True,1980.0
3361,2025-03-09,S27,S16,S,55,True,264.0
3362,2025-03-09,S11,S27,S,80,True,384.0
3363,2025-03-09,S3,S14,S,55,True,264.0
3364,2025-03-09,S29,S42,S,65,False,260.0
3365,2025-03-09,S7,S24,R,85,True,1020.0
3366,2025-03-09,S17,S6,SC,55,True,330.0
3367,2025-03-09,S44,S43,S,5,False,20.0
3368,2025-03-09,S22,S23,S,5,True,24.0
3369,2025-03-09,S21,S47,R,130,True,1560.0
3370,2025-03-09,S44,S31,R,65,False,650.0
3371,2025-03-09,S4,S13,S,45,True,216.0
3372,2025-03-09,S35,S42,S,35,False,140.0
3373,2025-03-09,S27,S17,SC,50,False,250.0
3374,2025-03-09,S21,S48,R,135,False,1350.0
3375,2025-03-09,S11,S2,R,45,False,450.0
3376,2025-03-09,S39,S32,R,35,True,420.0
3377,2025-03-09,S5,S4,SC,5,True,30.0
3378,2025-03-09,S2,S4,SC,10,True,60.0
3379,2025-03-09,S19,S29,SC,50,False,250.0
3380,2025-03-09,S36,S25,S,55,False,220.0
3381,2025-03-09,S27,S8,R,95,True,1140.0
3382,2025-03-09,S22,S2,S,100,True,480.0
3383,2025-03-09,S46,S36,R,50,False,500.0
3384,2025-03-09,S47,S21,R,130,False,1300.0
3385,2025-03-09,S29,S24,R,25,False,250.0
3386,2025-03-09,S47,S8,S,195,False,780.0
3387,2025-03-09,S7,S24,S,85,False,340.0
3388,2025-03-09,S14,S30,R,80,True,960.0
3389,2025-03-09,S21,S32,SC,55,False,275.0
3390,2025-03-09,S8,S39,R,155,False,1550.0
3391,2025-03-09,S40,S23,S,85,True,408.0
3392,2025-03-09,S28,S46,S,90,False,360.0
3393,2025-03-09,S5,S50,R,225,False,2250.0
3394,2025-03-09,S46,S38,SC,40,True,240.0
3395,2025-03-09,S43,S31,SC,60,False,300.0
3396,2025-03-09,S9,S5,S,20,True,96.0
3397,2025-03-09,S21,S30,SC,45,False,225.0
3398,2025-03-09,S4,S6,S,10,True,48.0
3399,2025-03-09,S42,S2,R,200,False,2000.0
3400,2025-03-09,S24,S22,R,10,True,120.0
3401,2025-03-10,S29,S21,R,40,True,480.0
3402,2025-03-10,S12,S33,R,105,False,1050.0
3403,2025-03-10,S11,S25,R,70,False,700.0
3404,2025-03-10,S38,S33,R,25,False,250.0
3405,2025-03-10,S10,S25,SC,75,True,450.0
3406,2025-03-10,S32,S17,S,75,False,300.0
3407,2025-03-10,S39,S31,S,40,False,160.0
3408,2025-03-10,S30,S28,SC,10,False,50.0
3409,2025-03-10,S1,S14,S,65,False,260.0
3410,2025-03-10,S11,S24,SC,65,False,325.0
3411,2025-03-10,S5,S9,SC,20,True,120.0
3412,2025-03-10,S37,S45,SC,40,True,240.0
3413,2025-03-10,S37,S31,S,30,False,120.0
3414,2025-03-10,S48,S34,SC,70,True,420.0
3415,2025-03-10,S16,S4,S,60,True,288.0
3416,2025-03-10,S29,S41,R,60,True,720.0
3417,2025-03-10,S13,S2,SC,55,False,275.0
3418,2025-03-10,S34,S12,S,110,True,528.0
3419,2025-03-10,S25,S10,SC,75,False,375.0
3420,2025-03-10,S13,S18,S,25,True,120.0
3421,2025-03-10,S25,S36,S,55,False,220.0
3422,2025-03-10,S29,S41,R,60,False,600.0
3423,2025-03-10,S33,S41,S,40,True,192.0
3424,2025-03-10,S27,S7,SC,100,False,500.0
3425,2025-03-10,S5,S27,S,110,True,528.0
3426,2025-03-10,S48,S13,SC,175,True,1050.0
3427,2025-03-10,S25,S42,S,85,True,408.0
3428,2025-03-10,S35,S50,S,75,True,360.0
3429,2025-03-10,S15,S9,S,30,False,120.0
3430,2025-03-10,S44,S11,S,165,False,660.0
3431,2025-03-10,S48,S45,R,15,True,180.0
3432,2025-03-10,S39,S30,SC,45,False,225.0
3433,2025-03-10,S47,S39,R,40,True,480.0
3434,2025-03-10,S40,S13,R,135,False,1350.0
3435,2025-03-10,S20,S44,SC,120,False,600.0
3436,2025-03-10,S3,S24,R,105,False,1050.0
3437,2025-03-10,S48,S11,R,185,False,1850.0
3438,2025-03-10,S16,S49,R,165,False,1650.0
3439,2025-03-10,S33,S10,SC,115,False,575.0
3440,2025-03-10,S37,S8,SC,145,True,870.0
3441,2025-03-10,S5,S3,S,10,True,48.0
3442,2025-03-10,S13,S39,SC,130,True,780.0
3443,2025-03-10,S42,S47,R,25,False,250.0
3444,2025-03-10,S46,S28,R,90,False,900.0
3445,2025-03-10,S39,S32,S,35,True,168.0
3446,2025-03-10,S19,S40,SC,105,False,525.0
3447,2025-03-10,S11,S9,SC,10,False,50.0
3448,2025-03-10,S34,S8,S,130,False,520.0
3449,2025-03-10,S11,S22,R,55,False,550.0
3450,2025-03-10,S46,S12,S,170,False,680.0
3451,2025-03-11,S21,S28,S,35,False,140.0
3452,2025-03-11,S47,S11,S,180,False,720.0
3453,2025-03-11,S39,S21,S,90,False,360.0
3454,2025-03-11,S32,S45,SC,65,True,390.0
3455,2025-03-11,S4,S30,R,130,False,1300.0
3456,2025-03-11,S17,S19,R,10,True,120.0
3457,2025-03-11,S37,S4,S,165,True,792.0
3458,2025-03-11,S9,S2,SC,35,True,210.0
3459,2025-03-11,S46,S12,R,170,True,2040.0
3460,2025-03-11,S7,S8,SC,5,True,30.0
3461,2025-03-11,S19,S10,R,45,False,450.0
3462,2025-03-11,S38,S35,S,15,True,72.0
3463,2025-03-11,S37,S19,R,90,False,900.0
3464,2025-03-11,S27,S48,S,105,False,420.0
3465,2025-03-11,S41,S42,SC,5,True,30.0
3466,2025-03-11,S47,S5,SC,210,False,1050.0
3467,2025-03-11,S14,S43,R,145,True,1740.0
3468,2025-03-11,S23,S30,SC,35,False,175.0
3469,2025-03-11,S14,S1,S,65,False,260.0
3470,2025-03-11,S30,S18,SC,60,True,360.0
3471,2025-03-11,S26,S33,S,35,False,140.0
3472,2025-03-11,S7,S45,R,190,False,1900.0
3473,2025-03-11,S25,S32,SC,35,True,210.0
3474,2025-03-11,S45,S30,SC,75,True,450.0
3475,2025-03-11,S28,S6,S,110,True,528.0
3476,2025-03-11,S10,S19,S,45,False,180.0
3477,2025-03-11,S18,S33,SC,75,False,375.0
3478,2025-03-11,S42,S9,R,165,True,1980.0
3479,2025-03-11,S5,S2,S,15,True,72.0
3480,2025-03-11,S23,S45,SC,110,False,550.0
3481,2025-03-11,S34,S43,R,45,True,540.0
3482,2025-03-11,S43,S18,S,125,False,500.0
3483,2025-03-11,S25,S4,SC,105,True,630.0
3484,2025-03-11,S5,S16,SC,55,True,330.0
3485,2025-03-11,S48,S19,R,145,False,1450.0
3486,2025-03-11,S28,S6,R,110,True,1320.0
3487,2025-03-11,S45,S14,S,155,True,744.0
3488,2025-03-11,S50,S43,R,35,False,350.0
3489,2025-03-11,S44,S4,S,200,False,800.0
3490,2025-03-11,S11,S16,S,25,True,120.0
3491,2025-03-11,S39,S36,R,15,False,150.0
3492,2025-03-11,S49,S23,S,130,True,624.0
3493,2025-03-11,S16,S31,SC,75,False,375.0
3494,2025-03-11,S12,S25,R,65,False,650.0
3495,2025-03-11,S26,S19,R,35,True,420.0
3496,2025-03-11,S43,S13,S,150,False,600.0
3497,2025-03-11,S13,S31,S,90,False,360.0
3498,2025-03-11,S28,S24,R,20,False,200.0
3499,2025-03-11,S16,S7,R,45,True,540.0
3500,2025-03-11,S37,S9,S,140,True,672.0
3501,2025-03-12,S34,S9,SC,125,False,625.0
3502,2025-03-12,S21,S48,R,135,True,1620.0
3503,2025-03-12,S31,S25,S,30,True,144.0
3504,2025-03-12,S46,S8,R,190,False,1900.0
3505,2025-03-12,S19,S1,SC,90,True,540.0
3506,2025-03-12,S28,S26,R,10,False,100.0
3507,2025-03-12,S41,S27,SC,70,False,350.0
3508,2025-03-12,S6,S46,S,200,False,800.0
3509,2025-03-12,S39,S43,S,20,True,96.0
3510,2025-03-12,S16,S13,R,15,False,150.0
3511,2025-03-12,S30,S7,S,115,False,460.0
3512,2025-03-12,S34,S44,SC,50,True,300.0
3513,2025-03-12,S20,S26,SC,30,False,150.0
3514,2025-03-12,S19,S48,R,145,False,1450.0
3515,2025-03-12,S38,S19,R,95,False,950.0
3516,2025-03-12,S39,S38,SC,5,False,25.0
3517,2025-03-12,S9,S43,SC,170,False,850.0
3518,2025-03-12,S15,S14,S,5,False,20.0
3519,2025-03-12,S19,S26,S,35,False,140.0
3520,2025-03-12,S45,S27,S,90,True,432.0
3521,2025-03-12,S22,S42,S,100,False,400.0
3522,2025-03-12,S22,S34,SC,60,True,360.0
3523,2025-03-12,S26,S13,S,65,True,312.0
3524,2025-03-12,S14,S33,S,95,False,380.0
3525,2025-03-12,S45,S22,R,115,True,1380.0
3526,2025-03-12,S6,S21,S,75,False,300.0
3527,2025-03-12,S46,S22,R,120,False,1200.0
3528,2025-03-12,S50,S47,S,15,True,72.0
3529,2025-03-12,S38,S44,R,30,False,300.0
3530,2025-03-12,S44,S7,SC,185,False,925.0
3531,2025-03-12,S25,S3,SC,110,True,660.0
3532,2025-03-12,S8,S27,R,95,True,1140.0
3533,2025-03-12,S36,S48,SC,60,True,360.0
3534,2025-03-12,S28,S2,S,130,False,520.0
3535,2025-03-12,S8,S47,SC,195,True,1170.0
3536,2025-03-12,S30,S32,SC,10,False,50.0
3537,2025-03-12,S46,S45,R,5,True,60.0
3538,2025-03-12,S22,S8,SC,70,False,350.0
3539,2025-03-12,S16,S5,SC,55,False,275.0
3540,2025-03-12,S38,S37,R,5,True,60.0
3541,2025-03-12,S35,S16,SC,95,True,570.0
3542,2025-03-12,S47,S33,SC,70,False,350.0
3543,2025-03-12,S29,S47,S,90,False,360.0
3544,2025-03-12,S39,S15,S,120,False,480.0
3545,2025-03-12,S24,S1,R,115,False,1150.0
3546,2025-03-12,S31,S48,S,85,False,340.0
3547,2025-03-12,S10,S9,R,5,True,60.0
3548,2025-03-12,S46,S7,S,195,False,780.0
3549,2025-03-12,S30,S40,SC,50,True,300.0
3550,2025-03-12,S29,S15,S,70,True,336.0
3551,2025-03-13,S1,S33,R,160,True,1920.0
3552,2025-03-13,S19,S37,SC,90,True,540.0
3553,2025-03-13,S32,S28,SC,20,True,120.0
3554,2025-03-13,S31,S11,S,100,True,480.0
3555,2025-03-13,S32,S33,S,5,False,20.0
3556,2025-03-13,S2,S10,S,40,True,192.0
3557,2025-03-13,S45,S47,S,10,False,40.0
3558,2025-03-13,S14,S32,R,90,False,900.0
3559,2025-03-13,S15,S31,S,80,False,320.0
3560,2025-03-13,S34,S50,SC,80,False,400.0
3561,2025-03-13,S11,S5,S,30,False,120.0
3562,2025-03-13,S41,S38,S,15,False,60.0
3563,2025-03-13,S18,S16,S,10,False,40.0
3564,2025-03-13,S40,S2,S,190,True,912.0
3565,2025-03-13,S44,S34,R,50,False,500.0
3566,2025-03-13,S40,S11,R,145,True,1740.0
3567,2025-03-13,S20,S7,S,65,True,312.0
3568,2025-03-13,S35,S28,S,35,True,168.0
3569,2025-03-13,S1,S10,S,45,True,216.0
3570,2025-03-13,S25,S37,S,60,False,240.0
3571,2025-03-13,S45,S37,SC,40,True,240.0
3572,2025-03-13,S43,S6,R,185,True,2220.0
3573,2025-03-13,S15,S43,S,140,False,560.0
3574,2025-03-13,S30,S34,SC,20,False,100.0
3575,2025-03-13,S30,S22,R,40,True,480.0
3576,2025-03-13,S4,S20,R,80,False,800.0
3577,2025-03-13,S26,S14,R,60,False,600.0
3578,2025-03-13,S30,S32,R,10,False,100.0
3579,2025-03-13,S15,S16,R,5,False,50.0
3580,2025-03-13,S44,S10,S,170,True,816.0
3581,2025-03-13,S31,S47,S,80,True,384.0
3582,2025-03-13,S42,S31,S,55,True,264.0
3583,2025-03-13,S9,S37,R,140,False,1400.0
3584,2025-03-13,S2,S35,R,165,False,1650.0
3585,2025-03-13,S9,S44,SC,175,True,1050.0
3586,2025-03-13,S24,S7,S,85,True,408.0
3587,2025-03-13,S36,S24,SC,60,True,360.0
3588,2025-03-13,S41,S2,R,195,True,2340.0
3589,2025-03-13,S15,S41,R,130,False,1300.0
3590,2025-03-13,S35,S26,R,45,True,540.0
3591,2025-03-13,S13,S22,SC,45,False,225.0
3592,2025-03-13,S8,S38,S,150,True,720.0
3593,2025-03-13,S21,S14,SC,35,False,175.0
3594,2025-03-13,S9,S6,R,15,False,150.0
3595,2025-03-13,S24,S6,S,90,True,432.0
3596,2025-03-13,S30,S42,R,60,False,600.0
3597,2025-03-13,S14,S46,R,160,True,1920.0
3598,2025-03-13,S50,S7,R,215,True,2580.0
3599,2025-03-13,S45,S34,S,55,True,264.0
3600,2025-03-13,S43,S49,S,30,False,120.0
3601,2025-03-14,S23,S45,S,110,True,528.0
3602,2025-03-14,S13,S35,SC,110,False,550.0
3603,2025-03-14,S38,S41,R,15,False,150.0
3604,2025-03-14,S40,S37,S,15,False,60.0
3605,2025-03-14,S4,S2,R,10,True,120.0
3606,2025-03-14,S31,S5,S,130,False,520.0
3607,2025-03-14,S4,S44,SC,200,True,1200.0
3608,2025-03-14,S11,S1,R,50,True,600.0
3609,2025-03-14,S40,S18,S,110,False,440.0
3610,2025-03-14,S40,S18,S,110,True,528.0
3611,2025-03-14,S43,S17,SC,130,False,650.0
3612,2025-03-14,S18,S16,S,10,False,40.0
3613,2025-03-14,S36,S37,SC,5,False,25.0
3614,2025-03-14,S7,S11,SC,20,False,100.0
3615,2025-03-14,S34,S1,S,165,False,660.0
3616,2025-03-14,S34,S4,S,150,False,600.0
3617,2025-03-14,S42,S47,SC,25,False,125.0
3618,2025-03-14,S41,S10,R,155,False,1550.0
3619,2025-03-14,S8,S30,S,110,False,440.0
3620,2025-03-14,S47,S21,SC,130,False,650.0
3621,2025-03-14,S17,S30,R,65,True,780.0
3622,2025-03-14,S1,S45,SC,220,False,1100.0
3623,2025-03-14,S1,S50,S,245,True,1176.0
3624,2025-03-14,S6,S18,R,60,False,600.0
3625,2025-03-14,S17,S13,R,20,True,240.0
3626,2025-03-14,S42,S43,R,5,True,60.0
3627,2025-03-14,S16,S5,SC,55,False,275.0
3628,2025-03-14,S29,S4,S,125,True,600.0
3629,2025-03-14,S9,S17,R,40,False,400.0
3630,2025-03-14,S11,S22,SC,55,True,330.0
3631,2025-03-14,S11,S4,SC,35,True,210.0
3632,2025-03-14,S24,S46,SC,110,True,660.0
3633,2025-03-14,S22,S7,SC,75,True,450.0
3634,2025-03-14,S50,S49,R,5,False,50.0
3635,2025-03-14,S49,S10,S,195,False,780.0
3636,2025-03-14,S13,S2,S,55,True,264.0
3637,2025-03-14,S23,S15,SC,40,False,200.0
3638,2025-03-14,S19,S50,S,155,False,620.0
3639,2025-03-14,S13,S4,S,45,False,180.0
3640,2025-03-14,S39,S46,S,35,False,140.0
3641,2025-03-14,S44,S11,S,165,False,660.0
3642,2025-03-14,S37,S47,R,50,False,500.0
3643,2025-03-14,S23,S15,R,40,False,400.0
3644,2025-03-14,S40,S4,S,180,False,720.0
3645,2025-03-14,S46,S20,R,130,True,1560.0
3646,2025-03-14,S31,S17,SC,70,True,420.0
3647,2025-03-14,S31,S2,R,145,True,1740.0
3648,2025-03-14,S18,S11,S,35,True,168.0
3649,2025-03-14,S31,S24,SC,35,False,175.0
3650,2025-03-14,S3,S22,SC,95,True,570.0
3651,2025-03-15,S31,S37,R,30,False,300.0
3652,2025-03-15,S20,S37,S,85,True,408.0
3653,2025-03-15,S50,S36,R,70,False,700.0
3654,2025-03-15,S34,S23,R,55,True,660.0
3655,2025-03-15,S12,S31,SC,95,False,475.0
3656,2025-03-15,S41,S22,S,95,False,380.0
3657,2025-03-15,S4,S30,R,130,False,1300.0
3658,2025-03-15,S10,S50,R,200,True,2400.0
3659,2025-03-15,S15,S45,SC,150,False,750.0
3660,2025-03-15,S40,S15,R,125,False,1250.0
3661,2025-03-15,S6,S40,S,170,False,680.0
3662,2025-03-15,S15,S40,R,125,False,1250.0
3663,2025-03-15,S44,S25,R,95,True,1140.0
3664,2025-03-15,S10,S9,S,5,False,20.0
3665,2025-03-15,S29,S16,S,65,False,260.0
3666,2025-03-15,S22,S10,R,60,False,600.0
3667,2025-03-15,S31,S22,R,45,False,450.0
3668,2025-03-15,S31,S49,R,90,True,1080.0
3669,2025-03-15,S41,S8,S,165,False,660.0
3670,2025-03-15,S25,S42,SC,85,True,510.0
3671,2025-03-15,S15,S31,SC,80,False,400.0
3672,2025-03-15,S35,S29,R,30,True,360.0
3673,2025-03-15,S27,S19,S,40,True,192.0
3674,2025-03-15,S16,S6,SC,50,True,300.0
3675,2025-03-15,S36,S43,S,35,False,140.0
3676,2025-03-15,S48,S26,S,110,False,440.0
3677,2025-03-15,S1,S17,R,80,False,800.0
3678,2025-03-15,S50,S5,SC,225,False,1125.0
3679,2025-03-15,S32,S13,SC,95,True,570.0
3680,2025-03-15,S33,S49,SC,80,False,400.0
3681,2025-03-15,S25,S5,S,100,True,480.0
3682,2025-03-15,S23,S39,R,80,True,960.0
3683,2025-03-15,S1,S3,S,10,True,48.0
3684,2025-03-15,S8,S10,R,10,False,100.0
3685,2025-03-15,S46,S30,R,80,True,960.0
3686,2025-03-15,S16,S23,SC,35,True,210.0
3687,2025-03-15,S5,S17,S,60,False,240.0
3688,2025-03-15,S31,S16,SC,75,False,375.0
3689,2025-03-15,S20,S12,R,40,True,480.0
3690,2025-03-15,S45,S28,SC,85,False,425.0
3691,2025-03-15,S39,S10,R,145,True,1740.0
3692,2025-03-15,S13,S2,R,55,True,660.0
3693,2025-03-15,S16,S37,SC,105,True,630.0
3694,2025-03-15,S28,S13,R,75,True,900.0
3695,2025-03-15,S31,S1,SC,150,False,750.0
3696,2025-03-15,S38,S39,R,5,False,50.0
3697,2025-03-15,S38,S10,S,140,False,560.0
3698,2025-03-15,S13,S3,R,50,False,500.0
3699,2025-03-15,S36,S8,R,140,True,1680.0
3700,2025-03-15,S22,S11,S,55,True,264.0
3701,2025-03-16,S44,S36,S,40,True,192.0
3702,2025-03-16,S23,S44,S,105,False,420.0
3703,2025-03-16,S40,S14,SC,130,False,650.0
3704,2025-03-16,S11,S8,R,15,True,180.0
3705,2025-03-16,S22,S1,R,105,False,1050.0
3706,2025-03-16,S29,S37,R,40,False,400.0
3707,2025-03-16,S26,S47,S,105,True,504.0
3708,2025-03-16,S6,S43,R,185,True,2220.0
3709,2025-03-16,S24,S31,S,35,True,168.0
3710,2025-03-16,S50,S37,SC,65,False,325.0
3711,2025-03-16,S44,S49,R,25,True,300.0
3712,2025-03-16,S32,S1,SC,155,True,930.0
3713,2025-03-16,S46,S50,R,20,False,200.0
3714,2025-03-16,S19,S24,SC,25,True,150.0
3715,2025-03-16,S31,S48,R,85,False,850.0
3716,2025-03-16,S34,S41,S,35,False,140.0
3717,2025-03-16,S23,S48,S,125,False,500.0
3718,2025-03-16,S29,S30,R,5,False,50.0
3719,2025-03-16,S22,S24,SC,10,True,60.0
3720,2025-03-16,S4,S26,SC,110,True,660.0
3721,2025-03-16,S12,S41,R,145,True,1740.0
3722,2025-03-16,S21,S26,R,25,True,300.0
3723,2025-03-16,S28,S46,S,90,True,432.0
3724,2025-03-16,S46,S29,SC,85,False,425.0
3725,2025-03-16,S9,S28,R,95,False,950.0
3726,2025-03-16,S5,S6,R,5,True,60.0
3727,2025-03-16,S39,S50,R,55,False,550.0
3728,2025-03-16,S33,S2,R,155,True,1860.0
3729,2025-03-16,S14,S9,R,25,False,250.0
3730,2025-03-16,S36,S32,R,20,True,240.0
3731,2025-03-16,S8,S47,S,195,True,936.0
3732,2025-03-16,S39,S11,S,140,True,672.0
3733,2025-03-16,S47,S30,S,85,False,340.0
3734,2025-03-16,S11,S19,S,40,True,192.0
3735,2025-03-16,S17,S21,SC,20,True,120.0
3736,2025-03-16,S31,S37,R,30,True,360.0
3737,2025-03-16,S38,S17,S,105,False,420.0
3738,2025-03-16,S11,S29,S,90,False,360.0
3739,2025-03-16,S22,S7,R,75,False,750.0
3740,2025-03-16,S21,S26,SC,25,False,125.0
3741,2025-03-16,S18,S2,S,80,False,320.0
3742,2025-03-16,S50,S15,S,175,False,700.0
3743,2025-03-16,S9,S19,S,50,True,240.0
3744,2025-03-16,S42,S24,SC,90,True,540.0
3745,2025-03-16,S19,S37,R,90,False,900.0
3746,2025-03-16,S41,S36,S,25,False,100.0
3747,2025-03-16,S38,S21,S,85,True,408.0
3748,2025-03-16,S25,S28,R,15,False,150.0
3749,2025-03-16,S40,S13,S,135,False,540.0
3750,2025-03-16,S8,S19,R,55,False,550.0
3751,2025-03-17,S12,S23,R,55,True,660.0
3752,2025-03-17,S25,S41,S,80,True,384.0
3753,2025-03-17,S29,S9,SC,100,False,500.0
3754,2025-03-17,S36,S10,SC,130,True,780.0
3755,2025-03-17,S15,S24,S,45,True,216.0
3756,2025-03-17,S32,S11,R,105,False,1050.0
3757,2025-03-17,S5,S24,SC,95,False,475.0
3758,2025-03-17,S16,S1,SC,75,False,375.0
3759,2025-03-17,S29,S19,R,50,True,600.0
3760,2025-03-17,S12,S29,SC,85,False,425.0
3761,2025-03-17,S8,S17,SC,45,False,225.0
3762,2025-03-17,S37,S2,SC,175,True,1050.0
3763,2025-03-17,S13,S18,S,25,True,120.0
3764,2025-03-17,S39,S47,S,40,True,192.0
3765,2025-03-17,S36,S1,SC,175,True,1050.0
3766,2025-03-17,S3,S30,R,135,True,1620.0
3767,2025-03-17,S43,S28,R,75,False,750.0
3768,2025-03-17,S16,S31,SC,75,False,375.0
3769,2025-03-17,S26,S29,S,15,False,60.0
3770,2025-03-17,S39,S34,R,25,False,250.0
3771,2025-03-17,S50,S46,S,20,True,96.0
3772,2025-03-17,S43,S37,SC,30,True,180.0
3773,2025-03-17,S50,S30,R,100,True,1200.0
3774,2025-03-17,S21,S24,SC,15,False,75.0
3775,2025-03-17,S43,S10,SC,165,False,825.0
3776,2025-03-17,S26,S18,S,40,False,160.0
3777,2025-03-17,S14,S12,R,10,False,100.0
3778,2025-03-17,S32,S17,SC,75,True,450.0
3779,2025-03-17,S23,S50,S,135,False,540.0
3780,2025-03-17,S14,S18,S,20,False,80.0
3781,2025-03-17,S25,S26,S,5,False,20.0
3782,2025-03-17,S3,S6,S,15,True,72.0
3783,2025-03-17,S45,S8,SC,185,True,1110.0
3784,2025-03-17,S31,S15,R,80,True,960.0
3785,2025-03-17,S16,S19,SC,15,False,75.0
3786,2025-03-17,S4,S10,SC,30,False,150.0
3787,2025-03-17,S32,S19,S,65,False,260.0
3788,2025-03-17,S20,S6,R,70,True,840.0
3789,2025-03-17,S48,S34,S,70,False,280.0
3790,2025-03-17,S5,S1,SC,20,False,100.0
3791,2025-03-17,S30,S45,R,75,True,900.0
3792,2025-03-17,S36,S24,S,60,False,240.0
3793,2025-03-17,S26,S8,S,90,True,432.0
3794,2025-03-17,S10,S18,SC,40,False,200.0
3795,2025-03-17,S50,S42,R,40,False,400.0
3796,2025-03-17,S8,S31,SC,115,False,575.0
3797,2025-03-17,S45,S38,S,35,True,168.0
3798,2025-03-17,S30,S15,SC,75,False,375.0
3799,2025-03-17,S42,S46,S,20,False,80.0
3800,2025-03-17,S49,S16,SC,165,False,825.0
3801,2025-03-18,S7,S27,R,100,True,1200.0
3802,2025-03-18,S13,S1,S,60,True,288.0
3803,2025-03-18,S10,S15,SC,25,False,125.0
3804,2025-03-18,S20,S35,SC,75,True,450.0
3805,2025-03-18,S35,S18,R,85,False,850.0
3806,2025-03-18,S18,S25,SC,35,False,175.0
3807,2025-03-18,S10,S6,R,20,True,240.0
3808,2025-03-18,S3,S35,SC,160,False,800.0
3809,2025-03-18,S30,S36,R,30,True,360.0
3810,2025-03-18,S28,S11,S,85,True,408.0
3811,2025-03-18,S26,S4,SC,110,False,550.0
3812,2025-03-18,S15,S50,SC,175,True,1050.0
3813,2025-03-18,S47,S48,SC,5,False,25.0
3814,2025-03-18,S27,S6,S,105,False,420.0
3815,2025-03-18,S6,S41,S,175,False,700.0
3816,2025-03-18,S17,S16,S,5,False,20.0
3817,2025-03-18,S32,S11,R,105,False,1050.0
3818,2025-03-18,S47,S2,SC,225,True,1350.0
3819,2025-03-18,S44,S38,S,30,False,120.0
3820,2025-03-18,S49,S42,SC,35,True,210.0
3821,2025-03-18,S17,S36,R,95,False,950.0
3822,2025-03-18,S40,S26,R,70,False,700.0
3823,2025-03-18,S34,S50,R,80,True,960.0
3824,2025-03-18,S36,S12,R,120,True,1440.0
3825,2025-03-18,S15,S28,S,65,True,312.0
3826,2025-03-18,S3,S46,SC,215,False,1075.0
3827,2025-03-18,S15,S18,R,15,True,180.0
3828,2025-03-18,S1,S14,R,65,False,650.0
3829,2025-03-18,S21,S8,R,65,True,780.0
3830,2025-03-18,S50,S41,SC,45,True,270.0
3831,2025-03-18,S41,S18,SC,115,False,575.0
3832,2025-03-18,S20,S41,R,105,True,1260.0
3833,2025-03-18,S20,S28,R,40,False,400.0
3834,2025-03-18,S5,S19,SC,70,False,350.0
3835,2025-03-18,S17,S4,SC,65,True,390.0
3836,2025-03-18,S50,S20,SC,150,False,750.0
3837,2025-03-18,S23,S41,SC,90,True,540.0
3838,2025-03-18,S9,S43,SC,170,False,850.0
3839,2025-03-18,S36,S14,R,110,False,1100.0
3840,2025-03-18,S24,S8,R,80,True,960.0
3841,2025-03-18,S32,S43,R,55,False,550.0
3842,2025-03-18,S40,S15,R,125,False,1250.0
3843,2025-03-18,S40,S33,R,35,True,420.0
3844,2025-03-18,S4,S32,S,140,False,560.0
3845,2025-03-18,S46,S38,R,40,True,480.0
3846,2025-03-18,S31,S26,R,25,False,250.0
3847,2025-03-18,S19,S9,S,50,True,240.0
3848,2025-03-18,S34,S5,R,145,False,1450.0
3849,2025-03-18,S8,S20,SC,60,False,300.0
3850,2025-03-18,S38,S27,R,55,False,550.0
3851,2025-03-19,S2,S27,SC,125,False,625.0
3852,2025-03-19,S27,S36,SC,45,True,270.0
3853,2025-03-19,S22,S21,S,5,True,24.0
3854,2025-03-19,S30,S19,SC,55,False,275.0
3855,2025-03-19,S25,S37,R,60,True,720.0
3856,2025-03-19,S18,S28,R,50,True,600.0
3857,2025-03-19,S9,S16,SC,35,True,210.0
3858,2025-03-19,S44,S36,S,40,True,192.0
3859,2025-03-19,S47,S23,R,120,False,1200.0
3860,2025-03-19,S8,S20,SC,60,False,300.0
3861,2025-03-19,S36,S43,R,35,True,420.0
3862,2025-03-19,S1,S19,S,90,False,360.0
3863,2025-03-19,S20,S23,R,15,True,180.0
3864,2025-03-19,S39,S35,SC,20,True,120.0
3865,2025-03-19,S17,S48,R,155,False,1550.0
3866,2025-03-19,S13,S41,R,140,False,1400.0
3867,2025-03-19,S18,S28,R,50,True,600.0
3868,2025-03-19,S34,S26,SC,40,True,240.0
3869,2025-03-19,S37,S50,R,65,True,780.0
3870,2025-03-19,S36,S25,SC,55,False,275.0
3871,2025-03-19,S13,S17,S,20,False,80.0
3872,2025-03-19,S22,S33,SC,55,True,330.0
3873,2025-03-19,S23,S31,S,40,True,192.0
3874,2025-03-19,S31,S12,S,95,True,456.0
3875,2025-03-19,S49,S38,R,55,False,550.0
3876,2025-03-19,S16,S4,R,60,False,600.0
3877,2025-03-19,S16,S42,S,130,False,520.0
3878,2025-03-19,S45,S49,R,20,True,240.0
3879,2025-03-19,S41,S13,SC,140,False,700.0
3880,2025-03-19,S48,S7,S,205,False,820.0
3881,2025-03-19,S48,S5,SC,215,False,1075.0
3882,2025-03-19,S40,S29,R,55,True,660.0
3883,2025-03-19,S12,S6,SC,30,True,180.0
3884,2025-03-19,S34,S3,S,155,True,744.0
3885,2025-03-19,S37,S11,R,130,True,1560.0
3886,2025-03-19,S35,S42,SC,35,True,210.0
3887,2025-03-19,S28,S12,S,80,True,384.0
3888,2025-03-19,S8,S2,S,30,True,144.0
3889,2025-03-19,S23,S22,SC,5,False,25.0
3890,2025-03-19,S6,S12,SC,30,False,150.0
3891,2025-03-19,S25,S13,SC,60,True,360.0
3892,2025-03-19,S10,S11,SC,5,True,30.0
3893,2025-03-19,S14,S19,R,25,True,300.0
3894,2025-03-19,S36,S18,SC,90,True,540.0
3895,2025-03-19,S1,S5,S,20,True,96.0
3896,2025-03-19,S34,S32,S,10,False,40.0
3897,2025-03-19,S43,S6,R,185,False,1850.0
3898,2025-03-19,S18,S16,SC,10,True,60.0
3899,2025-03-19,S34,S37,S,15,True,72.0
3900,2025-03-19,S20,S16,S,20,True,96.0
3901,2025-03-20,S26,S20,S,30,False,120.0
3902,2025-03-20,S29,S49,R,100,True,1200.0
3903,2025-03-20,S18,S38,R,100,True,1200.0
3904,2025-03-20,S23,S46,SC,115,False,575.0
3905,2025-03-20,S14,S29,SC,75,True,450.0
3906,2025-03-20,S3,S50,SC,235,False,1175.0
3907,2025-03-20,S16,S21,R,25,True,300.0
3908,2025-03-20,S40,S4,SC,180,False,900.0
3909,2025-03-20,S41,S31,S,50,False,200.0
3910,2025-03-20,S21,S10,R,55,True,660.0
3911,2025-03-20,S18,S6,S,60,True,288.0
3912,2025-03-20,S10,S41,SC,155,False,775.0
3913,2025-03-20,S38,S9,SC,145,False,725.0
3914,2025-03-20,S15,S41,S,130,True,624.0
3915,2025-03-20,S31,S9,R,110,True,1320.0
3916,2025-03-20,S23,S21,R,10,False,100.0
3917,2025-03-20,S17,S5,R,60,True,720.0
3918,2025-03-20,S40,S22,R,90,True,1080.0
3919,2025-03-20,S47,S43,S,20,False,80.0
3920,2025-03-20,S43,S3,SC,200,False,1000.0
3921,2025-03-20,S19,S2,SC,85,False,425.0
3922,2025-03-20,S16,S37,S,105,True,504.0
3923,2025-03-20,S20,S43,SC,115,True,690.0
3924,2025-03-20,S21,S3,R,90,False,900.0
3925,2025-03-20,S44,S3,R,205,True,2460.0
3926,2025-03-20,S5,S17,R,60,True,720.0
3927,2025-03-20,S39,S11,R,140,False,1400.0
3928,2025-03-20,S35,S39,R,20,False,200.0
3929,2025-03-20,S37,S28,R,45,False,450.0
3930,2025-03-20,S2,S9,R,35,True,420.0
3931,2025-03-20,S14,S1,SC,65,True,390.0
3932,2025-03-20,S23,S8,S,75,True,360.0
3933,2025-03-20,S16,S30,R,70,False,700.0
3934,2025-03-20,S31,S18,SC,65,True,390.0
3935,2025-03-20,S21,S44,SC,115,False,575.0
3936,2025-03-20,S40,S10,SC,150,True,900.0
3937,2025-03-20,S2,S14,S,60,False,240.0
3938,2025-03-20,S33,S19,R,70,False,700.0
3939,2025-03-20,S43,S14,S,145,False,580.0
3940,2025-03-20,S16,S9,R,35,False,350.0
3941,2025-03-20,S29,S49,R,100,False,1000.0
3942,2025-03-20,S29,S8,R,105,False,1050.0
3943,2025-03-20,S42,S36,SC,30,False,150.0
3944,2025-03-20,S47,S16,R,155,True,1860.0
3945,2025-03-20,S18,S34,SC,80,False,400.0
3946,2025-03-20,S42,S13,SC,145,True,870.0
3947,2025-03-20,S37,S47,S,50,False,200.0
3948,2025-03-20,S44,S23,S,105,False,420.0
3949,2025-03-20,S7,S31,R,120,True,1440.0
3950,2025-03-20,S11,S46,SC,175,False,875.0
3951,2025-03-21,S10,S45,S,175,True,840.0
3952,2025-03-21,S42,S46,S,20,True,96.0
3953,2025-03-21,S13,S34,R,105,False,1050.0
3954,2025-03-21,S43,S18,R,125,True,1500.0
3955,2025-03-21,S39,S46,SC,35,True,210.0
3956,2025-03-21,S12,S13,R,5,False,50.0
3957,2025-03-21,S45,S47,R,10,True,120.0
3958,2025-03-21,S32,S7,S,125,True,600.0
3959,2025-03-21,S49,S22,R,135,False,1350.0
3960,2025-03-21,S48,S38,S,50,False,200.0
3961,2025-03-21,S43,S31,SC,60,True,360.0
3962,2025-03-21,S43,S14,S,145,False,580.0
3963,2025-03-21,S47,S27,S,100,False,400.0
3964,2025-03-21,S28,S45,R,85,False,850.0
3965,2025-03-21,S45,S9,R,180,False,1800.0
3966,2025-03-21,S9,S17,S,40,False,160.0
3967,2025-03-21,S47,S41,R,30,False,300.0
3968,2025-03-21,S19,S39,R,100,False,1000.0
3969,2025-03-21,S14,S46,S,160,True,768.0
3970,2025-03-21,S9,S22,S,65,True,312.0
3971,2025-03-21,S7,S46,SC,195,False,975.0
3972,2025-03-21,S4,S9,S,25,False,100.0
3973,2025-03-21,S22,S37,S,75,False,300.0
3974,2025-03-21,S34,S43,R,45,True,540.0
3975,2025-03-21,S1,S19,R,90,False,900.0
3976,2025-03-21,S12,S20,SC,40,True,240.0
3977,2025-03-21,S46,S45,R,5,False,50.0
3978,2025-03-21,S31,S5,S,130,False,520.0
3979,2025-03-21,S15,S2,R,65,True,780.0
3980,2025-03-21,S4,S35,SC,155,False,775.0
3981,2025-03-21,S14,S41,R,135,True,1620.0
3982,2025-03-21,S17,S48,S,155,True,744.0
3983,2025-03-21,S29,S13,SC,80,True,480.0
3984,2025-03-21,S49,S15,S,170,False,680.0
3985,2025-03-21,S15,S26,S,55,False,220.0
3986,2025-03-21,S40,S17,S,115,True,552.0
3987,2025-03-21,S36,S5,SC,155,True,930.0
3988,2025-03-21,S2,S19,S,85,False,340.0
3989,2025-03-21,S41,S23,S,90,True,432.0
3990,2025-03-21,S5,S28,SC,115,False,575.0
3991,2025-03-21,S24,S26,S,10,False,40.0
3992,2025-03-21,S26,S21,R,25,True,300.0
3993,2025-03-21,S7,S11,SC,20,True,120.0
3994,2025-03-21,S41,S23,SC,90,True,540.0
3995,2025-03-21,S15,S16,S,5,False,20.0
3996,2025-03-21,S3,S13,R,50,True,600.0
3997,2025-03-21,S35,S26,SC,45,False,225.0
3998,2025-03-21,S1,S30,S,145,False,580.0
3999,2025-03-21,S36,S37,R,5,False,50.0
4000,2025-03-21,S36,S4,SC,160,False,800.0
4001,2025-03-22,S12,S40,R,140,True,1680.0
4002,2025-03-22,S20,S1,S,95,True,456.0
4003,2025-03-22,S11,S40,SC,145,True,870.0
4004,2025-03-22,S31,S42,S,55,True,264.0
4005,2025-03-22,S42,S36,S,30,False,120.0
4006,2025-03-22,S46,S8,SC,190,False,950.0
4007,2025-03-22,S23,S43,S,100,True,480.0
4008,2025-03-22,S48,S22,SC,130,True,780.0
4009,2025-03-22,S18,S35,S,85,False,340.0
4010,2025-03-22,S42,S20,SC,110,False,550.0
4011,2025-03-22,S9,S18,R,45,True,540.0
4012,2025-03-22,S47,S9,R,190,True,2280.0
4013,2025-03-22,S18,S10,R,40,False,400.0
4014,2025-03-22,S40,S36,R,20,False,200.0
4015,2025-03-22,S22,S36,SC,70,True,420.0
4016,2025-03-22,S30,S36,R,30,False,300.0
4017,2025-03-22,S26,S40,R,70,False,700.0
4018,2025-03-22,S32,S14,SC,90,False,450.0
4019,2025-03-22,S1,S9,SC,40,True,240.0
4020,2025-03-22,S40,S13,SC,135,True,810.0
4021,2025-03-22,S33,S32,SC,5,False,25.0
4022,2025-03-22,S42,S31,R,55,False,550.0
4023,2025-03-22,S21,S45,S,120,True,576.0
4024,2025-03-22,S46,S49,R,15,True,180.0
4025,2025-03-22,S4,S34,SC,150,True,900.0
4026,2025-03-22,S17,S38,R,105,False,1050.0
4027,2025-03-22,S34,S46,S,60,False,240.0
4028,2025-03-22,S8,S25,S,85,True,408.0
4029,2025-03-22,S12,S37,S,125,True,600.0
4030,2025-03-22,S32,S9,SC,115,False,575.0
4031,2025-03-22,S19,S26,S,35,False,140.0
4032,2025-03-22,S24,S43,S,95,False,380.0
4033,2025-03-22,S8,S11,R,15,True,180.0
4034,2025-03-22,S30,S37,R,35,True,420.0
4035,2025-03-22,S20,S41,R,105,True,1260.0
4036,2025-03-22,S29,S14,S,75,False,300.0
4037,2025-03-22,S32,S46,S,70,False,280.0
4038,2025-03-22,S11,S7,SC,20,False,100.0
4039,2025-03-22,S39,S7,SC,160,True,960.0
4040,2025-03-22,S5,S2,SC,15,False,75.0
4041,2025-03-22,S39,S4,SC,175,True,1050.0
4042,2025-03-22,S2,S48,R,230,True,2760.0
4043,2025-03-22,S17,S7,S,50,False,200.0
4044,2025-03-22,S5,S8,SC,15,True,90.0
4045,2025-03-22,S14,S29,S,75,True,360.0
4046,2025-03-22,S2,S7,SC,25,True,150.0
4047,2025-03-22,S4,S27,SC,115,False,575.0
4048,2025-03-22,S25,S32,S,35,False,140.0
4049,2025-03-22,S31,S12,SC,95,True,570.0
4050,2025-03-22,S40,S3,SC,185,False,925.0
4051,2025-03-23,S31,S37,S,30,False,120.0
4052,2025-03-23,S5,S25,S,100,True,480.0
4053,2025-03-23,S1,S31,SC,150,False,750.0
4054,2025-03-23,S40,S38,SC,10,False,50.0
4055,2025-03-23,S23,S19,R,20,False,200.0
4056,2025-03-23,S16,S22,SC,30,False,150.0
4057,2025-03-23,S16,S6,S,50,False,200.0
4058,2025-03-23,S3,S38,S,175,False,700.0
4059,2025-03-23,S12,S15,SC,15,True,90.0
4060,2025-03-23,S13,S8,R,25,True,300.0
4061,2025-03-23,S3,S22,SC,95,True,570.0
4062,2025-03-23,S9,S40,SC,155,False,775.0
4063,2025-03-23,S45,S9,SC,180,True,1080.0
4064,2025-03-23,S11,S41,S,150,True,720.0
4065,2025-03-23,S13,S9,SC,20,False,100.0
4066,2025-03-23,S37,S43,SC,30,True,180.0
4067,2025-03-23,S44,S31,SC,65,False,325.0
4068,2025-03-23,S2,S48,R,230,True,2760.0
4069,2025-03-23,S48,S21,R,135,True,1620.0
4070,2025-03-23,S39,S13,R,130,False,1300.0
4071,2025-03-23,S16,S31,R,75,False,750.0
4072,2025-03-23,S35,S12,SC,115,False,575.0
4073,2025-03-23,S10,S3,S,35,False,140.0
4074,2025-03-23,S45,S14,S,155,False,620.0
4075,2025-03-23,S32,S37,R,25,False,250.0
4076,2025-03-23,S50,S32,SC,90,False,450.0
4077,2025-03-23,S38,S26,R,60,True,720.0
4078,2025-03-23,S39,S1,SC,190,False,950.0
4079,2025-03-23,S30,S15,R,75,True,900.0
4080,2025-03-23,S50,S49,S,5,True,24.0
4081,2025-03-23,S31,S50,R,95,False,950.0
4082,2025-03-23,S26,S44,R,90,True,1080.0
4083,2025-03-23,S20,S34,S,70,False,280.0
4084,2025-03-23,S8,S42,S,170,False,680.0
4085,2025-03-23,S14,S50,S,180,False,720.0
4086,2025-03-23,S33,S43,SC,50,True,300.0
4087,2025-03-23,S39,S46,SC,35,True,210.0
4088,2025-03-23,S18,S9,SC,45,True,270.0
4089,2025-03-23,S24,S41,S,85,False,340.0
4090,2025-03-23,S6,S16,R,50,True,600.0
4091,2025-03-23,S37,S45,SC,40,False,200.0
4092,2025-03-23,S39,S43,S,20,True,96.0
4093,2025-03-23,S39,S1,S,190,False,760.0
4094,2025-03-23,S39,S37,SC,10,True,60.0
4095,2025-03-23,S22,S3,R,95,True,1140.0
4096,2025-03-23,S1,S9,S,40,False,160.0
4097,2025-03-23,S35,S13,S,110,False,440.0
4098,2025-03-23,S3,S13,SC,50,False,250.0
4099,2025-03-23,S34,S14,R,100,True,1200.0
4100,2025-03-23,S2,S35,R,165,True,1980.0
4101,2025-03-24,S40,S29,R,55,True,660.0
4102,2025-03-24,S31,S7,R,120,False,1200.0
4103,2025-03-24,S15,S3,SC,60,True,360.0
4104,2025-03-24,S31,S1,S,150,True,720.0
4105,2025-03-24,S33,S13,S,100,True,480.0
4106,2025-03-24,S47,S26,R,105,False,1050.0
4107,2025-03-24,S17,S46,S,145,True,696.0
4108,2025-03-24,S33,S8,S,125,False,500.0
4109,2025-03-24,S30,S12,SC,90,False,450.0
4110,2025-03-24,S17,S32,SC,75,False,375.0
4111,2025-03-24,S39,S21,R,90,False,900.0
4112,2025-03-24,S42,S49,S,35,True,168.0
4113,2025-03-24,S2,S27,S,125,False,500.0
4114,2025-03-24,S33,S50,R,85,True,1020.0
4115,2025-03-24,S15,S3,SC,60,False,300.0
4116,2025-03-24,S50,S22,SC,140,True,840.0
4117,2025-03-24,S42,S1,S,205,False,820.0
4118,2025-03-24,S8,S1,R,35,False,350.0
4119,2025-03-24,S32,S50,S,90,False,360.0
4120,2025-03-24,S24,S48,R,120,True,1440.0
4121,2025-03-24,S42,S12,SC,150,True,900.0
4122,2025-03-24,S35,S45,S,50,False,200.0
4123,2025-03-24,S50,S17,S,165,False,660.0
4124,2025-03-24,S19,S1,S,90,True,432.0
4125,2025-03-24,S7,S42,SC,175,True,1050.0
4126,2025-03-24,S21,S26,R,25,True,300.0
4127,2025-03-24,S48,S39,R,45,True,540.0
4128,2025-03-24,S49,S10,R,195,False,1950.0
4129,2025-03-24,S36,S16,SC,100,True,600.0
4130,2025-03-24,S18,S20,R,10,False,100.0
4131,2025-03-24,S38,S45,SC,35,True,210.0
4132,2025-03-24,S35,S50,R,75,False,750.0
4133,2025-03-24,S48,S24,S,120,False,480.0
4134,2025-03-24,S32,S7,S,125,True,600.0
4135,2025-03-24,S3,S9,S,30,True,144.0
4136,2025-03-24,S9,S31,S,110,False,440.0
4137,2025-03-24,S2,S16,SC,70,True,420.0
4138,2025-03-24,S4,S27,R,115,True,1380.0
4139,2025-03-24,S24,S42,SC,90,False,450.0
4140,2025-03-24,S14,S31,R,85,False,850.0
4141,2025-03-24,S24,S4,S,100,True,480.0
4142,2025-03-24,S35,S6,S,145,True,696.0
4143,2025-03-24,S26,S41,R,75,True,900.0
4144,2025-03-24,S12,S26,S,70,True,336.0
4145,2025-03-24,S28,S35,S,35,True,168.0
4146,2025-03-24,S50,S17,S,165,True,792.0
4147,2025-03-24,S40,S10,R,150,True,1800.0
4148,2025-03-24,S22,S9,SC,65,False,325.0
4149,2025-03-24,S38,S27,SC,55,False,275.0
4150,2025-03-24,S45,S50,R,25,False,250.0
4151,2025-03-25,S36,S42,R,30,True,360.0
4152,2025-03-25,S34,S21,SC,65,False,325.0
4153,2025-03-25,S14,S45,SC,155,False,775.0
4154,2025-03-25,S25,S39,R,70,False,700.0
4155,2025-03-25,S39,S41,S,10,True,48.0
4156,2025-03-25,S7,S46,R,195,False,1950.0
4157,2025-03-25,S26,S45,S,95,False,380.0
4158,2025-03-25,S36,S1,S,175,False,700.0
4159,2025-03-25,S3,S33,S,150,False,600.0
4160,2025-03-25,S2,S3,SC,5,False,25.0
4161,2025-03-25,S1,S21,SC,100,True,600.0
4162,2025-03-25,S48,S29,SC,95,True,570.0
4163,2025-03-25,S9,S42,R,165,False,1650.0
4164,2025-03-25,S46,S38,SC,40,False,200.0
4165,2025-03-25,S40,S45,R,25,True,300.0
4166,2025-03-25,S43,S37,S,30,True,144.0
4167,2025-03-25,S22,S29,R,35,False,350.0
4168,2025-03-25,S46,S2,S,220,False,880.0
4169,2025-03-25,S15,S45,R,150,True,1800.0
4170,2025-03-25,S25,S9,S,80,False,320.0
4171,2025-03-25,S11,S15,R,20,True,240.0
4172,2025-03-25,S27,S41,S,70,True,336.0
4173,2025-03-25,S10,S21,R,55,True,660.0
4174,2025-03-25,S18,S47,R,145,False,1450.0
4175,2025-03-25,S25,S2,SC,115,False,575.0
4176,2025-03-25,S26,S1,SC,125,False,625.0
4177,2025-03-25,S3,S7,SC,20,True,120.0
4178,2025-03-25,S26,S29,SC,15,True,90.0
4179,2025-03-25,S36,S28,R,40,True,480.0
4180,2025-03-25,S34,S23,R,55,True,660.0
4181,2025-03-25,S22,S25,S,15,True,72.0
4182,2025-03-25,S1,S9,R,40,False,400.0
4183,2025-03-25,S13,S3,S,50,False,200.0
4184,2025-03-25,S42,S22,SC,100,False,500.0
4185,2025-03-25,S17,S10,S,35,True,168.0
4186,2025-03-25,S4,S9,R,25,True,300.0
4187,2025-03-25,S42,S29,S,65,False,260.0
4188,2025-03-25,S43,S28,S,75,False,300.0
4189,2025-03-25,S27,S34,SC,35,False,175.0
4190,2025-03-25,S4,S11,S,35,False,140.0
4191,2025-03-25,S9,S4,SC,25,True,150.0
4192,2025-03-25,S17,S36,SC,95,True,570.0
4193,2025-03-25,S34,S15,R,95,True,1140.0
4194,2025-03-25,S46,S22,SC,120,True,720.0
4195,2025-03-25,S27,S20,R,35,True,420.0
4196,2025-03-25,S45,S42,SC,15,False,75.0
4197,2025-03-25,S24,S28,SC,20,False,100.0
4198,2025-03-25,S46,S10,S,180,False,720.0
4199,2025-03-25,S36,S9,S,135,True,648.0
4200,2025-03-25,S5,S28,SC,115,True,690.0
4201,2025-03-26,S11,S41,S,150,True,720.0
4202,2025-03-26,S13,S20,R,35,False,350.0
4203,2025-03-26,S31,S47,SC,80,False,400.0
4204,2025-03-26,S5,S48,R,215,True,2580.0
4205,2025-03-26,S34,S39,R,25,False,250.0
4206,2025-03-26,S37,S26,R,55,False,550.0
4207,2025-03-26,S20,S1,S,95,False,380.0
4208,2025-03-26,S40,S35,SC,25,True,150.0
4209,2025-03-26,S25,S16,SC,45,False,225.0
4210,2025-03-26,S9,S48,SC,195,True,1170.0
4211,2025-03-26,S16,S24,S,40,True,192.0
4212,2025-03-26,S14,S1,S,65,False,260.0
4213,2025-03-26,S49,S7,S,210,False,840.0
4214,2025-03-26,S45,S6,R,195,True,2340.0
4215,2025-03-26,S37,S30,SC,35,True,210.0
4216,2025-03-26,S32,S11,S,105,False,420.0
4217,2025-03-26,S38,S33,R,25,False,250.0
4218,2025-03-26,S41,S50,SC,45,True,270.0
4219,2025-03-26,S45,S46,SC,5,True,30.0
4220,2025-03-26,S19,S44,R,125,True,1500.0
4221,2025-03-26,S17,S32,S,75,True,360.0
4222,2025-03-26,S6,S26,S,100,True,480.0
4223,2025-03-26,S34,S49,S,75,True,360.0
4224,2025-03-26,S18,S27,R,45,False,450.0
4225,2025-03-26,S43,S33,R,50,True,600.0
4226,2025-03-26,S28,S19,S,45,False,180.0
4227,2025-03-26,S13,S3,SC,50,True,300.0
4228,2025-03-26,S47,S3,SC,220,False,1100.0
4229,2025-03-26,S47,S21,SC,130,False,650.0
4230,2025-03-26,S43,S33,SC,50,False,250.0
4231,2025-03-26,S27,S31,S,20,True,96.0
4232,2025-03-26,S45,S11,SC,170,True,1020.0
4233,2025-03-26,S25,S16,SC,45,False,225.0
4234,2025-03-26,S33,S12,SC,105,True,630.0
4235,2025-03-26,S47,S22,S,125,True,600.0
4236,2025-03-26,S37,S38,R,5,True,60.0
4237,2025-03-26,S31,S19,SC,60,True,360.0
4238,2025-03-26,S47,S33,R,70,True,840.0
4239,2025-03-26,S38,S50,S,60,True,288.0
4240,2025-03-26,S18,S3,S,75,False,300.0
4241,2025-03-26,S33,S32,R,5,False,50.0
4242,2025-03-26,S31,S27,SC,20,False,100.0
4243,2025-03-26,S16,S20,S,20,False,80.0
4244,2025-03-26,S26,S25,S,5,True,24.0
4245,2025-03-26,S47,S20,SC,135,False,675.0
4246,2025-03-26,S1,S34,R,165,True,1980.0
4247,2025-03-26,S34,S13,SC,105,True,630.0
4248,2025-03-26,S33,S41,R,40,False,400.0
4249,2025-03-26,S9,S3,SC,30,False,150.0
4250,2025-03-26,S27,S32,S,25,True,120.0
4251,2025-03-27,S20,S17,S,15,False,60.0
4252,2025-03-27,S35,S41,S,30,False,120.0
4253,2025-03-27,S30,S49,S,95,False,380.0
4254,2025-03-27,S43,S31,R,60,True,720.0
4255,2025-03-27,S6,S43,S,185,False,740.0
4256,2025-03-27,S43,S23,SC,100,False,500.0
4257,2025-03-27,S1,S48,SC,235,True,1410.0
4258,2025-03-27,S19,S43,R,120,True,1440.0
4259,2025-03-27,S1,S13,SC,60,False,300.0
4260,2025-03-27,S28,S35,S,35,False,140.0
4261,2025-03-27,S26,S40,R,70,True,840.0
4262,2025-03-27,S5,S6,R,5,True,60.0
4263,2025-03-27,S41,S33,R,40,True,480.0
4264,2025-03-27,S31,S35,SC,20,False,100.0
4265,2025-03-27,S18,S43,R,125,False,1250.0
4266,2025-03-27,S25,S29,S,20,True,96.0
4267,2025-03-27,S35,S7,SC,140,True,840.0
4268,2025-03-27,S29,S37,SC,40,False,200.0
4269,2025-03-27,S24,S5,SC,95,True,570.0
4270,2025-03-27,S38,S44,R,30,False,300.0
4271,2025-03-27,S1,S36,SC,175,True,1050.0
4272,2025-03-27,S26,S6,R,100,False,1000.0
4273,2025-03-27,S1,S40,S,195,False,780.0
4274,2025-03-27,S10,S46,R,180,False,1800.0
4275,2025-03-27,S1,S6,SC,25,False,125.0
4276,2025-03-27,S8,S16,S,40,True,192.0
4277,2025-03-27,S27,S4,S,115,True,552.0
4278,2025-03-27,S41,S14,S,135,True,648.0
4279,2025-03-27,S35,S46,S,55,True,264.0
4280,2025-03-27,S28,S9,SC,95,True,570.0
4281,2025-03-27,S27,S48,SC,105,False,525.0
4282,2025-03-27,S24,S16,SC,40,False,200.0
4283,2025-03-27,S23,S48,S,125,True,600.0
4284,2025-03-27,S34,S3,SC,155,True,930.0
4285,2025-03-27,S23,S15,R,40,False,400.0
4286,2025-03-27,S50,S26,S,120,False,480.0
4287,2025-03-27,S21,S45,S,120,True,576.0
4288,2025-03-27,S35,S30,SC,25,False,125.0
4289,2025-03-27,S50,S11,SC,195,True,1170.0
4290,2025-03-27,S14,S45,SC,155,True,930.0
4291,2025-03-27,S33,S49,SC,80,True,480.0
4292,2025-03-27,S20,S28,SC,40,False,200.0
4293,2025-03-27,S16,S14,SC,10,True,60.0
4294,2025-03-27,S13,S41,R,140,True,1680.0
4295,2025-03-27,S22,S2,S,100,False,400.0
4296,2025-03-27,S30,S17,S,65,True,312.0
4297,2025-03-27,S37,S49,S,60,True,288.0
4298,2025-03-27,S14,S27,S,65,False,260.0
4299,2025-03-27,S23,S15,R,40,True,480.0
4300,2025-03-27,S44,S29,S,75,False,300.0
4301,2025-03-28,S35,S11,S,120,False,480.0
4302,2025-03-28,S1,S33,SC,160,False,800.0
4303,2025-03-28,S5,S26,S,105,False,420.0
4304,2025-03-28,S22,S14,S,40,False,160.0
4305,2025-03-28,S31,S3,R,140,False,1400.0
4306,2025-03-28,S47,S12,R,175,True,2100.0
4307,2025-03-28,S4,S24,R,100,False,1000.0
4308,2025-03-28,S15,S23,SC,40,False,200.0
4309,2025-03-28,S13,S2,R,55,True,660.0
4310,2025-03-28,S22,S25,S,15,False,60.0
4311,2025-03-28,S12,S18,SC,30,True,180.0
4312,2025-03-28,S42,S45,R,15,True,180.0
4313,2025-03-28,S13,S25,R,60,True,720.0
4314,2025-03-28,S35,S21,S,70,True,336.0
4315,2025-03-28,S10,S8,R,10,True,120.0
4316,2025-03-28,S32,S13,SC,95,False,475.0
4317,2025-03-28,S10,S8,S,10,True,48.0
4318,2025-03-28,S48,S6,R,210,False,2100.0
4319,2025-03-28,S38,S18,R,100,True,1200.0
4320,2025-03-28,S19,S23,R,20,False,200.0
4321,2025-03-28,S38,S32,R,30,False,300.0
4322,2025-03-28,S4,S1,SC,15,True,90.0
4323,2025-03-28,S44,S39,S,25,True,120.0
4324,2025-03-28,S40,S10,SC,150,True,900.0
4325,2025-03-28,S13,S31,S,90,True,432.0
4326,2025-03-28,S45,S13,S,160,True,768.0
4327,2025-03-28,S36,S10,SC,130,True,780.0
4328,2025-03-28,S11,S33,SC,110,True,660.0
4329,2025-03-28,S19,S36,R,85,True,1020.0
4330,2025-03-28,S36,S43,R,35,False,350.0
4331,2025-03-28,S10,S13,S,15,False,60.0
4332,2025-03-28,S17,S4,R,65,True,780.0
4333,2025-03-28,S7,S48,SC,205,False,1025.0
4334,2025-03-28,S20,S28,R,40,False,400.0
4335,2025-03-28,S47,S17,SC,150,False,750.0
4336,2025-03-28,S45,S44,SC,5,True,30.0
4337,2025-03-28,S43,S17,SC,130,False,650.0
4338,2025-03-28,S36,S37,R,5,False,50.0
4339,2025-03-28,S33,S29,R,20,False,200.0
4340,2025-03-28,S48,S43,R,25,False,250.0
4341,2025-03-28,S14,S3,R,55,True,660.0
4342,2025-03-28,S39,S49,R,50,True,600.0
4343,2025-03-28,S17,S48,R,155,False,1550.0
4344,2025-03-28,S35,S4,R,155,False,1550.0
4345,2025-03-28,S7,S6,S,5,False,20.0
4346,2025-03-28,S27,S10,S,85,True,408.0
4347,2025-03-28,S24,S16,S,40,False,160.0
4348,2025-03-28,S25,S35,R,50,False,500.0
4349,2025-03-28,S22,S39,S,85,True,408.0
4350,2025-03-28,S25,S30,S,25,False,100.0
4351,2025-03-29,S29,S50,R,105,True,1260.0
4352,2025-03-29,S6,S41,R,175,False,1750.0
4353,2025-03-29,S36,S35,SC,5,True,30.0
4354,2025-03-29,S5,S16,SC,55,True,330.0
4355,2025-03-29,S44,S16,SC,140,False,700.0
4356,2025-03-29,S24,S11,SC,65,False,325.0
4357,2025-03-29,S40,S31,R,45,True,540.0
4358,2025-03-29,S18,S6,SC,60,False,300.0
4359,2025-03-29,S19,S16,S,15,False,60.0
4360,2025-03-29,S24,S34,SC,50,False,250.0
4361,2025-03-29,S45,S18,SC,135,True,810.0
4362,2025-03-29,S6,S49,R,215,False,2150.0
4363,2025-03-29,S4,S15,R,55,True,660.0
4364,2025-03-29,S41,S16,SC,125,False,625.0
4365,2025-03-29,S12,S23,R,55,False,550.0
4366,2025-03-29,S1,S17,R,80,False,800.0
4367,2025-03-29,S16,S39,R,115,False,1150.0
4368,2025-03-29,S1,S43,R,210,True,2520.0
4369,2025-03-29,S37,S16,S,105,False,420.0
4370,2025-03-29,S22,S12,R,50,False,500.0
4371,2025-03-29,S3,S46,SC,215,True,1290.0
4372,2025-03-29,S47,S44,R,15,True,180.0
4373,2025-03-29,S30,S10,SC,100,True,600.0
4374,2025-03-29,S33,S24,R,45,True,540.0
4375,2025-03-29,S42,S20,S,110,False,440.0
4376,2025-03-29,S37,S30,R,35,True,420.0
4377,2025-03-29,S48,S50,S,10,False,40.0
4378,2025-03-29,S11,S48,SC,185,False,925.0
4379,2025-03-29,S43,S25,SC,90,True,540.0
4380,2025-03-29,S1,S41,R,200,True,2400.0
4381,2025-03-29,S15,S37,S,110,True,528.0
4382,2025-03-29,S22,S31,SC,45,False,225.0
4383,2025-03-29,S10,S12,R,10,True,120.0
4384,2025-03-29,S44,S37,SC,35,False,175.0
4385,2025-03-29,S45,S38,S,35,False,140.0
4386,2025-03-29,S12,S27,SC,75,True,450.0
4387,2025-03-29,S13,S31,S,90,True,432.0
4388,2025-03-29,S37,S43,S,30,True,144.0
4389,2025-03-29,S7,S46,SC,195,False,975.0
4390,2025-03-29,S7,S25,SC,90,False,450.0
4391,2025-03-29,S4,S41,SC,185,True,1110.0
4392,2025-03-29,S16,S6,S,50,True,240.0
4393,2025-03-29,S32,S29,SC,15,False,75.0
4394,2025-03-29,S4,S29,SC,125,False,625.0
4395,2025-03-29,S26,S5,S,105,True,504.0
4396,2025-03-29,S4,S6,R,10,True,120.0
4397,2025-03-29,S33,S44,SC,55,False,275.0
4398,2025-03-29,S46,S39,S,35,False,140.0
4399,2025-03-29,S24,S33,R,45,True,540.0
4400,2025-03-29,S12,S43,SC,155,True,930.0
4401,2025-03-30,S48,S23,R,125,True,1500.0
4402,2025-03-30,S45,S33,R,60,False,600.0
4403,2025-03-30,S10,S24,SC,70,True,420.0
4404,2025-03-30,S43,S40,SC,15,True,90.0
4405,2025-03-30,S9,S31,R,110,False,1100.0
4406,2025-03-30,S3,S38,S,175,False,700.0
4407,2025-03-30,S37,S22,R,75,True,900.0
4408,2025-03-30,S14,S26,S,60,True,288.0
4409,2025-03-30,S44,S39,S,25,False,100.0
4410,2025-03-30,S10,S2,R,40,False,400.0
4411,2025-03-30,S16,S42,S,130,True,624.0
4412,2025-03-30,S35,S37,S,10,True,48.0
4413,2025-03-30,S7,S13,S,30,True,144.0
4414,2025-03-30,S10,S7,SC,15,False,75.0
4415,2025-03-30,S39,S45,S,30,False,120.0
4416,2025-03-30,S10,S8,R,10,False,100.0
4417,2025-03-30,S42,S47,S,25,True,120.0
4418,2025-03-30,S25,S38,SC,65,False,325.0
4419,2025-03-30,S22,S28,R,30,False,300.0
4420,2025-03-30,S25,S17,SC,40,False,200.0
4421,2025-03-30,S12,S38,S,130,True,624.0
4422,2025-03-30,S16,S49,R,165,True,1980.0
4423,2025-03-30,S41,S15,S,130,False,520.0
4424,2025-03-30,S43,S13,SC,150,True,900.0
4425,2025-03-30,S46,S23,SC,115,False,575.0
4426,2025-03-30,S14,S25,S,55,True,264.0
4427,2025-03-30,S28,S16,SC,60,True,360.0
4428,2025-03-30,S11,S47,S,180,False,720.0
4429,2025-03-30,S45,S34,SC,55,True,330.0
4430,2025-03-30,S31,S46,SC,75,True,450.0
4431,2025-03-30,S45,S15,SC,150,False,750.0
4432,2025-03-30,S31,S14,R,85,False,850.0
4433,2025-03-30,S38,S15,S,115,False,460.0
4434,2025-03-30,S50,S37,SC,65,False,325.0
4435,2025-03-30,S46,S19,SC,135,True,810.0
4436,2025-03-30,S45,S28,SC,85,True,510.0
4437,2025-03-30,S49,S18,SC,155,True,930.0
4438,2025-03-30,S41,S40,SC,5,False,25.0
4439,2025-03-30,S11,S34,SC,115,False,575.0
4440,2025-03-30,S3,S42,SC,195,True,1170.0
4441,2025-03-30,S35,S3,R,160,False,1600.0
4442,2025-03-30,S11,S45,S,170,True,816.0
4443,2025-03-30,S45,S15,S,150,True,720.0
4444,2025-03-30,S13,S8,S,25,True,120.0
4445,2025-03-30,S11,S15,SC,20,False,100.0
4446,2025-03-30,S35,S11,SC,120,True,720.0
4447,2025-03-30,S36,S24,R,60,False,600.0
4448,2025-03-30,S30,S22,SC,40,False,200.0
4449,2025-03-30,S50,S22,R,140,False,1400.0
4450,2025-03-30,S37,S1,S,180,True,864.0
4451,2025-03-31,S1,S23,R,110,False,1100.0
4452,2025-03-31,S10,S45,S,175,False,700.0
4453,2025-03-31,S19,S35,SC,80,True,480.0
4454,2025-03-31,S13,S30,SC,85,True,510.0
4455,2025-03-31,S12,S18,S,30,True,144.0
4456,2025-03-31,S23,S28,SC,25,True,150.0
4457,2025-03-31,S13,S41,SC,140,True,840.0
4458,2025-03-31,S18,S29,S,55,False,220.0
4459,2025-03-31,S29,S46,SC,85,True,510.0
4460,2025-03-31,S12,S46,S,170,True,816.0
4461,2025-03-31,S39,S50,S,55,True,264.0
4462,2025-03-31,S38,S37,R,5,False,50.0
4463,2025-03-31,S1,S44,S,215,False,860.0
4464,2025-03-31,S4,S35,SC,155,False,775.0
4465,2025-03-31,S48,S42,S,30,False,120.0
4466,2025-03-31,S18,S22,S,20,True,96.0
4467,2025-03-31,S36,S24,S,60,True,288.0
4468,2025-03-31,S9,S22,R,65,False,650.0
4469,2025-03-31,S5,S49,SC,220,True,1320.0
4470,2025-03-31,S50,S31,R,95,False,950.0
4471,2025-03-31,S18,S41,R,115,True,1380.0
4472,2025-03-31,S15,S26,R,55,True,660.0
4473,2025-03-31,S18,S49,R,155,False,1550.0
4474,2025-03-31,S16,S5,S,55,True,264.0
4475,2025-03-31,S6,S41,R,175,True,2100.0
4476,2025-03-31,S16,S3,SC,65,True,390.0
4477,2025-03-31,S5,S2,S,15,True,72.0
4478,2025-03-31,S30,S47,SC,85,False,425.0
4479,2025-03-31,S20,S31,SC,55,True,330.0
4480,2025-03-31,S36,S18,R,90,True,1080.0
4481,2025-03-31,S31,S7,SC,120,True,720.0
4482,2025-03-31,S36,S45,S,45,True,216.0
4483,2025-03-31,S45,S17,SC,140,True,840.0
4484,2025-03-31,S16,S30,SC,70,False,350.0
4485,2025-03-31,S15,S10,R,25,True,300.0
4486,2025-03-31,S26,S33,SC,35,True,210.0
4487,2025-03-31,S40,S33,R,35,True,420.0
4488,2025-03-31,S14,S17,R,15,True,180.0
4489,2025-03-31,S41,S18,SC,115,True,690.0
4490,2025-03-31,S18,S12,SC,30,True,180.0
4491,2025-03-31,S5,S41,SC,180,True,1080.0
4492,2025-03-31,S1,S40,R,195,True,2340.0
4493,2025-03-31,S29,S23,R,30,False,300.0
4494,2025-03-31,S1,S4,SC,15,False,75.0
4495,2025-03-31,S30,S5,SC,125,True,750.0
4496,2025-03-31,S29,S9,SC,100,False,500.0
4497,2025-03-31,S27,S2,R,125,False,1250.0
4498,2025-03-31,S49,S21,R,140,True,1680.0
4499,2025-03-31,S15,S14,S,5,False,20.0
4500,2025-03-31,S37,S48,R,55,False,550.0
4501,2025-04-01,S5,S42,S,185,True,888.0
4502,2025-04-01,S27,S42,SC,75,True,450.0
4503,2025-04-01,S11,S22,SC,55,True,330.0
4504,2025-04-01,S1,S35,S,170,True,816.0
4505,2025-04-01,S9,S5,SC,20,True,120.0
4506,2025-04-01,S19,S47,S,140,True,672.0
4507,2025-04-01,S46,S11,S,175,True,840.0
4508,2025-04-01,S41,S19,S,110,True,528.0
4509,2025-04-01,S34,S39,R,25,True,300.0
4510,2025-04-01,S47,S1,SC,230,False,1150.0
4511,2025-04-01,S50,S25,S,125,True,600.0
4512,2025-04-01,S31,S33,S,10,False,40.0
4513,2025-04-01,S4,S43,SC,195,False,975.0
4514,2025-04-01,S18,S10,S,40,True,192.0
4515,2025-04-01,S2,S30,S,140,False,560.0
4516,2025-04-01,S3,S1,S,10,True,48.0
4517,2025-04-01,S18,S46,R,140,False,1400.0
4518,2025-04-01,S10,S9,S,5,True,24.0
4519,2025-04-01,S3,S10,S,35,False,140.0
4520,2025-04-01,S45,S32,R,65,True,780.0
4521,2025-04-01,S34,S6,SC,140,True,840.0
4522,2025-04-01,S39,S6,R,165,False,1650.0
4523,2025-04-01,S10,S39,SC,145,True,870.0
4524,2025-04-01,S5,S28,SC,115,False,575.0
4525,2025-04-01,S9,S42,R,165,True,1980.0
4526,2025-04-01,S7,S40,R,165,False,1650.0
4527,2025-04-01,S21,S36,R,75,True,900.0
4528,2025-04-01,S22,S21,SC,5,False,25.0
4529,2025-04-01,S34,S32,R,10,True,120.0
4530,2025-04-01,S27,S9,S,90,True,432.0
4531,2025-04-01,S48,S31,SC,85,False,425.0
4532,2025-04-01,S12,S30,R,90,False,900.0
4533,2025-04-01,S37,S29,SC,40,False,200.0
4534,2025-04-01,S8,S12,S,20,True,96.0
4535,2025-04-01,S23,S32,S,45,True,216.0
4536,2025-04-01,S48,S40,R,40,True,480.0
4537,2025-04-01,S3,S47,S,220,True,1056.0
4538,2025-04-01,S17,S48,SC,155,True,930.0
4539,2025-04-01,S16,S3,SC,65,False,325.0
4540,2025-04-01,S43,S21,SC,110,True,660.0
4541,2025-04-01,S6,S31,S,125,False,500.0
4542,2025-04-01,S14,S32,S,90,True,432.0
4543,2025-04-01,S20,S50,SC,150,False,750.0
4544,2025-04-01,S45,S2,S,215,True,1032.0
4545,2025-04-01,S37,S10,R,135,True,1620.0
4546,2025-04-01,S37,S14,S,115,False,460.0
4547,2025-04-01,S32,S11,S,105,True,504.0
4548,2025-04-01,S47,S50,R,15,True,180.0
4549,2025-04-01,S32,S19,R,65,False,650.0
4550,2025-04-01,S48,S39,R,45,False,450.0
4551,2025-04-02,S42,S3,SC,195,False,975.0
4552,2025-04-02,S43,S34,R,45,False,450.0
4553,2025-04-02,S7,S37,R,150,True,1800.0
4554,2025-04-02,S32,S16,SC,80,True,480.0
4555,2025-04-02,S29,S46,SC,85,False,425.0
4556,2025-04-02,S34,S14,S,100,True,480.0
4557,2025-04-02,S35,S21,R,70,True,840.0
4558,2025-04-02,S16,S28,R,60,False,600.0
4559,2025-04-02,S33,S3,SC,150,False,750.0
4560,2025-04-02,S11,S22,S,55,True,264.0
4561,2025-04-02,S30,S33,S,15,True,72.0
4562,2025-04-02,S6,S15,R,45,True,540.0
4563,2025-04-02,S1,S7,R,30,True,360.0
4564,2025-04-02,S37,S45,R,40,False,400.0
4565,2025-04-02,S28,S39,R,55,False,550.0
4566,2025-04-02,S4,S25,S,105,True,504.0
4567,2025-04-02,S50,S6,SC,220,True,1320.0
4568,2025-04-02,S2,S48,R,230,False,2300.0
4569,2025-04-02,S43,S29,SC,70,False,350.0
4570,2025-04-02,S25,S38,S,65,True,312.0
4571,2025-04-02,S21,S41,SC,100,False,500.0
4572,2025-04-02,S20,S3,SC,85,True,510.0
4573,2025-04-02,S46,S18,SC,140,False,700.0
4574,2025-04-02,S49,S47,SC,10,True,60.0
4575,2025-04-02,S47,S20,R,135,True,1620.0
4576,2025-04-02,S48,S21,SC,135,False,675.0
4577,2025-04-02,S20,S18,SC,10,True,60.0
4578,2025-04-02,S23,S14,R,45,False,450.0
4579,2025-04-02,S5,S19,SC,70,False,350.0
4580,2025-04-02,S41,S2,R,195,False,1950.0
4581,2025-04-02,S16,S28,SC,60,True,360.0
4582,2025-04-02,S39,S5,S,170,False,680.0
4583,2025-04-02,S3,S12,SC,45,True,270.0
4584,2025-04-02,S7,S40,S,165,False,660.0
4585,2025-04-02,S36,S9,R,135,True,1620.0
4586,2025-04-02,S46,S6,SC,200,False,1000.0
4587,2025-04-02,S39,S1,R,190,True,2280.0
4588,2025-04-02,S42,S2,R,200,False,2000.0
4589,2025-04-02,S32,S18,S,70,False,280.0
4590,2025-04-02,S47,S35,S,60,False,240.0
4591,2025-04-02,S5,S3,R,10,False,100.0
4592,2025-04-02,S18,S41,R,115,True,1380.0
4593,2025-04-02,S40,S41,S,5,True,24.0
4594,2025-04-02,S43,S33,S,50,False,200.0
4595,2025-04-02,S4,S42,SC,190,False,950.0
4596,2025-04-02,S46,S47,SC,5,False,25.0
4597,2025-04-02,S35,S13,S,110,True,528.0
4598,2025-04-02,S27,S10,SC,85,True,510.0
4599,2025-04-02,S30,S34,S,20,True,96.0
4600,2025-04-02,S50,S24,S,130,False,520.0
4601,2025-04-03,S44,S19,S,125,False,500.0
4602,2025-04-03,S27,S11,R,80,True,960.0
4603,2025-04-03,S35,S46,R,55,True,660.0
4604,2025-04-03,S21,S47,S,130,False,520.0
4605,2025-04-03,S35,S12,S,115,True,552.0
4606,2025-04-03,S7,S28,R,105,True,1260.0
4607,2025-04-03,S40,S44,SC,20,False,100.0
4608,2025-04-03,S7,S34,S,135,True,648.0
4609,2025-04-03,S12,S15,SC,15,False,75.0
4610,2025-04-03,S6,S15,R,45,False,450.0
4611,2025-04-03,S41,S14,S,135,False,540.0
4612,2025-04-03,S5,S30,SC,125,True,750.0
4613,2025-04-03,S27,S9,R,90,True,1080.0
4614,2025-04-03,S15,S38,R,115,True,1380.0
4615,2025-04-03,S47,S39,S,40,False,160.0
4616,2025-04-03,S27,S33,SC,30,False,150.0
4617,2025-04-03,S21,S23,SC,10,False,50.0
4618,2025-04-03,S24,S44,SC,100,False,500.0
4619,2025-04-03,S4,S45,SC,205,False,1025.0
4620,2025-04-03,S35,S2,R,165,False,1650.0
4621,2025-04-03,S30,S2,SC,140,False,700.0
4622,2025-04-03,S5,S46,S,205,True,984.0
4623,2025-04-03,S25,S11,SC,70,True,420.0
4624,2025-04-03,S33,S19,R,70,False,700.0
4625,2025-04-03,S12,S35,S,115,False,460.0
4626,2025-04-03,S10,S37,S,135,True,648.0
4627,2025-04-03,S27,S24,S,15,False,60.0
4628,2025-04-03,S48,S35,R,65,True,780.0
4629,2025-04-03,S8,S6,R,10,False,100.0
4630,2025-04-03,S24,S41,S,85,True,408.0
4631,2025-04-03,S20,S5,R,75,False,750.0
4632,2025-04-03,S38,S19,R,95,False,950.0
4633,2025-04-03,S5,S18,SC,65,True,390.0
4634,2025-04-03,S27,S20,SC,35,True,210.0
4635,2025-04-03,S8,S37,R,145,True,1740.0
4636,2025-04-03,S50,S9,S,205,False,820.0
4637,2025-04-03,S8,S48,SC,200,True,1200.0
4638,2025-04-03,S13,S48,R,175,True,2100.0
4639,2025-04-03,S17,S13,R,20,False,200.0
4640,2025-04-03,S39,S3,SC,180,True,1080.0
4641,2025-04-03,S27,S2,R,125,True,1500.0
4642,2025-04-03,S22,S49,S,135,True,648.0
4643,2025-04-03,S37,S7,R,150,True,1800.0
4644,2025-04-03,S18,S35,S,85,True,408.0
4645,2025-04-03,S10,S3,R,35,True,420.0
4646,2025-04-03,S46,S25,S,105,False,420.0
4647,2025-04-03,S12,S47,R,175,True,2100.0
4648,2025-04-03,S19,S18,R,5,False,50.0
4649,2025-04-03,S1,S18,S,85,False,340.0
4650,2025-04-03,S12,S24,S,60,True,288.0
4651,2025-04-04,S8,S12,S,20,True,96.0
4652,2025-04-04,S42,S45,S,15,False,60.0
4653,2025-04-04,S16,S4,S,60,False,240.0
4654,2025-04-04,S1,S49,R,240,False,2400.0
4655,2025-04-04,S43,S5,SC,190,True,1140.0
4656,2025-04-04,S4,S19,SC,75,True,450.0
4657,2025-04-04,S33,S2,SC,155,False,775.0
4658,2025-04-04,S38,S18,S,100,True,480.0
4659,2025-04-04,S39,S7,SC,160,False,800.0
4660,2025-04-04,S49,S28,SC,105,False,525.0
4661,2025-04-04,S37,S5,S,160,False,640.0
4662,2025-04-04,S46,S18,SC,140,False,700.0
4663,2025-04-04,S50,S3,R,235,False,2350.0
4664,2025-04-04,S50,S2,SC,240,True,1440.0
4665,2025-04-04,S50,S9,S,205,True,984.0
4666,2025-04-04,S28,S45,S,85,True,408.0
4667,2025-04-04,S25,S50,S,125,False,500.0
4668,2025-04-04,S37,S4,SC,165,True,990.0
4669,2025-04-04,S42,S38,S,20,False,80.0
4670,2025-04-04,S26,S15,R,55,False,550.0
4671,2025-04-04,S11,S14,R,15,False,150.0
4672,2025-04-04,S44,S32,SC,60,False,300.0
4673,2025-04-04,S32,S18,R,70,True,840.0
4674,2025-04-04,S31,S11,S,100,False,400.0
4675,2025-04-04,S12,S24,SC,60,False,300.0
4676,2025-04-04,S48,S9,R,195,False,1950.0
4677,2025-04-04,S38,S34,R,20,True,240.0
4678,2025-04-04,S25,S35,S,50,True,240.0
4679,2025-04-04,S32,S50,S,90,True,432.0
4680,2025-04-04,S29,S11,SC,90,False,450.0
4681,2025-04-04,S26,S21,R,25,True,300.0
4682,2025-04-04,S10,S34,R,120,False,1200.0
4683,2025-04-04,S30,S31,SC,5,False,25.0
4684,2025-04-04,S26,S45,SC,95,True,570.0
4685,2025-04-04,S47,S43,R,20,False,200.0
4686,2025-04-04,S31,S45,R,70,False,700.0
4687,2025-04-04,S19,S39,SC,100,False,500.0
4688,2025-04-04,S31,S4,SC,135,False,675.0
4689,2025-04-04,S41,S31,S,50,False,200.0
4690,2025-04-04,S19,S34,S,75,True,360.0
4691,2025-04-04,S26,S31,R,25,True,300.0
4692,2025-04-04,S38,S34,S,20,False,80.0
4693,2025-04-04,S7,S16,S,45,True,216.0
4694,2025-04-04,S47,S29,R,90,False,900.0
4695,2025-04-04,S31,S13,R,90,False,900.0
4696,2025-04-04,S29,S48,S,95,False,380.0
4697,2025-04-04,S38,S4,R,170,False,1700.0
4698,2025-04-04,S47,S43,SC,20,False,100.0
4699,2025-04-04,S29,S34,R,25,False,250.0
4700,2025-04-04,S31,S36,SC,25,False,125.0
4701,2025-04-05,S9,S18,S,45,True,216.0
4702,2025-04-05,S44,S12,S,160,True,768.0
4703,2025-04-05,S31,S33,SC,10,True,60.0
4704,2025-04-05,S18,S35,SC,85,False,425.0
4705,2025-04-05,S40,S36,SC,20,False,100.0
4706,2025-04-05,S48,S12,S,180,True,864.0
4707,2025-04-05,S11,S6,SC,25,True,150.0
4708,2025-04-05,S18,S46,R,140,True,1680.0
4709,2025-04-05,S20,S5,SC,75,False,375.0
4710,2025-04-05,S20,S39,R,95,True,1140.0
4711,2025-04-05,S37,S43,S,30,True,144.0
4712,2025-04-05,S39,S4,S,175,True,840.0
4713,2025-04-05,S21,S45,R,120,False,1200.0
4714,2025-04-05,S44,S30,R,70,False,700.0
4715,2025-04-05,S19,S6,R,65,True,780.0
4716,2025-04-05,S31,S50,S,95,False,380.0
4717,2025-04-05,S16,S3,R,65,False,650.0
4718,2025-04-05,S11,S1,SC,50,True,300.0
4719,2025-04-05,S37,S12,SC,125,True,750.0
4720,2025-04-05,S12,S4,S,40,True,192.0
4721,2025-04-05,S13,S4,SC,45,False,225.0
4722,2025-04-05,S38,S13,R,125,True,1500.0
4723,2025-04-05,S8,S28,SC,100,False,500.0
4724,2025-04-05,S17,S36,S,95,False,380.0
4725,2025-04-05,S31,S47,R,80,True,960.0
4726,2025-04-05,S17,S35,R,90,True,1080.0
4727,2025-04-05,S44,S27,S,85,False,340.0
4728,2025-04-05,S44,S15,R,145,True,1740.0
4729,2025-04-05,S11,S29,S,90,False,360.0
4730,2025-04-05,S23,S40,R,85,False,850.0
4731,2025-04-05,S17,S36,R,95,True,1140.0
4732,2025-04-05,S8,S24,R,80,False,800.0
4733,2025-04-05,S6,S26,S,100,True,480.0
4734,2025-04-05,S45,S5,R,200,False,2000.0
4735,2025-04-05,S4,S50,R,230,True,2760.0
4736,2025-04-05,S42,S49,R,35,False,350.0
4737,2025-04-05,S1,S35,S,170,True,816.0
4738,2025-04-05,S28,S42,SC,70,True,420.0
4739,2025-04-05,S30,S4,S,130,True,624.0
4740,2025-04-05,S50,S20,R,150,True,1800.0
4741,2025-04-05,S9,S6,R,15,True,180.0
4742,2025-04-05,S24,S43,S,95,True,456.0
4743,2025-04-05,S14,S18,S,20,False,80.0
4744,2025-04-05,S11,S22,R,55,False,550.0
4745,2025-04-05,S42,S39,R,15,False,150.0
4746,2025-04-05,S38,S4,S,170,False,680.0
4747,2025-04-05,S49,S11,S,190,True,912.0
4748,2025-04-05,S9,S32,S,115,True,552.0
4749,2025-04-05,S31,S34,SC,15,True,90.0
4750,2025-04-05,S35,S3,S,160,True,768.0
4751,2025-04-06,S37,S48,S,55,False,220.0
4752,2025-04-06,S4,S49,S,225,False,900.0
4753,2025-04-06,S25,S9,SC,80,True,480.0
4754,2025-04-06,S1,S47,SC,230,True,1380.0
4755,2025-04-06,S30,S17,R,65,False,650.0
4756,2025-04-06,S40,S15,S,125,True,600.0
4757,2025-04-06,S28,S12,SC,80,False,400.0
4758,2025-04-06,S13,S32,R,95,True,1140.0
4759,2025-04-06,S38,S39,R,5,False,50.0
4760,2025-04-06,S10,S40,R,150,True,1800.0
4761,2025-04-06,S18,S36,R,90,False,900.0
4762,2025-04-06,S5,S20,S,75,False,300.0
4763,2025-04-06,S25,S21,SC,20,False,100.0
4764,2025-04-06,S25,S1,S,120,False,480.0
4765,2025-04-06,S11,S45,R,170,False,1700.0
4766,2025-04-06,S44,S28,S,80,False,320.0
4767,2025-04-06,S27,S11,SC,80,True,480.0
4768,2025-04-06,S17,S29,SC,60,True,360.0
4769,2025-04-06,S32,S23,SC,45,True,270.0
4770,2025-04-06,S43,S32,R,55,False,550.0
4771,2025-04-06,S12,S44,R,160,True,1920.0
4772,2025-04-06,S6,S50,R,220,True,2640.0
4773,2025-04-06,S14,S2,S,60,False,240.0
4774,2025-04-06,S20,S18,S,10,True,48.0
4775,2025-04-06,S4,S19,SC,75,False,375.0
4776,2025-04-06,S46,S14,S,160,False,640.0
4777,2025-04-06,S5,S30,R,125,True,1500.0
4778,2025-04-06,S18,S16,R,10,False,100.0
4779,2025-04-06,S4,S1,SC,15,True,90.0
4780,2025-04-06,S49,S37,S,60,True,288.0
4781,2025-04-06,S14,S11,S,15,True,72.0
4782,2025-04-06,S16,S26,S,50,False,200.0
4783,2025-04-06,S15,S17,SC,10,False,50.0
4784,2025-04-06,S40,S23,S,85,False,340.0
4785,2025-04-06,S20,S21,SC,5,True,30.0
4786,2025-04-06,S32,S2,SC,150,False,750.0
4787,2025-04-06,S7,S2,R,25,True,300.0
4788,2025-04-06,S38,S20,SC,90,False,450.0
4789,2025-04-06,S41,S26,SC,75,False,375.0
4790,2025-04-06,S5,S2,S,15,True,72.0
4791,2025-04-06,S29,S6,R,115,True,1380.0
4792,2025-04-06,S26,S15,R,55,False,550.0
4793,2025-04-06,S26,S43,S,85,False,340.0
4794,2025-04-06,S7,S34,SC,135,False,675.0
4795,2025-04-06,S6,S42,R,180,False,1800.0
4796,2025-04-06,S10,S33,S,115,True,552.0
4797,2025-04-06,S23,S9,S,70,False,280.0
4798,2025-04-06,S40,S44,SC,20,False,100.0
4799,2025-04-06,S14,S39,R,125,False,1250.0
4800,2025-04-06,S15,S39,R,120,False,1200.0
4801,2025-04-07,S32,S1,S,155,False,620.0
4802,2025-04-07,S30,S46,R,80,True,960.0
4803,2025-04-07,S9,S47,R,190,True,2280.0
4804,2025-04-07,S42,S15,S,135,False,540.0
4805,2025-04-07,S5,S18,S,65,True,312.0
4806,2025-04-07,S2,S31,R,145,True,1740.0
4807,2025-04-07,S10,S44,S,170,True,816.0
4808,2025-04-07,S5,S28,S,115,False,460.0
4809,2025-04-07,S24,S21,SC,15,False,75.0
4810,2025-04-07,S44,S23,R,105,True,1260.0
4811,2025-04-07,S10,S41,R,155,False,1550.0
4812,2025-04-07,S4,S20,S,80,True,384.0
4813,2025-04-07,S13,S1,SC,60,True,360.0
4814,2025-04-07,S43,S17,R,130,False,1300.0
4815,2025-04-07,S36,S27,SC,45,False,225.0
4816,2025-04-07,S28,S34,SC,30,False,150.0
4817,2025-04-07,S21,S42,S,105,False,420.0
4818,2025-04-07,S45,S22,R,115,False,1150.0
4819,2025-04-07,S30,S50,R,100,True,1200.0
4820,2025-04-07,S21,S24,SC,15,True,90.0
4821,2025-04-07,S5,S48,S,215,False,860.0
4822,2025-04-07,S28,S6,SC,110,False,550.0
4823,2025-04-07,S40,S42,SC,10,True,60.0
4824,2025-04-07,S11,S25,S,70,False,280.0
4825,2025-04-07,S18,S21,R,15,False,150.0
4826,2025-04-07,S33,S45,R,60,False,600.0
4827,2025-04-07,S6,S20,R,70,True,840.0
4828,2025-04-07,S47,S49,R,10,True,120.0
4829,2025-04-07,S11,S22,R,55,True,660.0
4830,2025-04-07,S49,S9,S,200,False,800.0
4831,2025-04-07,S1,S9,R,40,True,480.0
4832,2025-04-07,S19,S44,R,125,True,1500.0
4833,2025-04-07,S5,S8,S,15,True,72.0
4834,2025-04-07,S8,S10,R,10,True,120.0
4835,2025-04-07,S47,S27,R,100,True,1200.0
4836,2025-04-07,S36,S37,SC,5,True,30.0
4837,2025-04-07,S49,S25,SC,120,True,720.0
4838,2025-04-07,S35,S31,R,20,False,200.0
4839,2025-04-07,S42,S43,R,5,False,50.0
4840,2025-04-07,S11,S3,R,40,False,400.0
4841,2025-04-07,S34,S32,R,10,True,120.0
4842,2025-04-07,S37,S7,S,150,False,600.0
4843,2025-04-07,S24,S45,SC,105,True,630.0
4844,2025-04-07,S43,S2,R,205,True,2460.0
4845,2025-04-07,S1,S28,S,135,False,540.0
4846,2025-04-07,S26,S32,R,30,True,360.0
4847,2025-04-07,S3,S28,R,125,True,1500.0
4848,2025-04-07,S1,S50,R,245,True,2940.0
4849,2025-04-07,S5,S18,SC,65,True,390.0
4850,2025-04-07,S35,S40,R,25,True,300.0
4851,2025-04-08,S36,S37,R,5,False,50.0
4852,2025-04-08,S33,S41,R,40,True,480.0
4853,2025-04-08,S17,S36,R,95,False,950.0
4854,2025-04-08,S39,S35,R,20,True,240.0
4855,2025-04-08,S50,S5,SC,225,False,1125.0
4856,2025-04-08,S48,S5,R,215,True,2580.0
4857,2025-04-08,S33,S35,R,10,False,100.0
4858,2025-04-08,S2,S36,S,170,False,680.0
4859,2025-04-08,S25,S21,SC,20,False,100.0
4860,2025-04-08,S12,S1,S,55,False,220.0
4861,2025-04-08,S1,S27,SC,130,False,650.0
4862,2025-04-08,S10,S39,S,145,True,696.0
4863,2025-04-08,S30,S16,SC,70,False,350.0
4864,2025-04-08,S50,S29,S,105,True,504.0
4865,2025-04-08,S48,S13,R,175,False,1750.0
4866,2025-04-08,S13,S39,SC,130,False,650.0
4867,2025-04-08,S6,S49,S,215,True,1032.0
4868,2025-04-08,S32,S17,SC,75,True,450.0
4869,2025-04-08,S16,S47,SC,155,False,775.0
4870,2025-04-08,S36,S3,S,165,False,660.0
4871,2025-04-08,S45,S18,R,135,False,1350.0
4872,2025-04-08,S1,S48,R,235,False,2350.0
4873,2025-04-08,S17,S21,SC,20,True,120.0
4874,2025-04-08,S29,S33,SC,20,True,120.0
4875,2025-04-08,S49,S28,S,105,False,420.0
4876,2025-04-08,S1,S29,S,140,True,672.0
4877,2025-04-08,S35,S38,S,15,False,60.0
4878,2025-04-08,S29,S19,S,50,True,240.0
4879,2025-04-08,S46,S33,SC,65,False,325.0
4880,2025-04-08,S43,S13,SC,150,False,750.0
4881,2025-04-08,S3,S14,S,55,False,220.0
4882,2025-04-08,S9,S24,S,75,True,360.0
4883,2025-04-08,S38,S29,SC,45,False,225.0
4884,2025-04-08,S40,S44,SC,20,True,120.0
4885,2025-04-08,S22,S35,S,65,True,312.0
4886,2025-04-08,S9,S29,R,100,True,1200.0
4887,2025-04-08,S28,S18,R,50,False,500.0
4888,2025-04-08,S9,S23,R,70,False,700.0
4889,2025-04-08,S50,S41,S,45,False,180.0
4890,2025-04-08,S7,S35,R,140,True,1680.0
4891,2025-04-08,S37,S4,R,165,True,1980.0
4892,2025-04-08,S39,S5,R,170,False,1700.0
4893,2025-04-08,S49,S4,SC,225,True,1350.0
4894,2025-04-08,S45,S43,SC,10,False,50.0
4895,2025-04-08,S5,S24,S,95,True,456.0
4896,2025-04-08,S18,S17,SC,5,False,25.0
4897,2025-04-08,S3,S44,SC,205,True,1230.0
4898,2025-04-08,S20,S13,SC,35,False,175.0
4899,2025-04-08,S4,S43,SC,195,False,975.0
4900,2025-04-08,S43,S27,S,80,False,320.0
4901,2025-04-09,S3,S19,S,80,True,384.0
4902,2025-04-09,S27,S5,S,110,False,440.0
4903,2025-04-09,S25,S31,R,30,True,360.0
4904,2025-04-09,S34,S25,R,45,True,540.0
4905,2025-04-09,S1,S31,S,150,False,600.0
4906,2025-04-09,S32,S31,SC,5,True,30.0
4907,2025-04-09,S24,S27,S,15,True,72.0
4908,2025-04-09,S22,S23,SC,5,True,30.0
4909,2025-04-09,S44,S37,R,35,False,350.0
4910,2025-04-09,S25,S13,R,60,True,720.0
4911,2025-04-09,S19,S38,S,95,False,380.0
4912,2025-04-09,S1,S8,SC,35,True,210.0
4913,2025-04-09,S19,S25,S,30,True,144.0
4914,2025-04-09,S15,S47,R,160,True,1920.0
4915,2025-04-09,S42,S40,SC,10,True,60.0
4916,2025-04-09,S44,S27,R,85,True,1020.0
4917,2025-04-09,S3,S30,R,135,True,1620.0
4918,2025-04-09,S43,S20,R,115,False,1150.0
4919,2025-04-09,S31,S21,R,50,False,500.0
4920,2025-04-09,S20,S39,S,95,True,456.0
4921,2025-04-09,S1,S25,SC,120,False,600.0
4922,2025-04-09,S20,S12,S,40,False,160.0
4923,2025-04-09,S4,S11,R,35,False,350.0
4924,2025-04-09,S29,S25,SC,20,False,100.0
4925,2025-04-09,S11,S33,S,110,True,528.0
4926,2025-04-09,S39,S2,SC,185,False,925.0
4927,2025-04-09,S11,S26,SC,75,True,450.0
4928,2025-04-09,S4,S18,SC,70,True,420.0
4929,2025-04-09,S23,S27,R,20,True,240.0
4930,2025-04-09,S39,S10,R,145,True,1740.0
4931,2025-04-09,S43,S21,S,110,False,440.0
4932,2025-04-09,S16,S33,S,85,True,408.0
4933,2025-04-09,S12,S23,S,55,True,264.0
4934,2025-04-09,S30,S6,R,120,False,1200.0
4935,2025-04-09,S39,S10,S,145,False,580.0
4936,2025-04-09,S31,S7,SC,120,False,600.0
4937,2025-04-09,S46,S38,SC,40,False,200.0
4938,2025-04-09,S48,S32,R,80,True,960.0
4939,2025-04-09,S33,S40,SC,35,True,210.0
4940,2025-04-09,S12,S47,S,175,False,700.0
4941,2025-04-09,S36,S37,R,5,True,60.0
4942,2025-04-09,S19,S4,R,75,True,900.0
4943,2025-04-09,S47,S34,SC,65,True,390.0
4944,2025-04-09,S43,S20,R,115,True,1380.0
4945,2025-04-09,S30,S42,S,60,False,240.0
4946,2025-04-09,S3,S6,R,15,False,150.0
4947,2025-04-09,S29,S18,R,55,False,550.0
4948,2025-04-09,S6,S13,SC,35,True,210.0
4949,2025-04-09,S34,S21,R,65,True,780.0
4950,2025-04-09,S15,S28,S,65,True,312.0
4951,2025-04-10,S27,S28,R,5,True,60.0
4952,2025-04-10,S3,S32,S,145,True,696.0
4953,2025-04-10,S48,S24,R,120,True,1440.0
4954,2025-04-10,S6,S27,S,105,True,504.0
4955,2025-04-10,S43,S31,R,60,False,600.0
4956,2025-04-10,S23,S4,R,95,False,950.0
4957,2025-04-10,S9,S30,SC,105,True,630.0
4958,2025-04-10,S44,S24,S,100,True,480.0
4959,2025-04-10,S49,S2,R,235,True,2820.0
4960,2025-04-10,S6,S21,S,75,False,300.0
4961,2025-04-10,S16,S39,R,115,False,1150.0
4962,2025-04-10,S33,S19,S,70,True,336.0
4963,2025-04-10,S23,S12,SC,55,False,275.0
4964,2025-04-10,S15,S33,R,90,True,1080.0
4965,2025-04-10,S17,S20,SC,15,False,75.0
4966,2025-04-10,S19,S26,S,35,False,140.0
4967,2025-04-10,S21,S19,S,10,False,40.0
4968,2025-04-10,S13,S41,S,140,False,560.0
4969,2025-04-10,S36,S13,S,115,True,552.0
4970,2025-04-10,S38,S36,S,10,False,40.0
4971,2025-04-10,S2,S19,SC,85,False,425.0
4972,2025-04-10,S46,S30,SC,80,False,400.0
4973,2025-04-10,S15,S21,R,30,True,360.0
4974,2025-04-10,S41,S38,R,15,True,180.0
4975,2025-04-10,S33,S45,SC,60,False,300.0
4976,2025-04-10,S39,S33,SC,30,False,150.0
4977,2025-04-10,S38,S35,R,15,False,150.0
4978,2025-04-10,S11,S36,R,125,False,1250.0
4979,2025-04-10,S50,S33,SC,85,False,425.0
4980,2025-04-10,S30,S44,S,70,True,336.0
4981,2025-04-10,S40,S35,S,25,False,100.0
4982,2025-04-10,S35,S16,R,95,True,1140.0
4983,2025-04-10,S11,S36,SC,125,False,625.0
4984,2025-04-10,S39,S50,S,55,False,220.0
4985,2025-04-10,S32,S19,R,65,True,780.0
4986,2025-04-10,S8,S25,R,85,False,850.0
4987,2025-04-10,S46,S36,R,50,False,500.0
4988,2025-04-10,S43,S32,S,55,True,264.0
4989,2025-04-10,S40,S42,SC,10,True,60.0
4990,2025-04-10,S18,S13,S,25,False,100.0
4991,2025-04-10,S35,S31,S,20,False,80.0
4992,2025-04-10,S9,S4,R,25,False,250.0
4993,2025-04-10,S46,S38,SC,40,True,240.0
4994,2025-04-10,S14,S34,S,100,True,480.0
4995,2025-04-10,S31,S15,S,80,True,384.0
4996,2025-04-10,S24,S1,R,115,True,1380.0
4997,2025-04-10,S25,S24,S,5,True,24.0
4998,2025-04-10,S36,S50,S,70,False,280.0
4999,2025-04-10,S30,S27,SC,15,True,90.0
5000,2025-04-10,S18,S47,SC,145,False,725.0
5001,2025-04-11,S50,S24,SC,130,False,650.0
5002,2025-04-11,S23,S47,SC,120,True,720.0
5003,2025-04-11,S49,S17,SC,160,False,800.0
5004,2025-04-11,S24,S40,R,80,True,960.0
5005,2025-04-11,S42,S36,SC,30,True,180.0
5006,2025-04-11,S36,S25,SC,55,True,330.0
5007,2025-04-11,S21,S47,SC,130,False,650.0
5008,2025-04-11,S17,S49,R,160,True,1920.0
5009,2025-04-11,S16,S14,S,10,False,40.0
5010,2025-04-11,S12,S27,SC,75,True,450.0
5011,2025-04-11,S2,S42,R,200,False,2000.0
5012,2025-04-11,S41,S32,SC,45,False,225.0
5013,2025-04-11,S9,S28,R,95,True,1140.0
5014,2025-04-11,S23,S4,R,95,True,1140.0
5015,2025-04-11,S44,S43,S,5,True,24.0
5016,2025-04-11,S19,S17,SC,10,False,50.0
5017,2025-04-11,S25,S43,R,90,True,1080.0
5018,2025-04-11,S19,S28,S,45,False,180.0
5019,2025-04-11,S24,S44,S,100,True,480.0
5020,2025-04-11,S12,S49,S,185,False,740.0
5021,2025-04-11,S32,S40,SC,40,True,240.0
5022,2025-04-11,S11,S41,R,150,False,1500.0
5023,2025-04-11,S36,S23,SC,65,True,390.0
5024,2025-04-11,S44,S18,SC,130,False,650.0
5025,2025-04-11,S18,S7,SC,55,True,330.0
5026,2025-04-11,S31,S28,S,15,False,60.0
5027,2025-04-11,S3,S7,R,20,False,200.0
5028,2025-04-11,S15,S6,S,45,True,216.0
5029,2025-04-11,S49,S32,R,85,False,850.0
5030,2025-04-11,S24,S9,S,75,False,300.0
5031,2025-04-11,S7,S23,S,80,True,384.0
5032,2025-04-11,S34,S16,S,90,False,360.0
5033,2025-04-11,S22,S2,R,100,False,1000.0
5034,2025-04-11,S27,S4,S,115,True,552.0
5035,2025-04-11,S23,S29,S,30,True,144.0
5036,2025-04-11,S2,S31,SC,145,False,725.0
5037,2025-04-11,S40,S9,S,155,True,744.0
5038,2025-04-11,S20,S29,R,45,False,450.0
5039,2025-04-11,S44,S5,S,195,True,936.0
5040,2025-04-11,S47,S4,R,215,True,2580.0
5041,2025-04-11,S35,S8,SC,135,False,675.0
5042,2025-04-11,S7,S42,S,175,True,840.0
5043,2025-04-11,S4,S19,SC,75,False,375.0
5044,2025-04-11,S43,S5,S,190,True,912.0
5045,2025-04-11,S21,S26,SC,25,True,150.0
5046,2025-04-11,S47,S31,SC,80,False,400.0
5047,2025-04-11,S17,S22,SC,25,True,150.0
5048,2025-04-11,S39,S5,SC,170,True,1020.0
5049,2025-04-11,S36,S50,R,70,True,840.0
5050,2025-04-11,S35,S48,R,65,True,780.0
5051,2025-04-12,S41,S3,SC,190,True,1140.0
5052,2025-04-12,S26,S44,S,90,False,360.0
5053,2025-04-12,S5,S2,S,15,True,72.0
5054,2025-04-12,S23,S45,SC,110,True,660.0
5055,2025-04-12,S37,S1,R,180,False,1800.0
5056,2025-04-12,S44,S40,R,20,False,200.0
5057,2025-04-12,S10,S11,S,5,False,20.0
5058,2025-04-12,S41,S40,S,5,True,24.0
5059,2025-04-12,S22,S23,SC,5,True,30.0
5060,2025-04-12,S23,S30,S,35,False,140.0
5061,2025-04-12,S5,S24,SC,95,True,570.0
5062,2025-04-12,S18,S30,R,60,False,600.0
5063,2025-04-12,S33,S1,S,160,False,640.0
5064,2025-04-12,S30,S16,R,70,True,840.0
5065,2025-04-12,S50,S8,SC,210,True,1260.0
5066,2025-04-12,S28,S30,SC,10,False,50.0
5067,2025-04-12,S4,S22,SC,90,False,450.0
5068,2025-04-12,S24,S23,R,5,True,60.0
5069,2025-04-12,S17,S33,SC,80,False,400.0
5070,2025-04-12,S50,S43,S,35,True,168.0
5071,2025-04-12,S3,S12,SC,45,False,225.0
5072,2025-04-12,S7,S38,S,155,True,744.0
5073,2025-04-12,S14,S15,R,5,True,60.0
5074,2025-04-12,S21,S34,SC,65,True,390.0
5075,2025-04-12,S40,S41,SC,5,False,25.0
5076,2025-04-12,S5,S24,S,95,False,380.0
5077,2025-04-12,S7,S26,SC,95,False,475.0
5078,2025-04-12,S38,S29,S,45,False,180.0
5079,2025-04-12,S5,S47,SC,210,True,1260.0
5080,2025-04-12,S1,S45,SC,220,False,1100.0
5081,2025-04-12,S7,S8,R,5,False,50.0
5082,2025-04-12,S20,S7,R,65,True,780.0
5083,2025-04-12,S31,S46,S,75,True,360.0
5084,2025-04-12,S32,S34,R,10,True,120.0
5085,2025-04-12,S14,S3,R,55,False,550.0
5086,2025-04-12,S9,S48,S,195,True,936.0
5087,2025-04-12,S35,S12,S,115,False,460.0
5088,2025-04-12,S8,S18,R,50,False,500.0
5089,2025-04-12,S9,S18,R,45,False,450.0
5090,2025-04-12,S45,S11,R,170,False,1700.0
5091,2025-04-12,S8,S49,R,205,False,2050.0
5092,2025-04-12,S13,S43,S,150,True,720.0
5093,2025-04-12,S16,S27,S,55,True,264.0
5094,2025-04-12,S37,S24,SC,65,False,325.0
5095,2025-04-12,S47,S41,S,30,True,144.0
5096,2025-04-12,S47,S2,SC,225,True,1350.0
5097,2025-04-12,S43,S14,S,145,True,696.0
5098,2025-04-12,S47,S2,R,225,True,2700.0
5099,2025-04-12,S50,S29,S,105,True,504.0
5100,2025-04-12,S40,S4,R,180,False,1800.0
5101,2025-04-13,S35,S20,R,75,False,750.0
5102,2025-04-13,S12,S48,R,180,True,2160.0
5103,2025-04-13,S41,S20,R,105,False,1050.0
5104,2025-04-13,S30,S5,SC,125,True,750.0
5105,2025-04-13,S12,S40,R,140,True,1680.0
5106,2025-04-13,S16,S46,R,150,True,1800.0
5107,2025-04-13,S18,S8,SC,50,False,250.0
5108,2025-04-13,S17,S28,R,55,True,660.0
5109,2025-04-13,S4,S17,R,65,True,780.0
5110,2025-04-13,S32,S40,R,40,True,480.0
5111,2025-04-13,S42,S37,S,25,True,120.0
5112,2025-04-13,S20,S5,S,75,False,300.0
5113,2025-04-13,S50,S49,S,5,False,20.0
5114,2025-04-13,S38,S25,R,65,True,780.0
5115,2025-04-13,S40,S27,R,65,False,650.0
5116,2025-04-13,S32,S39,R,35,False,350.0
5117,2025-04-13,S28,S24,R,20,True,240.0
5118,2025-04-13,S1,S30,R,145,True,1740.0
5119,2025-04-13,S6,S39,R,165,False,1650.0
5120,2025-04-13,S47,S22,R,125,False,1250.0
5121,2025-04-13,S25,S12,S,65,False,260.0
5122,2025-04-13,S35,S11,R,120,False,1200.0
5123,2025-04-13,S18,S13,S,25,False,100.0
5124,2025-04-13,S42,S18,R,120,True,1440.0
5125,2025-04-13,S22,S42,S,100,True,480.0
5126,2025-04-13,S23,S42,SC,95,True,570.0
5127,2025-04-13,S25,S17,SC,40,False,200.0
5128,2025-04-13,S37,S18,R,95,False,950.0
5129,2025-04-13,S48,S9,S,195,True,936.0
5130,2025-04-13,S47,S26,S,105,True,504.0
5131,2025-04-13,S47,S46,S,5,True,24.0
5132,2025-04-13,S36,S24,R,60,True,720.0
5133,2025-04-13,S43,S1,S,210,False,840.0
5134,2025-04-13,S21,S44,R,115,False,1150.0
5135,2025-04-13,S37,S49,R,60,False,600.0
5136,2025-04-13,S27,S23,S,20,True,96.0
5137,2025-04-13,S4,S46,SC,210,False,1050.0
5138,2025-04-13,S38,S13,SC,125,False,625.0
5139,2025-04-13,S43,S4,SC,195,True,1170.0
5140,2025-04-13,S43,S38,S,25,False,100.0
5141,2025-04-13,S17,S12,R,25,False,250.0
5142,2025-04-13,S45,S9,SC,180,True,1080.0
5143,2025-04-13,S50,S29,SC,105,True,630.0
5144,2025-04-13,S49,S1,SC,240,False,1200.0
5145,2025-04-13,S27,S37,R,50,True,600.0
5146,2025-04-13,S39,S20,S,95,False,380.0
5147,2025-04-13,S20,S29,SC,45,True,270.0
5148,2025-04-13,S20,S28,SC,40,True,240.0
5149,2025-04-13,S34,S43,S,45,True,216.0
5150,2025-04-13,S25,S46,S,105,True,504.0
5151,2025-04-14,S35,S50,S,75,False,300.0
5152,2025-04-14,S23,S6,S,85,True,408.0
5153,2025-04-14,S39,S11,S,140,False,560.0
5154,2025-04-14,S9,S8,S,5,False,20.0
5155,2025-04-14,S4,S47,R,215,True,2580.0
5156,2025-04-14,S18,S41,S,115,True,552.0
5157,2025-04-14,S16,S25,S,45,False,180.0
5158,2025-04-14,S39,S15,S,120,True,576.0
5159,2025-04-14,S14,S50,SC,180,True,1080.0
5160,2025-04-14,S3,S23,R,100,False,1000.0
5161,2025-04-14,S31,S4,S,135,False,540.0
5162,2025-04-14,S36,S20,SC,80,False,400.0
5163,2025-04-14,S48,S16,R,160,False,1600.0
5164,2025-04-14,S20,S13,SC,35,False,175.0
5165,2025-04-14,S23,S35,R,60,False,600.0
5166,2025-04-14,S26,S34,SC,40,False,200.0
5167,2025-04-14,S34,S47,SC,65,True,390.0
5168,2025-04-14,S28,S6,SC,110,True,660.0
5169,2025-04-14,S45,S15,SC,150,False,750.0
5170,2025-04-14,S49,S36,R,65,True,780.0
5171,2025-04-14,S40,S12,S,140,False,560.0
5172,2025-04-14,S41,S43,R,10,False,100.0
5173,2025-04-14,S46,S23,SC,115,True,690.0
5174,2025-04-14,S39,S33,R,30,False,300.0
5175,2025-04-14,S45,S8,R,185,True,2220.0
5176,2025-04-14,S14,S6,SC,40,True,240.0
5177,2025-04-14,S21,S18,SC,15,True,90.0
5178,2025-04-14,S27,S18,R,45,False,450.0
5179,2025-04-14,S44,S41,R,15,True,180.0
5180,2025-04-14,S48,S4,SC,220,False,1100.0
5181,2025-04-14,S47,S32,S,75,False,300.0
5182,2025-04-14,S26,S24,R,10,True,120.0
5183,2025-04-14,S38,S45,R,35,True,420.0
5184,2025-04-14,S30,S34,R,20,False,200.0
5185,2025-04-14,S19,S10,R,45,False,450.0
5186,2025-04-14,S9,S11,R,10,True,120.0
5187,2025-04-14,S26,S14,R,60,False,600.0
5188,2025-04-14,S1,S4,SC,15,True,90.0
5189,2025-04-14,S7,S6,S,5,False,20.0
5190,2025-04-14,S34,S38,S,20,False,80.0
5191,2025-04-14,S1,S10,R,45,True,540.0
5192,2025-04-14,S1,S33,R,160,False,1600.0
5193,2025-04-14,S49,S4,R,225,True,2700.0
5194,2025-04-14,S2,S36,S,170,False,680.0
5195,2025-04-14,S28,S36,S,40,False,160.0
5196,2025-04-14,S49,S9,SC,200,True,1200.0
5197,2025-04-14,S26,S8,R,90,False,900.0
5198,2025-04-14,S44,S14,R,150,False,1500.0
5199,2025-04-14,S33,S24,SC,45,True,270.0
5200,2025-04-14,S49,S26,S,115,True,552.0
5201,2025-04-15,S5,S35,SC,150,False,750.0
5202,2025-04-15,S31,S38,SC,35,False,175.0
5203,2025-04-15,S4,S47,SC,215,True,1290.0
5204,2025-04-15,S14,S19,SC,25,False,125.0
5205,2025-04-15,S39,S25,R,70,True,840.0
5206,2025-04-15,S1,S21,S,100,False,400.0
5207,2025-04-15,S21,S12,S,45,False,180.0
5208,2025-04-15,S19,S31,S,60,False,240.0
5209,2025-04-15,S48,S38,R,50,False,500.0
5210,2025-04-15,S14,S7,SC,35,True,210.0
5211,2025-04-15,S25,S45,SC,100,True,600.0
5212,2025-04-15,S34,S15,SC,95,True,570.0
5213,2025-04-15,S49,S20,SC,145,True,870.0
5214,2025-04-15,S22,S2,SC,100,False,500.0
5215,2025-04-15,S39,S36,R,15,False,150.0
5216,2025-04-15,S26,S38,S,60,False,240.0
5217,2025-04-15,S43,S42,R,5,False,50.0
5218,2025-04-15,S33,S39,S,30,False,120.0
5219,2025-04-15,S13,S18,R,25,False,250.0
5220,2025-04-15,S47,S2,R,225,False,2250.0
5221,2025-04-15,S34,S28,S,30,True,144.0
5222,2025-04-15,S34,S1,R,165,True,1980.0
5223,2025-04-15,S19,S1,S,90,False,360.0
5224,2025-04-15,S1,S14,SC,65,False,325.0
5225,2025-04-15,S17,S49,R,160,True,1920.0
5226,2025-04-15,S11,S5,R,30,True,360.0
5227,2025-04-15,S31,S40,S,45,True,216.0
5228,2025-04-15,S48,S34,R,70,True,840.0
5229,2025-04-15,S1,S6,SC,25,False,125.0
5230,2025-04-15,S25,S50,S,125,True,600.0
5231,2025-04-15,S10,S6,R,20,True,240.0
5232,2025-04-15,S40,S7,S,165,True,792.0
5233,2025-04-15,S37,S36,R,5,True,60.0
5234,2025-04-15,S14,S31,S,85,True,408.0
5235,2025-04-15,S36,S17,R,95,False,950.0
5236,2025-04-15,S7,S28,S,105,False,420.0
5237,2025-04-15,S35,S41,S,30,False,120.0
5238,2025-04-15,S43,S28,SC,75,True,450.0
5239,2025-04-15,S10,S3,R,35,True,420.0
5240,2025-04-15,S21,S33,SC,60,False,300.0
5241,2025-04-15,S33,S43,SC,50,False,250.0
5242,2025-04-15,S9,S43,SC,170,True,1020.0
5243,2025-04-15,S15,S48,SC,165,False,825.0
5244,2025-04-15,S23,S7,S,80,True,384.0
5245,2025-04-15,S50,S16,S,170,True,816.0
5246,2025-04-15,S24,S10,S,70,False,280.0
5247,2025-04-15,S39,S29,SC,50,True,300.0
5248,2025-04-15,S26,S21,SC,25,True,150.0
5249,2025-04-15,S20,S45,S,125,False,500.0
5250,2025-04-15,S49,S11,S,190,True,912.0
5251,2025-04-16,S3,S39,S,180,True,864.0
5252,2025-04-16,S41,S38,S,15,False,60.0
5253,2025-04-16,S25,S29,SC,20,True,120.0
5254,2025-04-16,S33,S8,R,125,True,1500.0
5255,2025-04-16,S5,S37,SC,160,True,960.0
5256,2025-04-16,S25,S16,SC,45,False,225.0
5257,2025-04-16,S14,S27,S,65,True,312.0
5258,2025-04-16,S23,S47,R,120,False,1200.0
5259,2025-04-16,S16,S28,S,60,False,240.0
5260,2025-04-16,S1,S36,R,175,True,2100.0
5261,2025-04-16,S27,S22,R,25,False,250.0
5262,2025-04-16,S14,S10,SC,20,False,100.0
5263,2025-04-16,S30,S27,S,15,True,72.0
5264,2025-04-16,S16,S43,R,135,True,1620.0
5265,2025-04-16,S26,S39,S,65,False,260.0
5266,2025-04-16,S36,S33,SC,15,False,75.0
5267,2025-04-16,S40,S2,SC,190,False,950.0
5268,2025-04-16,S23,S6,S,85,False,340.0
5269,2025-04-16,S12,S6,SC,30,False,150.0
5270,2025-04-16,S35,S22,S,65,True,312.0
5271,2025-04-16,S30,S50,S,100,False,400.0
5272,2025-04-16,S5,S45,SC,200,True,1200.0
5273,2025-04-16,S50,S9,S,205,True,984.0
5274,2025-04-16,S14,S47,S,165,True,792.0
5275,2025-04-16,S11,S20,S,45,False,180.0
5276,2025-04-16,S24,S40,R,80,True,960.0
5277,2025-04-16,S6,S48,R,210,False,2100.0
5278,2025-04-16,S49,S44,SC,25,True,150.0
5279,2025-04-16,S46,S29,S,85,False,340.0
5280,2025-04-16,S4,S25,R,105,False,1050.0
5281,2025-04-16,S8,S42,S,170,False,680.0
5282,2025-04-16,S40,S43,SC,15,False,75.0
5283,2025-04-16,S15,S30,R,75,False,750.0
5284,2025-04-16,S15,S18,R,15,True,180.0
5285,2025-04-16,S43,S32,SC,55,False,275.0
5286,2025-04-16,S34,S26,S,40,False,160.0
5287,2025-04-16,S48,S22,SC,130,False,650.0
5288,2025-04-16,S4,S5,S,5,False,20.0
5289,2025-04-16,S37,S50,SC,65,True,390.0
5290,2025-04-16,S21,S13,R,40,False,400.0
5291,2025-04-16,S1,S14,SC,65,False,325.0
5292,2025-04-16,S43,S20,SC,115,False,575.0
5293,2025-04-16,S17,S28,SC,55,True,330.0
5294,2025-04-16,S12,S42,S,150,True,720.0
5295,2025-04-16,S15,S33,S,90,True,432.0
5296,2025-04-16,S44,S40,R,20,False,200.0
5297,2025-04-16,S6,S5,SC,5,False,25.0
5298,2025-04-16,S47,S20,SC,135,True,810.0
5299,2025-04-16,S22,S4,R,90,True,1080.0
5300,2025-04-16,S47,S30,SC,85,True,510.0
5301,2025-04-17,S43,S38,R,25,True,300.0
5302,2025-04-17,S29,S31,SC,10,True,60.0
5303,2025-04-17,S6,S10,S,20,True,96.0
5304,2025-04-17,S29,S17,SC,60,True,360.0
5305,2025-04-17,S42,S41,S,5,True,24.0
5306,2025-04-17,S28,S41,R,65,True,780.0
5307,2025-04-17,S24,S31,R,35,False,350.0
5308,2025-04-17,S14,S37,S,115,False,460.0
5309,2025-04-17,S30,S34,SC,20,True,120.0
5310,2025-04-17,S3,S1,SC,10,True,60.0
5311,2025-04-17,S30,S42,R,60,True,720.0
5312,2025-04-17,S25,S46,R,105,False,1050.0
5313,2025-04-17,S43,S39,SC,20,True,120.0
5314,2025-04-17,S26,S49,S,115,True,552.0
5315,2025-04-17,S44,S21,SC,115,False,575.0
5316,2025-04-17,S42,S9,S,165,False,660.0
5317,2025-04-17,S39,S45,SC,30,True,180.0
5318,2025-04-17,S23,S49,SC,130,True,780.0
5319,2025-04-17,S17,S1,S,80,True,384.0
5320,2025-04-17,S22,S9,SC,65,True,390.0
5321,2025-04-17,S18,S39,R,105,False,1050.0
5322,2025-04-17,S23,S1,R,110,True,1320.0
5323,2025-04-17,S2,S14,S,60,False,240.0
5324,2025-04-17,S40,S18,SC,110,False,550.0
5325,2025-04-17,S19,S45,S,130,False,520.0
5326,2025-04-17,S48,S22,R,130,True,1560.0
5327,2025-04-17,S45,S20,S,125,True,600.0
5328,2025-04-17,S18,S17,S,5,True,24.0
5329,2025-04-17,S16,S9,S,35,False,140.0
5330,2025-04-17,S13,S49,R,180,False,1800.0
5331,2025-04-17,S36,S27,SC,45,False,225.0
5332,2025-04-17,S35,S1,SC,170,True,1020.0
5333,2025-04-17,S49,S6,R,215,False,2150.0
5334,2025-04-17,S14,S11,R,15,False,150.0
5335,2025-04-17,S3,S19,R,80,True,960.0
5336,2025-04-17,S46,S37,SC,45,True,270.0
5337,2025-04-17,S36,S15,R,105,True,1260.0
5338,2025-04-17,S28,S46,SC,90,True,540.0
5339,2025-04-17,S24,S23,S,5,True,24.0
5340,2025-04-17,S18,S35,R,85,False,850.0
5341,2025-04-17,S24,S3,SC,105,False,525.0
5342,2025-04-17,S47,S30,S,85,True,408.0
5343,2025-04-17,S10,S40,SC,150,True,900.0
5344,2025-04-17,S20,S1,S,95,True,456.0
5345,2025-04-17,S36,S38,SC,10,True,60.0
5346,2025-04-17,S45,S25,R,100,True,1200.0
5347,2025-04-17,S38,S1,S,185,False,740.0
5348,2025-04-17,S3,S27,S,120,True,576.0
5349,2025-04-17,S45,S16,S,145,True,696.0
5350,2025-04-17,S21,S48,S,135,True,648.0
5351,2025-04-18,S3,S43,S,200,True,960.0
5352,2025-04-18,S26,S49,S,115,True,552.0
5353,2025-04-18,S35,S5,SC,150,False,750.0
5354,2025-04-18,S33,S42,SC,45,False,225.0
5355,2025-04-18,S46,S45,S,5,True,24.0
5356,2025-04-18,S11,S20,R,45,True,540.0
5357,2025-04-18,S30,S6,S,120,True,576.0
5358,2025-04-18,S34,S38,SC,20,True,120.0
5359,2025-04-18,S23,S6,S,85,True,408.0
5360,2025-04-18,S33,S30,R,15,True,180.0
5361,2025-04-18,S42,S36,SC,30,False,150.0
5362,2025-04-18,S37,S44,S,35,True,168.0
5363,2025-04-18,S8,S19,SC,55,True,330.0
5364,2025-04-18,S19,S28,SC,45,False,225.0
5365,2025-04-18,S26,S3,SC,115,True,690.0
5366,2025-04-18,S48,S37,S,55,True,264.0
5367,2025-04-18,S36,S38,S,10,False,40.0
5368,2025-04-18,S10,S25,S,75,True,360.0
5369,2025-04-18,S19,S2,SC,85,True,510.0
5370,2025-04-18,S40,S35,S,25,False,100.0
5371,2025-04-18,S31,S41,S,50,True,240.0
5372,2025-04-18,S28,S34,S,30,True,144.0
5373,2025-04-18,S35,S22,SC,65,False,325.0
5374,2025-04-18,S37,S40,S,15,True,72.0
5375,2025-04-18,S18,S2,R,80,False,800.0
5376,2025-04-18,S26,S4,S,110,True,528.0
5377,2025-04-18,S35,S34,S,5,True,24.0
5378,2025-04-18,S3,S13,S,50,False,200.0
5379,2025-04-18,S6,S8,SC,10,True,60.0
5380,2025-04-18,S29,S18,SC,55,True,330.0
5381,2025-04-18,S6,S24,S,90,True,432.0
5382,2025-04-18,S44,S13,SC,155,False,775.0
5383,2025-04-18,S37,S16,S,105,False,420.0
5384,2025-04-18,S5,S14,SC,45,True,270.0
5385,2025-04-18,S49,S9,S,200,True,960.0
5386,2025-04-18,S14,S13,S,5,True,24.0
5387,2025-04-18,S15,S50,R,175,False,1750.0
5388,2025-04-18,S21,S20,SC,5,True,30.0
5389,2025-04-18,S31,S29,SC,10,True,60.0
5390,2025-04-18,S16,S50,S,170,False,680.0
5391,2025-04-18,S9,S23,S,70,False,280.0
5392,2025-04-18,S1,S29,R,140,True,1680.0
5393,2025-04-18,S7,S20,R,65,True,780.0
5394,2025-04-18,S37,S31,S,30,True,144.0
5395,2025-04-18,S25,S30,SC,25,True,150.0
5396,2025-04-18,S45,S5,SC,200,False,1000.0
5397,2025-04-18,S10,S29,R,95,False,950.0
5398,2025-04-18,S47,S17,S,150,False,600.0
5399,2025-04-18,S12,S37,R,125,False,1250.0
5400,2025-04-18,S43,S41,SC,10,True,60.0
5401,2025-04-19,S49,S6,S,215,True,1032.0
5402,2025-04-19,S29,S7,R,110,False,1100.0
5403,2025-04-19,S40,S24,SC,80,True,480.0
5404,2025-04-19,S30,S29,SC,5,True,30.0
5405,2025-04-19,S30,S14,R,80,True,960.0
5406,2025-04-19,S25,S38,R,65,True,780.0
5407,2025-04-19,S5,S36,R,155,True,1860.0
5408,2025-04-19,S6,S22,S,80,True,384.0
5409,2025-04-19,S14,S20,S,30,False,120.0
5410,2025-04-19,S25,S31,R,30,False,300.0
5411,2025-04-19,S40,S44,R,20,True,240.0
5412,2025-04-19,S6,S44,SC,190,True,1140.0
5413,2025-04-19,S39,S14,S,125,False,500.0
5414,2025-04-19,S41,S7,SC,170,False,850.0
5415,2025-04-19,S2,S39,R,185,True,2220.0
5416,2025-04-19,S22,S37,S,75,False,300.0
5417,2025-04-19,S41,S30,R,55,True,660.0
5418,2025-04-19,S42,S26,SC,80,True,480.0
5419,2025-04-19,S30,S1,SC,145,True,870.0
5420,2025-04-19,S36,S21,S,75,False,300.0
5421,2025-04-19,S47,S20,S,135,False,540.0
5422,2025-04-19,S10,S23,SC,65,True,390.0
5423,2025-04-19,S36,S37,SC,5,True,30.0
5424,2025-04-19,S21,S7,R,70,False,700.0
5425,2025-04-19,S4,S14,R,50,False,500.0
5426,2025-04-19,S10,S47,R,185,False,1850.0
5427,2025-04-19,S15,S40,SC,125,True,750.0
5428,2025-04-19,S39,S8,R,155,True,1860.0
5429,2025-04-19,S27,S29,R,10,True,120.0
5430,2025-04-19,S17,S32,SC,75,False,375.0
5431,2025-04-19,S39,S29,S,50,False,200.0
5432,2025-04-19,S47,S22,R,125,True,1500.0
5433,2025-04-19,S34,S8,SC,130,False,650.0
5434,2025-04-19,S35,S16,R,95,True,1140.0
5435,2025-04-19,S18,S14,S,20,False,80.0
5436,2025-04-19,S48,S27,S,105,True,504.0
5437,2025-04-19,S31,S24,SC,35,True,210.0
5438,2025-04-19,S24,S23,S,5,False,20.0
5439,2025-04-19,S11,S28,S,85,False,340.0
5440,2025-04-19,S42,S29,S,65,False,260.0
5441,2025-04-19,S23,S17,SC,30,False,150.0
5442,2025-04-19,S12,S22,S,50,True,240.0
5443,2025-04-19,S40,S5,S,175,True,840.0
5444,2025-04-19,S32,S16,S,80,False,320.0
5445,2025-04-19,S11,S22,S,55,False,220.0
5446,2025-04-19,S40,S13,SC,135,False,675.0
5447,2025-04-19,S20,S2,SC,90,False,450.0
5448,2025-04-19,S40,S35,SC,25,True,150.0
5449,2025-04-19,S4,S11,SC,35,True,210.0
5450,2025-04-19,S31,S27,S,20,False,80.0
5451,2025-04-20,S27,S42,R,75,True,900.0
5452,2025-04-20,S47,S21,S,130,True,624.0
5453,2025-04-20,S6,S33,R,135,True,1620.0
5454,2025-04-20,S2,S45,SC,215,False,1075.0
5455,2025-04-20,S16,S28,SC,60,True,360.0
5456,2025-04-20,S2,S19,S,85,True,408.0
5457,2025-04-20,S24,S4,S,100,False,400.0
5458,2025-04-20,S34,S11,S,115,False,460.0
5459,2025-04-20,S41,S13,SC,140,False,700.0
5460,2025-04-20,S20,S25,R,25,False,250.0
5461,2025-04-20,S13,S18,S,25,True,120.0
5462,2025-04-20,S16,S10,S,30,True,144.0
5463,2025-04-20,S33,S11,R,110,False,1100.0
5464,2025-04-20,S12,S20,S,40,True,192.0
5465,2025-04-20,S1,S14,S,65,False,260.0
5466,2025-04-20,S4,S23,S,95,False,380.0
5467,2025-04-20,S30,S20,R,50,False,500.0
5468,2025-04-20,S18,S27,R,45,False,450.0
5469,2025-04-20,S6,S16,R,50,False,500.0
5470,2025-04-20,S49,S44,R,25,False,250.0
5471,2025-04-20,S25,S40,S,75,False,300.0
5472,2025-04-20,S3,S49,S,230,False,920.0
5473,2025-04-20,S40,S36,SC,20,False,100.0
5474,2025-04-20,S11,S32,SC,105,False,525.0
5475,2025-04-20,S16,S47,S,155,True,744.0
5476,2025-04-20,S34,S3,S,155,True,744.0
5477,2025-04-20,S45,S7,SC,190,True,1140.0
5478,2025-04-20,S11,S23,R,60,False,600.0
5479,2025-04-20,S21,S22,R,5,True,60.0
5480,2025-04-20,S23,S47,R,120,False,1200.0
5481,2025-04-20,S4,S22,S,90,False,360.0
5482,2025-04-20,S48,S30,SC,90,True,540.0
5483,2025-04-20,S2,S37,SC,175,False,875.0
5484,2025-04-20,S39,S27,R,60,False,600.0
5485,2025-04-20,S28,S26,SC,10,False,50.0
5486,2025-04-20,S11,S46,SC,175,False,875.0
5487,2025-04-20,S40,S4,R,180,True,2160.0
5488,2025-04-20,S14,S49,R,175,True,2100.0
5489,2025-04-20,S10,S7,SC,15,False,75.0
5490,2025-04-20,S10,S45,R,175,True,2100.0
5491,2025-04-20,S9,S8,R,5,False,50.0
5492,2025-04-20,S50,S30,S,100,True,480.0
5493,2025-04-20,S37,S23,S,70,True,336.0
5494,2025-04-20,S43,S17,R,130,True,1560.0
5495,2025-04-20,S9,S27,SC,90,False,450.0
5496,2025-04-20,S50,S10,R,200,True,2400.0
5497,2025-04-20,S5,S31,SC,130,False,650.0
5498,2025-04-20,S47,S42,SC,25,True,150.0
5499,2025-04-20,S15,S47,SC,160,True,960.0
5500,2025-04-20,S41,S39,S,10,True,48.0
5501,2025-04-21,S25,S10,S,75,False,300.0
5502,2025-04-21,S19,S50,S,155,True,744.0
5503,2025-04-21,S12,S35,SC,115,False,575.0
5504,2025-04-21,S36,S20,S,80,False,320.0
5505,2025-04-21,S3,S29,SC,130,False,650.0
5506,2025-04-21,S44,S39,S,25,False,100.0
5507,2025-04-21,S12,S17,SC,25,True,150.0
5508,2025-04-21,S35,S20,R,75,False,750.0
5509,2025-04-21,S15,S27,S,60,True,288.0
5510,2025-04-21,S22,S27,SC,25,False,125.0
5511,2025-04-21,S9,S6,SC,15,True,90.0
5512,2025-04-21,S27,S45,S,90,True,432.0
5513,2025-04-21,S5,S48,S,215,False,860.0
5514,2025-04-21,S41,S14,R,135,True,1620.0
5515,2025-04-21,S1,S23,R,110,True,1320.0
5516,2025-04-21,S13,S29,S,80,False,320.0
5517,2025-04-21,S20,S16,SC,20,True,120.0
5518,2025-04-21,S45,S31,SC,70,False,350.0
5519,2025-04-21,S50,S13,R,185,True,2220.0
5520,2025-04-21,S26,S22,R,20,True,240.0
5521,2025-04-21,S35,S43,R,40,True,480.0
5522,2025-04-21,S48,S17,S,155,True,744.0
5523,2025-04-21,S34,S45,S,55,False,220.0
5524,2025-04-21,S29,S17,S,60,False,240.0
5525,2025-04-21,S45,S40,S,25,False,100.0
5526,2025-04-21,S48,S20,S,140,False,560.0
5527,2025-04-21,S6,S20,SC,70,False,350.0
5528,2025-04-21,S13,S45,R,160,True,1920.0
5529,2025-04-21,S15,S9,S,30,False,120.0
5530,2025-04-21,S15,S18,SC,15,False,75.0
5531,2025-04-21,S18,S32,R,70,False,700.0
5532,2025-04-21,S6,S34,S,140,True,672.0
5533,2025-04-21,S32,S41,SC,45,True,270.0
5534,2025-04-21,S15,S6,SC,45,True,270.0
5535,2025-04-21,S16,S5,SC,55,False,275.0
5536,2025-04-21,S38,S43,R,25,False,250.0
5537,2025-04-21,S3,S46,R,215,False,2150.0
5538,2025-04-21,S45,S43,S,10,True,48.0
5539,2025-04-21,S17,S23,S,30,True,144.0
5540,2025-04-21,S37,S36,SC,5,False,25.0
5541,2025-04-21,S14,S9,R,25,True,300.0
5542,2025-04-21,S32,S27,S,25,True,120.0
5543,2025-04-21,S33,S39,R,30,False,300.0
5544,2025-04-21,S37,S18,S,95,False,380.0
5545,2025-04-21,S15,S8,R,35,False,350.0
5546,2025-04-21,S13,S46,S,165,False,660.0
5547,2025-04-21,S2,S35,R,165,True,1980.0
5548,2025-04-21,S40,S20,S,100,False,400.0
5549,2025-04-21,S15,S14,S,5,False,20.0
5550,2025-04-21,S22,S27,S,25,False,100.0
5551,2025-04-22,S28,S44,R,80,True,960.0
5552,2025-04-22,S42,S45,R,15,True,180.0
5553,2025-04-22,S46,S31,SC,75,False,375.0
5554,2025-04-22,S31,S42,R,55,True,660.0
5555,2025-04-22,S19,S15,R,20,False,200.0
5556,2025-04-22,S44,S2,S,210,True,1008.0
5557,2025-04-22,S14,S4,R,50,False,500.0
5558,2025-04-22,S22,S24,S,10,True,48.0
5559,2025-04-22,S8,S17,SC,45,True,270.0
5560,2025-04-22,S24,S17,S,35,True,168.0
5561,2025-04-22,S36,S41,SC,25,False,125.0
5562,2025-04-22,S46,S29,R,85,True,1020.0
5563,2025-04-22,S18,S19,S,5,False,20.0
5564,2025-04-22,S29,S48,R,95,False,950.0
5565,2025-04-22,S2,S47,SC,225,True,1350.0
5566,2025-04-22,S41,S6,R,175,True,2100.0
5567,2025-04-22,S48,S10,SC,190,False,950.0
5568,2025-04-22,S28,S3,SC,125,True,750.0
5569,2025-04-22,S42,S20,R,110,False,1100.0
5570,2025-04-22,S33,S25,SC,40,False,200.0
5571,2025-04-22,S34,S27,S,35,True,168.0
5572,2025-04-22,S39,S15,SC,120,False,600.0
5573,2025-04-22,S33,S35,R,10,False,100.0
5574,2025-04-22,S33,S26,S,35,False,140.0
5575,2025-04-22,S21,S42,S,105,False,420.0
5576,2025-04-22,S43,S41,R,10,False,100.0
5577,2025-04-22,S3,S23,SC,100,False,500.0
5578,2025-04-22,S23,S40,SC,85,True,510.0
5579,2025-04-22,S12,S13,SC,5,True,30.0
5580,2025-04-22,S49,S43,SC,30,False,150.0
5581,2025-04-22,S28,S18,R,50,True,600.0
5582,2025-04-22,S12,S29,S,85,False,340.0
5583,2025-04-22,S3,S5,S,10,True,48.0
5584,2025-04-22,S3,S14,R,55,True,660.0
5585,2025-04-22,S25,S4,R,105,False,1050.0
5586,2025-04-22,S41,S23,S,90,True,432.0
5587,2025-04-22,S10,S11,R,5,False,50.0
5588,2025-04-22,S15,S10,SC,25,False,125.0
5589,2025-04-22,S50,S31,SC,95,True,570.0
5590,2025-04-22,S5,S47,S,210,False,840.0
5591,2025-04-22,S34,S4,SC,150,True,900.0
5592,2025-04-22,S41,S28,R,65,False,650.0
5593,2025-04-22,S15,S23,SC,40,False,200.0
5594,2025-04-22,S48,S14,SC,170,True,1020.0
5595,2025-04-22,S28,S15,R,65,False,650.0
5596,2025-04-22,S47,S1,S,230,True,1104.0
5597,2025-04-22,S33,S19,SC,70,True,420.0
5598,2025-04-22,S29,S50,SC,105,False,525.0
5599,2025-04-22,S17,S21,S,20,False,80.0
5600,2025-04-22,S21,S6,SC,75,True,450.0
5601,2025-04-23,S13,S12,R,5,True,60.0
5602,2025-04-23,S22,S12,R,50,True,600.0
5603,2025-04-23,S9,S31,SC,110,True,660.0
5604,2025-04-23,S39,S25,R,70,False,700.0
5605,2025-04-23,S48,S12,R,180,False,1800.0
5606,2025-04-23,S1,S46,S,225,False,900.0
5607,2025-04-23,S27,S8,S,95,True,456.0
5608,2025-04-23,S8,S41,R,165,True,1980.0
5609,2025-04-23,S31,S44,SC,65,False,325.0
5610,2025-04-23,S1,S37,S,180,True,864.0
5611,2025-04-23,S38,S19,SC,95,True,570.0
5612,2025-04-23,S6,S32,SC,130,True,780.0
5613,2025-04-23,S49,S16,SC,165,False,825.0
5614,2025-04-23,S30,S1,R,145,True,1740.0
5615,2025-04-23,S18,S17,R,5,False,50.0
5616,2025-04-23,S14,S10,S,20,True,96.0
5617,2025-04-23,S8,S21,SC,65,True,390.0
5618,2025-04-23,S27,S48,S,105,True,504.0
5619,2025-04-23,S15,S46,SC,155,True,930.0
5620,2025-04-23,S3,S49,SC,230,False,1150.0
5621,2025-04-23,S24,S42,S,90,False,360.0
5622,2025-04-23,S38,S2,R,180,False,1800.0
5623,2025-04-23,S34,S20,R,70,True,840.0
5624,2025-04-23,S31,S6,R,125,False,1250.0
5625,2025-04-23,S46,S10,SC,180,False,900.0
5626,2025-04-23,S12,S8,R,20,False,200.0
5627,2025-04-23,S12,S33,SC,105,True,630.0
5628,2025-04-23,S21,S15,SC,30,False,150.0
5629,2025-04-23,S31,S13,SC,90,True,540.0
5630,2025-04-23,S47,S21,SC,130,True,780.0
5631,2025-04-23,S41,S21,SC,100,False,500.0
5632,2025-04-23,S27,S44,SC,85,True,510.0
5633,2025-04-23,S19,S47,S,140,True,672.0
5634,2025-04-23,S5,S27,SC,110,True,660.0
5635,2025-04-23,S22,S2,R,100,True,1200.0
5636,2025-04-23,S36,S10,SC,130,True,780.0
5637,2025-04-23,S31,S26,S,25,False,100.0
5638,2025-04-23,S25,S19,R,30,False,300.0
5639,2025-04-23,S18,S17,S,5,False,20.0
5640,2025-04-23,S23,S26,R,15,True,180.0
5641,2025-04-23,S34,S25,R,45,False,450.0
5642,2025-04-23,S27,S43,S,80,True,384.0
5643,2025-04-23,S37,S31,S,30,True,144.0
5644,2025-04-23,S30,S29,R,5,False,50.0
5645,2025-04-23,S21,S26,R,25,False,250.0
5646,2025-04-23,S48,S16,S,160,False,640.0
5647,2025-04-23,S43,S18,R,125,True,1500.0
5648,2025-04-23,S47,S8,SC,195,False,975.0
5649,2025-04-23,S18,S5,SC,65,True,390.0
5650,2025-04-23,S46,S31,S,75,False,300.0
5651,2025-04-24,S21,S34,R,65,False,650.0
5652,2025-04-24,S6,S41,R,175,True,2100.0
5653,2025-04-24,S3,S41,SC,190,False,950.0
5654,2025-04-24,S17,S34,S,85,True,408.0
5655,2025-04-24,S39,S19,SC,100,True,600.0
5656,2025-04-24,S36,S2,S,170,False,680.0
5657,2025-04-24,S40,S7,R,165,False,1650.0
5658,2025-04-24,S30,S4,SC,130,True,780.0
5659,2025-04-24,S47,S19,SC,140,False,700.0
5660,2025-04-24,S43,S31,S,60,True,288.0
5661,2025-04-24,S49,S17,R,160,True,1920.0
5662,2025-04-24,S37,S22,R,75,False,750.0
5663,2025-04-24,S15,S10,S,25,True,120.0
5664,2025-04-24,S34,S12,SC,110,True,660.0
5665,2025-04-24,S22,S30,S,40,True,192.0
5666,2025-04-24,S41,S17,SC,120,True,720.0
5667,2025-04-24,S3,S49,S,230,False,920.0
5668,2025-04-24,S15,S9,S,30,False,120.0
5669,2025-04-24,S36,S40,S,20,True,96.0
5670,2025-04-24,S45,S10,R,175,True,2100.0
5671,2025-04-24,S6,S34,S,140,True,672.0
5672,2025-04-24,S15,S11,R,20,False,200.0
5673,2025-04-24,S36,S44,S,40,False,160.0
5674,2025-04-24,S40,S18,S,110,True,528.0
5675,2025-04-24,S21,S11,S,50,False,200.0
5676,2025-04-24,S25,S49,S,120,True,576.0
5677,2025-04-24,S39,S24,R,75,True,900.0
5678,2025-04-24,S25,S47,S,110,True,528.0
5679,2025-04-24,S29,S1,S,140,True,672.0
5680,2025-04-24,S3,S24,R,105,True,1260.0
5681,2025-04-24,S39,S46,R,35,False,350.0
5682,2025-04-24,S34,S32,SC,10,True,60.0
5683,2025-04-24,S49,S41,R,40,True,480.0
5684,2025-04-24,S13,S21,S,40,False,160.0
5685,2025-04-24,S1,S12,SC,55,False,275.0
5686,2025-04-24,S34,S1,SC,165,True,990.0
5687,2025-04-24,S41,S36,R,25,False,250.0
5688,2025-04-24,S44,S43,S,5,False,20.0
5689,2025-04-24,S4,S13,SC,45,True,270.0
5690,2025-04-24,S26,S22,S,20,False,80.0
5691,2025-04-24,S26,S16,R,50,False,500.0
5692,2025-04-24,S17,S13,S,20,True,96.0
5693,2025-04-24,S12,S39,S,135,False,540.0
5694,2025-04-24,S40,S33,S,35,False,140.0
5695,2025-04-24,S25,S9,S,80,True,384.0
5696,2025-04-24,S13,S46,SC,165,False,825.0
5697,2025-04-24,S39,S46,R,35,False,350.0
5698,2025-04-24,S50,S22,S,140,False,560.0
5699,2025-04-24,S43,S42,S,5,False,20.0
5700,2025-04-24,S23,S41,R,90,True,1080.0
5701,2025-04-25,S20,S41,SC,105,True,630.0
5702,2025-04-25,S1,S48,SC,235,False,1175.0
5703,2025-04-25,S50,S19,R,155,True,1860.0
5704,2025-04-25,S41,S45,SC,20,False,100.0
5705,2025-04-25,S10,S32,S,110,True,528.0
5706,2025-04-25,S18,S40,SC,110,True,660.0
5707,2025-04-25,S8,S45,SC,185,True,1110.0
5708,2025-04-25,S8,S32,S,120,True,576.0
5709,2025-04-25,S36,S26,S,50,True,240.0
5710,2025-04-25,S1,S4,R,15,True,180.0
5711,2025-04-25,S17,S13,S,20,True,96.0
5712,2025-04-25,S48,S47,R,5,False,50.0
5713,2025-04-25,S27,S43,SC,80,False,400.0
5714,2025-04-25,S15,S48,R,165,True,1980.0
5715,2025-04-25,S9,S31,SC,110,True,660.0
5716,2025-04-25,S20,S39,R,95,False,950.0
5717,2025-04-25,S34,S23,S,55,False,220.0
5718,2025-04-25,S43,S31,R,60,False,600.0
5719,2025-04-25,S18,S36,R,90,True,1080.0
5720,2025-04-25,S32,S44,SC,60,True,360.0
5721,2025-04-25,S16,S21,S,25,False,100.0
5722,2025-04-25,S34,S30,R,20,True,240.0
5723,2025-04-25,S30,S11,SC,95,False,475.0
5724,2025-04-25,S13,S16,SC,15,True,90.0
5725,2025-04-25,S17,S42,S,125,False,500.0
5726,2025-04-25,S25,S5,SC,100,True,600.0
5727,2025-04-25,S31,S35,R,20,False,200.0
5728,2025-04-25,S7,S12,S,25,False,100.0
5729,2025-04-25,S28,S1,R,135,False,1350.0
5730,2025-04-25,S45,S48,S,15,False,60.0
5731,2025-04-25,S27,S45,SC,90,True,540.0
5732,2025-04-25,S40,S23,SC,85,False,425.0
5733,2025-04-25,S22,S11,SC,55,True,330.0
5734,2025-04-25,S27,S10,S,85,True,408.0
5735,2025-04-25,S39,S16,S,115,True,552.0
5736,2025-04-25,S6,S43,SC,185,False,925.0
5737,2025-04-25,S19,S45,R,130,False,1300.0
5738,2025-04-25,S1,S23,S,110,True,528.0
5739,2025-04-25,S32,S39,R,35,True,420.0
5740,2025-04-25,S17,S8,R,45,False,450.0
5741,2025-04-25,S46,S17,SC,145,False,725.0
5742,2025-04-25,S18,S26,SC,40,True,240.0
5743,2025-04-25,S25,S1,R,120,False,1200.0
5744,2025-04-25,S25,S17,S,40,True,192.0
5745,2025-04-25,S49,S17,SC,160,True,960.0
5746,2025-04-25,S29,S16,R,65,True,780.0
5747,2025-04-25,S40,S44,S,20,True,96.0
5748,2025-04-25,S35,S23,S,60,False,240.0
5749,2025-04-25,S50,S21,R,145,False,1450.0
5750,2025-04-25,S27,S5,R,110,False,1100.0
5751,2025-04-26,S22,S37,S,75,False,300.0
5752,2025-04-26,S45,S48,SC,15,True,90.0
5753,2025-04-26,S16,S45,S,145,True,696.0
5754,2025-04-26,S23,S47,R,120,False,1200.0
5755,2025-04-26,S7,S32,S,125,False,500.0
5756,2025-04-26,S42,S2,R,200,True,2400.0
5757,2025-04-26,S35,S41,S,30,False,120.0
5758,2025-04-26,S41,S31,SC,50,False,250.0
5759,2025-04-26,S22,S14,S,40,True,192.0
5760,2025-04-26,S37,S2,R,175,True,2100.0
5761,2025-04-26,S48,S47,S,5,True,24.0
5762,2025-04-26,S40,S46,R,30,True,360.0
5763,2025-04-26,S46,S3,S,215,False,860.0
5764,2025-04-26,S8,S48,SC,200,False,1000.0
5765,2025-04-26,S8,S24,S,80,True,384.0
5766,2025-04-26,S48,S38,SC,50,False,250.0
5767,2025-04-26,S23,S37,R,70,False,700.0
5768,2025-04-26,S6,S5,R,5,True,60.0
5769,2025-04-26,S15,S12,R,15,True,180.0
5770,2025-04-26,S23,S7,R,80,True,960.0
5771,2025-04-26,S6,S21,S,75,False,300.0
5772,2025-04-26,S30,S12,S,90,False,360.0
5773,2025-04-26,S50,S37,R,65,True,780.0
5774,2025-04-26,S32,S35,R,15,False,150.0
5775,2025-04-26,S23,S4,R,95,False,950.0
5776,2025-04-26,S10,S49,S,195,False,780.0
5777,2025-04-26,S28,S33,S,25,False,100.0
5778,2025-04-26,S25,S39,R,70,False,700.0
5779,2025-04-26,S43,S41,SC,10,True,60.0
5780,2025-04-26,S10,S46,R,180,False,1800.0
5781,2025-04-26,S2,S25,S,115,False,460.0
5782,2025-04-26,S30,S27,S,15,True,72.0
5783,2025-04-26,S2,S22,SC,100,False,500.0
5784,2025-04-26,S48,S44,R,20,True,240.0
5785,2025-04-26,S48,S27,R,105,False,1050.0
5786,2025-04-26,S23,S31,SC,40,False,200.0
5787,2025-04-26,S47,S11,SC,180,False,900.0
5788,2025-04-26,S49,S8,S,205,True,984.0
5789,2025-04-26,S18,S2,S,80,True,384.0
5790,2025-04-26,S50,S34,R,80,False,800.0
5791,2025-04-26,S20,S5,SC,75,True,450.0
5792,2025-04-26,S1,S26,R,125,True,1500.0
5793,2025-04-26,S50,S34,SC,80,True,480.0
5794,2025-04-26,S46,S15,SC,155,False,775.0
5795,2025-04-26,S5,S38,S,165,True,792.0
5796,2025-04-26,S26,S49,R,115,False,1150.0
5797,2025-04-26,S9,S8,SC,5,False,25.0
5798,2025-04-26,S48,S16,S,160,False,640.0
5799,2025-04-26,S12,S48,SC,180,False,900.0
5800,2025-04-26,S45,S11,R,170,False,1700.0
5801,2025-04-27,S39,S3,SC,180,False,900.0
5802,2025-04-27,S2,S27,R,125,True,1500.0
5803,2025-04-27,S27,S17,S,50,True,240.0
5804,2025-04-27,S5,S22,S,85,False,340.0
5805,2025-04-27,S10,S25,SC,75,True,450.0
5806,2025-04-27,S41,S33,S,40,True,192.0
5807,2025-04-27,S6,S42,S,180,True,864.0
5808,2025-04-27,S11,S13,SC,10,False,50.0
5809,2025-04-27,S29,S42,S,65,True,312.0
5810,2025-04-27,S22,S20,R,10,False,100.0
5811,2025-04-27,S15,S11,SC,20,False,100.0
5812,2025-04-27,S14,S47,S,165,True,792.0
5813,2025-04-27,S37,S48,SC,55,True,330.0
5814,2025-04-27,S4,S2,SC,10,False,50.0
5815,2025-04-27,S9,S3,S,30,True,144.0
5816,2025-04-27,S38,S5,R,165,False,1650.0
5817,2025-04-27,S11,S31,SC,100,False,500.0
5818,2025-04-27,S18,S46,SC,140,False,700.0
5819,2025-04-27,S48,S7,SC,205,False,1025.0
5820,2025-04-27,S44,S9,R,175,True,2100.0
5821,2025-04-27,S37,S35,SC,10,False,50.0
5822,2025-04-27,S14,S7,SC,35,True,210.0
5823,2025-04-27,S9,S37,SC,140,True,840.0
5824,2025-04-27,S17,S18,R,5,False,50.0
5825,2025-04-27,S2,S14,R,60,False,600.0
5826,2025-04-27,S5,S6,R,5,False,50.0
5827,2025-04-27,S23,S36,R,65,False,650.0
5828,2025-04-27,S40,S39,R,5,True,60.0
5829,2025-04-27,S32,S10,S,110,True,528.0
5830,2025-04-27,S42,S46,S,20,False,80.0
5831,2025-04-27,S33,S26,R,35,False,350.0
5832,2025-04-27,S13,S12,R,5,True,60.0
5833,2025-04-27,S9,S7,R,10,True,120.0
5834,2025-04-27,S11,S36,SC,125,True,750.0
5835,2025-04-27,S47,S2,SC,225,False,1125.0
5836,2025-04-27,S33,S6,SC,135,False,675.0
5837,2025-04-27,S15,S27,R,60,False,600.0
5838,2025-04-27,S23,S18,R,25,False,250.0
5839,2025-04-27,S1,S13,S,60,True,288.0
5840,2025-04-27,S32,S2,R,150,True,1800.0
5841,2025-04-27,S49,S10,R,195,False,1950.0
5842,2025-04-27,S17,S29,S,60,False,240.0
5843,2025-04-27,S39,S11,R,140,False,1400.0
5844,2025-04-27,S43,S26,SC,85,True,510.0
5845,2025-04-27,S6,S15,R,45,False,450.0
5846,2025-04-27,S45,S13,SC,160,False,800.0
5847,2025-04-27,S21,S19,R,10,True,120.0
5848,2025-04-27,S29,S48,R,95,False,950.0
5849,2025-04-27,S25,S42,SC,85,True,510.0
5850,2025-04-27,S29,S31,R,10,False,100.0
5851,2025-04-28,S40,S39,SC,5,False,25.0
5852,2025-04-28,S2,S7,S,25,False,100.0
5853,2025-04-28,S49,S28,R,105,False,1050.0
5854,2025-04-28,S1,S35,S,170,True,816.0
5855,2025-04-28,S28,S22,R,30,True,360.0
5856,2025-04-28,S36,S14,SC,110,False,550.0
5857,2025-04-28,S34,S42,SC,40,False,200.0
5858,2025-04-28,S50,S16,SC,170,False,850.0
5859,2025-04-28,S49,S40,SC,45,True,270.0
5860,2025-04-28,S3,S44,S,205,False,820.0
5861,2025-04-28,S4,S20,SC,80,False,400.0
5862,2025-04-28,S33,S5,S,140,False,560.0
5863,2025-04-28,S23,S13,S,50,True,240.0
5864,2025-04-28,S39,S49,SC,50,True,300.0
5865,2025-04-28,S16,S19,R,15,True,180.0
5866,2025-04-28,S1,S14,S,65,True,312.0
5867,2025-04-28,S2,S25,R,115,True,1380.0
5868,2025-04-28,S33,S39,S,30,True,144.0
5869,2025-04-28,S33,S44,S,55,True,264.0
5870,2025-04-28,S11,S4,R,35,False,350.0
5871,2025-04-28,S28,S4,S,120,True,576.0
5872,2025-04-28,S41,S43,SC,10,True,60.0
5873,2025-04-28,S41,S18,SC,115,True,690.0
5874,2025-04-28,S46,S11,R,175,True,2100.0
5875,2025-04-28,S32,S22,SC,50,True,300.0
5876,2025-04-28,S50,S21,S,145,True,696.0
5877,2025-04-28,S23,S39,SC,80,True,480.0
5878,2025-04-28,S27,S37,SC,50,True,300.0
5879,2025-04-28,S28,S33,SC,25,False,125.0
5880,2025-04-28,S33,S47,R,70,False,700.0
5881,2025-04-28,S8,S36,S,140,False,560.0
5882,2025-04-28,S17,S16,R,5,True,60.0
5883,2025-04-28,S40,S15,S,125,True,600.0
5884,2025-04-28,S49,S43,SC,30,False,150.0
5885,2025-04-28,S40,S22,S,90,True,432.0
5886,2025-04-28,S40,S50,SC,50,True,300.0
5887,2025-04-28,S6,S7,R,5,True,60.0
5888,2025-04-28,S50,S26,SC,120,True,720.0
5889,2025-04-28,S33,S9,R,120,False,1200.0
5890,2025-04-28,S24,S19,S,25,True,120.0
5891,2025-04-28,S21,S1,R,100,True,1200.0
5892,2025-04-28,S30,S19,S,55,True,264.0
5893,2025-04-28,S48,S45,R,15,True,180.0
5894,2025-04-28,S8,S4,SC,20,False,100.0
5895,2025-04-28,S13,S14,R,5,False,50.0
5896,2025-04-28,S16,S48,R,160,False,1600.0
5897,2025-04-28,S40,S20,R,100,True,1200.0
5898,2025-04-28,S30,S31,SC,5,False,25.0
5899,2025-04-28,S14,S47,SC,165,False,825.0
5900,2025-04-28,S47,S26,S,105,False,420.0
5901,2025-04-29,S43,S41,S,10,False,40.0
5902,2025-04-29,S44,S32,S,60,True,288.0
5903,2025-04-29,S16,S28,S,60,True,288.0
5904,2025-04-29,S5,S23,S,90,True,432.0
5905,2025-04-29,S33,S45,SC,60,True,360.0
5906,2025-04-29,S19,S35,R,80,True,960.0
5907,2025-04-29,S27,S43,SC,80,True,480.0
5908,2025-04-29,S11,S6,S,25,False,100.0
5909,2025-04-29,S41,S47,S,30,True,144.0
5910,2025-04-29,S39,S28,SC,55,False,275.0
5911,2025-04-29,S45,S26,SC,95,False,475.0
5912,2025-04-29,S26,S30,R,20,True,240.0
5913,2025-04-29,S9,S24,S,75,False,300.0
5914,2025-04-29,S2,S4,R,10,False,100.0
5915,2025-04-29,S7,S13,SC,30,True,180.0
5916,2025-04-29,S11,S40,R,145,False,1450.0
5917,2025-04-29,S2,S29,SC,135,True,810.0
5918,2025-04-29,S50,S7,R,215,True,2580.0
5919,2025-04-29,S9,S37,SC,140,True,840.0
5920,2025-04-29,S38,S41,SC,15,True,90.0
5921,2025-04-29,S25,S11,S,70,False,280.0
5922,2025-04-29,S40,S29,SC,55,True,330.0
5923,2025-04-29,S23,S50,S,135,True,648.0
5924,2025-04-29,S50,S8,SC,210,False,1050.0
5925,2025-04-29,S47,S37,R,50,True,600.0
5926,2025-04-29,S28,S38,SC,50,False,250.0
5927,2025-04-29,S48,S6,R,210,True,2520.0
5928,2025-04-29,S6,S15,SC,45,False,225.0
5929,2025-04-29,S26,S21,SC,25,False,125.0
5930,2025-04-29,S17,S46,SC,145,False,725.0
5931,2025-04-29,S21,S15,R,30,True,360.0
5932,2025-04-29,S22,S36,S,70,True,336.0
5933,2025-04-29,S45,S31,S,70,True,336.0
5934,2025-04-29,S32,S18,R,70,False,700.0
5935,2025-04-29,S18,S49,SC,155,True,930.0
5936,2025-04-29,S7,S26,S,95,False,380.0
5937,2025-04-29,S36,S19,SC,85,False,425.0
5938,2025-04-29,S37,S41,SC,20,True,120.0
5939,2025-04-29,S17,S49,R,160,False,1600.0
5940,2025-04-29,S1,S42,SC,205,True,1230.0
5941,2025-04-29,S19,S27,S,40,True,192.0
5942,2025-04-29,S49,S41,SC,40,True,240.0
5943,2025-04-29,S24,S38,R,70,True,840.0
5944,2025-04-29,S46,S15,R,155,False,1550.0
5945,2025-04-29,S11,S12,S,5,True,24.0
5946,2025-04-29,S15,S37,R,110,False,1100.0
5947,2025-04-29,S31,S22,R,45,False,450.0
5948,2025-04-29,S29,S42,SC,65,False,325.0
5949,2025-04-29,S45,S30,S,75,False,300.0
5950,2025-04-29,S46,S27,S,95,False,380.0
5951,2025-04-30,S26,S21,S,25,False,100.0
5952,2025-04-30,S28,S14,R,70,True,840.0
5953,2025-04-30,S42,S9,S,165,False,660.0
5954,2025-04-30,S22,S10,SC,60,True,360.0
5955,2025-04-30,S44,S46,S,10,False,40.0
5956,2025-04-30,S48,S6,S,210,False,840.0
5957,2025-04-30,S44,S2,S,210,True,1008.0
5958,2025-04-30,S26,S9,R,85,False,850.0
5959,2025-04-30,S7,S23,S,80,False,320.0
5960,2025-04-30,S2,S46,S,220,False,880.0
5961,2025-04-30,S32,S46,R,70,True,840.0
5962,2025-04-30,S2,S7,R,25,True,300.0
5963,2025-04-30,S49,S27,R,110,True,1320.0
5964,2025-04-30,S36,S37,SC,5,False,25.0
5965,2025-04-30,S34,S16,SC,90,True,540.0
5966,2025-04-30,S34,S2,S,160,False,640.0
5967,2025-04-30,S3,S43,S,200,False,800.0
5968,2025-04-30,S4,S8,R,20,False,200.0
5969,2025-04-30,S39,S40,SC,5,False,25.0
5970,2025-04-30,S49,S37,SC,60,True,360.0
5971,2025-04-30,S22,S26,R,20,True,240.0
5972,2025-04-30,S50,S42,R,40,False,400.0
5973,2025-04-30,S39,S17,SC,110,True,660.0
5974,2025-04-30,S16,S34,R,90,False,900.0
5975,2025-04-30,S42,S26,R,80,True,960.0
5976,2025-04-30,S37,S31,R,30,True,360.0
5977,2025-04-30,S47,S26,S,105,False,420.0
5978,2025-04-30,S29,S31,S,10,True,48.0
5979,2025-04-30,S13,S10,S,15,False,60.0
5980,2025-04-30,S12,S50,R,190,False,1900.0
5981,2025-04-30,S43,S19,SC,120,True,720.0
5982,2025-04-30,S34,S20,R,70,True,840.0
5983,2025-04-30,S17,S9,S,40,False,160.0
5984,2025-04-30,S43,S11,SC,160,False,800.0
5985,2025-04-30,S25,S16,R,45,True,540.0
5986,2025-04-30,S15,S38,S,115,False,460.0
5987,2025-04-30,S5,S41,SC,180,False,900.0
5988,2025-04-30,S15,S45,R,150,False,1500.0
5989,2025-04-30,S21,S42,SC,105,False,525.0
5990,2025-04-30,S38,S49,SC,55,True,330.0
5991,2025-04-30,S45,S35,SC,50,False,250.0
5992,2025-04-30,S26,S24,SC,10,False,50.0
5993,2025-04-30,S26,S37,S,55,False,220.0
5994,2025-04-30,S2,S35,R,165,True,1980.0
5995,2025-04-30,S27,S30,R,15,False,150.0
5996,2025-04-30,S17,S47,SC,150,False,750.0
5997,2025-04-30,S20,S7,SC,65,True,390.0
5998,2025-04-30,S14,S48,SC,170,True,1020.0
5999,2025-04-30,S29,S10,S,95,False,380.0
6000,2025-04-30,S44,S38,SC,30,True,180.0
6001,2025-05-01,S16,S18,R,10,False,100.0
6002,2025-05-01,S8,S36,SC,140,False,700.0
6003,2025-05-01,S46,S5,S,205,True,984.0
6004,2025-05-01,S43,S41,SC,10,False,50.0
6005,2025-05-01,S17,S28,R,55,False,550.0
6006,2025-05-01,S28,S24,S,20,True,96.0
6007,2025-05-01,S5,S50,SC,225,False,1125.0
6008,2025-05-01,S21,S48,SC,135,False,675.0
6009,2025-05-01,S26,S28,SC,10,True,60.0
6010,2025-05-01,S9,S35,SC,130,False,650.0
6011,2025-05-01,S45,S10,R,175,True,2100.0
6012,2025-05-01,S32,S23,S,45,True,216.0
6013,2025-05-01,S16,S25,S,45,True,216.0
6014,2025-05-01,S44,S20,R,120,True,1440.0
6015,2025-05-01,S11,S21,SC,50,False,250.0
6016,2025-05-01,S41,S1,SC,200,True,1200.0
6017,2025-05-01,S34,S11,S,115,True,552.0
6018,2025-05-01,S1,S8,SC,35,True,210.0
6019,2025-05-01,S10,S19,S,45,False,180.0
6020,2025-05-01,S44,S36,S,40,True,192.0
6021,2025-05-01,S26,S29,SC,15,False,75.0
6022,2025-05-01,S49,S32,R,85,False,850.0
6023,2025-05-01,S33,S21,SC,60,False,300.0
6024,2025-05-01,S1,S47,R,230,True,2760.0
6025,2025-05-01,S45,S10,SC,175,False,875.0
6026,2025-05-01,S41,S16,SC,125,True,750.0
6027,2025-05-01,S47,S10,R,185,True,2220.0
6028,2025-05-01,S20,S12,S,40,False,160.0
6029,2025-05-01,S2,S27,SC,125,False,625.0
6030,2025-05-01,S20,S46,S,130,False,520.0
6031,2025-05-01,S13,S20,SC,35,False,175.0
6032,2025-05-01,S3,S44,R,205,False,2050.0
6033,2025-05-01,S44,S32,SC,60,False,300.0
6034,2025-05-01,S3,S50,R,235,False,2350.0
6035,2025-05-01,S40,S31,SC,45,False,225.0
6036,2025-05-01,S49,S4,S,225,True,1080.0
6037,2025-05-01,S39,S28,SC,55,True,330.0
6038,2025-05-01,S25,S10,R,75,True,900.0
6039,2025-05-01,S27,S45,SC,90,False,450.0
6040,2025-05-01,S49,S44,R,25,True,300.0
6041,2025-05-01,S28,S48,R,100,False,1000.0
6042,2025-05-01,S8,S36,SC,140,False,700.0
6043,2025-05-01,S22,S12,SC,50,True,300.0
6044,2025-05-01,S31,S38,SC,35,False,175.0
6045,2025-05-01,S16,S5,SC,55,True,330.0
6046,2025-05-01,S41,S46,SC,25,True,150.0
6047,2025-05-01,S43,S2,S,205,False,820.0
6048,2025-05-01,S28,S29,SC,5,False,25.0
6049,2025-05-01,S38,S2,S,180,False,720.0
6050,2025-05-01,S12,S7,S,25,True,120.0
6051,2025-05-02,S27,S14,SC,65,False,325.0
6052,2025-05-02,S50,S12,R,190,False,1900.0
6053,2025-05-02,S37,S22,R,75,False,750.0
6054,2025-05-02,S49,S3,SC,230,False,1150.0
6055,2025-05-02,S35,S42,SC,35,False,175.0
6056,2025-05-02,S39,S8,SC,155,False,775.0
6057,2025-05-02,S35,S6,R,145,False,1450.0
6058,2025-05-02,S49,S41,R,40,False,400.0
6059,2025-05-02,S7,S11,R,20,True,240.0
6060,2025-05-02,S42,S15,R,135,False,1350.0
6061,2025-05-02,S40,S11,R,145,False,1450.0
6062,2025-05-02,S15,S36,S,105,True,504.0
6063,2025-05-02,S5,S10,SC,25,False,125.0
6064,2025-05-02,S48,S20,R,140,False,1400.0
6065,2025-05-02,S43,S11,SC,160,True,960.0
6066,2025-05-02,S34,S19,SC,75,False,375.0
6067,2025-05-02,S43,S32,SC,55,False,275.0
6068,2025-05-02,S39,S19,S,100,False,400.0
6069,2025-05-02,S36,S3,R,165,False,1650.0
6070,2025-05-02,S23,S36,R,65,True,780.0
6071,2025-05-02,S15,S24,S,45,True,216.0
6072,2025-05-02,S35,S42,R,35,False,350.0
6073,2025-05-02,S36,S17,S,95,False,380.0
6074,2025-05-02,S49,S4,SC,225,False,1125.0
6075,2025-05-02,S11,S36,S,125,True,600.0
6076,2025-05-02,S5,S47,S,210,False,840.0
6077,2025-05-02,S6,S46,SC,200,False,1000.0
6078,2025-05-02,S6,S12,R,30,False,300.0
6079,2025-05-02,S15,S40,SC,125,True,750.0
6080,2025-05-02,S27,S1,R,130,True,1560.0
6081,2025-05-02,S10,S29,R,95,True,1140.0
6082,2025-05-02,S44,S5,R,195,True,2340.0
6083,2025-05-02,S31,S47,S,80,True,384.0
6084,2025-05-02,S32,S48,SC,80,True,480.0
6085,2025-05-02,S32,S20,SC,60,False,300.0
6086,2025-05-02,S31,S48,R,85,False,850.0
6087,2025-05-02,S34,S43,R,45,True,540.0
6088,2025-05-02,S44,S19,S,125,True,600.0
6089,2025-05-02,S38,S18,SC,100,True,600.0
6090,2025-05-02,S38,S21,S,85,False,340.0
6091,2025-05-02,S6,S8,S,10,True,48.0
6092,2025-05-02,S8,S10,SC,10,False,50.0
6093,2025-05-02,S46,S34,SC,60,True,360.0
6094,2025-05-02,S22,S11,SC,55,False,275.0
6095,2025-05-02,S29,S36,S,35,True,168.0
6096,2025-05-02,S41,S7,R,170,True,2040.0
6097,2025-05-02,S20,S42,SC,110,False,550.0
6098,2025-05-02,S41,S10,SC,155,False,775.0
6099,2025-05-02,S17,S10,S,35,False,140.0
6100,2025-05-02,S32,S42,R,50,False,500.0
6101,2025-05-03,S48,S22,R,130,False,1300.0
6102,2025-05-03,S22,S34,SC,60,False,300.0
6103,2025-05-03,S31,S21,SC,50,True,300.0
6104,2025-05-03,S11,S5,SC,30,False,150.0
6105,2025-05-03,S30,S2,S,140,True,672.0
6106,2025-05-03,S38,S40,R,10,True,120.0
6107,2025-05-03,S28,S13,S,75,False,300.0
6108,2025-05-03,S30,S28,S,10,False,40.0
6109,2025-05-03,S16,S46,S,150,True,720.0
6110,2025-05-03,S33,S49,R,80,False,800.0
6111,2025-05-03,S32,S2,R,150,True,1800.0
6112,2025-05-03,S32,S7,R,125,False,1250.0
6113,2025-05-03,S41,S15,S,130,False,520.0
6114,2025-05-03,S25,S2,S,115,False,460.0
6115,2025-05-03,S27,S13,S,70,True,336.0
6116,2025-05-03,S45,S46,S,5,False,20.0
6117,2025-05-03,S43,S37,S,30,True,144.0
6118,2025-05-03,S24,S4,R,100,False,1000.0
6119,2025-05-03,S31,S19,R,60,False,600.0
6120,2025-05-03,S9,S19,SC,50,True,300.0
6121,2025-05-03,S46,S21,R,125,True,1500.0
6122,2025-05-03,S41,S1,SC,200,False,1000.0
6123,2025-05-03,S25,S28,SC,15,False,75.0
6124,2025-05-03,S33,S9,S,120,True,576.0
6125,2025-05-03,S3,S30,SC,135,False,675.0
6126,2025-05-03,S37,S5,SC,160,False,800.0
6127,2025-05-03,S23,S32,S,45,False,180.0
6128,2025-05-03,S17,S10,S,35,False,140.0
6129,2025-05-03,S19,S29,S,50,False,200.0
6130,2025-05-03,S42,S13,SC,145,True,870.0
6131,2025-05-03,S14,S43,SC,145,True,870.0
6132,2025-05-03,S16,S9,R,35,True,420.0
6133,2025-05-03,S9,S2,R,35,True,420.0
6134,2025-05-03,S19,S39,S,100,True,480.0
6135,2025-05-03,S8,S49,R,205,False,2050.0
6136,2025-05-03,S8,S12,R,20,True,240.0
6137,2025-05-03,S34,S28,R,30,False,300.0
6138,2025-05-03,S22,S19,SC,15,False,75.0
6139,2025-05-03,S6,S29,S,115,True,552.0
6140,2025-05-03,S17,S44,SC,135,False,675.0
6141,2025-05-03,S8,S2,SC,30,True,180.0
6142,2025-05-03,S10,S12,R,10,False,100.0
6143,2025-05-03,S33,S25,SC,40,False,200.0
6144,2025-05-03,S46,S9,R,185,True,2220.0
6145,2025-05-03,S31,S21,R,50,False,500.0
6146,2025-05-03,S12,S28,S,80,True,384.0
6147,2025-05-03,S39,S9,R,150,False,1500.0
6148,2025-05-03,S11,S3,SC,40,True,240.0
6149,2025-05-03,S13,S17,S,20,True,96.0
6150,2025-05-03,S1,S34,R,165,True,1980.0
6151,2025-05-04,S40,S45,SC,25,False,125.0
6152,2025-05-04,S14,S37,S,115,False,460.0
6153,2025-05-04,S11,S43,SC,160,False,800.0
6154,2025-05-04,S13,S49,S,180,False,720.0
6155,2025-05-04,S43,S30,SC,65,False,325.0
6156,2025-05-04,S16,S30,R,70,False,700.0
6157,2025-05-04,S20,S24,S,20,False,80.0
6158,2025-05-04,S16,S23,S,35,False,140.0
6159,2025-05-04,S49,S16,R,165,False,1650.0
6160,2025-05-04,S23,S48,R,125,True,1500.0
6161,2025-05-04,S7,S26,R,95,True,1140.0
6162,2025-05-04,S48,S8,SC,200,True,1200.0
6163,2025-05-04,S21,S41,S,100,True,480.0
6164,2025-05-04,S32,S9,SC,115,True,690.0
6165,2025-05-04,S36,S49,SC,65,False,325.0
6166,2025-05-04,S2,S48,S,230,False,920.0
6167,2025-05-04,S12,S11,S,5,True,24.0
6168,2025-05-04,S13,S9,R,20,True,240.0
6169,2025-05-04,S2,S28,S,130,True,624.0
6170,2025-05-04,S7,S48,R,205,True,2460.0
6171,2025-05-04,S48,S45,SC,15,False,75.0
6172,2025-05-04,S29,S8,SC,105,True,630.0
6173,2025-05-04,S50,S17,R,165,True,1980.0
6174,2025-05-04,S29,S32,S,15,False,60.0
6175,2025-05-04,S33,S18,R,75,True,900.0
6176,2025-05-04,S42,S3,SC,195,False,975.0
6177,2025-05-04,S25,S47,R,110,True,1320.0
6178,2025-05-04,S5,S30,S,125,False,500.0
6179,2025-05-04,S21,S5,R,80,False,800.0
6180,2025-05-04,S7,S36,S,145,True,696.0
6181,2025-05-04,S3,S1,SC,10,True,60.0
6182,2025-05-04,S14,S19,S,25,False,100.0
6183,2025-05-04,S30,S9,R,105,False,1050.0
6184,2025-05-04,S21,S44,S,115,True,552.0
6185,2025-05-04,S17,S3,S,70,False,280.0
6186,2025-05-04,S27,S33,SC,30,True,180.0
6187,2025-05-04,S4,S19,R,75,True,900.0
6188,2025-05-04,S7,S12,SC,25,True,150.0
6189,2025-05-04,S17,S33,SC,80,True,480.0
6190,2025-05-04,S16,S41,SC,125,True,750.0
6191,2025-05-04,S17,S2,SC,75,True,450.0
6192,2025-05-04,S17,S29,SC,60,True,360.0
6193,2025-05-04,S18,S20,SC,10,True,60.0
6194,2025-05-04,S25,S45,R,100,False,1000.0
6195,2025-05-04,S45,S48,S,15,False,60.0
6196,2025-05-04,S30,S14,R,80,False,800.0
6197,2025-05-04,S41,S38,R,15,True,180.0
6198,2025-05-04,S6,S23,R,85,False,850.0
6199,2025-05-04,S11,S13,R,10,False,100.0
6200,2025-05-04,S10,S23,S,65,True,312.0
6201,2025-05-05,S49,S6,S,215,False,860.0
6202,2025-05-05,S30,S2,S,140,True,672.0
6203,2025-05-05,S48,S29,SC,95,True,570.0
6204,2025-05-05,S42,S33,S,45,True,216.0
6205,2025-05-05,S19,S34,SC,75,True,450.0
6206,2025-05-05,S45,S31,R,70,True,840.0
6207,2025-05-05,S45,S29,R,80,True,960.0
6208,2025-05-05,S32,S11,SC,105,True,630.0
6209,2025-05-05,S47,S40,R,35,False,350.0
6210,2025-05-05,S33,S5,R,140,True,1680.0
6211,2025-05-05,S37,S40,S,15,True,72.0
6212,2025-05-05,S10,S46,S,180,False,720.0
6213,2025-05-05,S5,S48,R,215,False,2150.0
6214,2025-05-05,S6,S14,SC,40,True,240.0
6215,2025-05-05,S36,S7,R,145,False,1450.0
6216,2025-05-05,S42,S10,R,160,True,1920.0
6217,2025-05-05,S5,S23,S,90,False,360.0
6218,2025-05-05,S38,S30,R,40,True,480.0
6219,2025-05-05,S19,S49,R,150,False,1500.0
6220,2025-05-05,S42,S7,SC,175,True,1050.0
6221,2025-05-05,S44,S10,SC,170,True,1020.0
6222,2025-05-05,S39,S30,R,45,False,450.0
6223,2025-05-05,S26,S12,SC,70,False,350.0
6224,2025-05-05,S31,S20,SC,55,True,330.0
6225,2025-05-05,S19,S31,R,60,True,720.0
6226,2025-05-05,S38,S18,SC,100,False,500.0
6227,2025-05-05,S38,S9,R,145,False,1450.0
6228,2025-05-05,S46,S29,R,85,True,1020.0
6229,2025-05-05,S25,S16,R,45,False,450.0
6230,2025-05-05,S14,S39,R,125,False,1250.0
6231,2025-05-05,S40,S7,R,165,False,1650.0
6232,2025-05-05,S45,S46,R,5,True,60.0
6233,2025-05-05,S13,S5,S,40,False,160.0
6234,2025-05-05,S31,S12,S,95,False,380.0
6235,2025-05-05,S24,S26,S,10,True,48.0
6236,2025-05-05,S47,S25,R,110,True,1320.0
6237,2025-05-05,S50,S44,R,30,True,360.0
6238,2025-05-05,S39,S13,SC,130,False,650.0
6239,2025-05-05,S18,S48,R,150,True,1800.0
6240,2025-05-05,S36,S7,S,145,False,580.0
6241,2025-05-05,S42,S5,S,185,False,740.0
6242,2025-05-05,S36,S17,S,95,False,380.0
6243,2025-05-05,S44,S46,S,10,True,48.0
6244,2025-05-05,S44,S5,SC,195,True,1170.0
6245,2025-05-05,S13,S47,R,170,True,2040.0
6246,2025-05-05,S29,S49,SC,100,True,600.0
6247,2025-05-05,S28,S43,SC,75,False,375.0
6248,2025-05-05,S40,S33,S,35,True,168.0
6249,2025-05-05,S25,S18,R,35,False,350.0
6250,2025-05-05,S22,S40,S,90,True,432.0
6251,2025-05-06,S38,S5,SC,165,True,990.0
6252,2025-05-06,S33,S42,S,45,True,216.0
6253,2025-05-06,S15,S38,SC,115,False,575.0
6254,2025-05-06,S26,S38,S,60,False,240.0
6255,2025-05-06,S1,S28,SC,135,True,810.0
6256,2025-05-06,S29,S14,R,75,False,750.0
6257,2025-05-06,S22,S8,SC,70,False,350.0
6258,2025-05-06,S35,S19,S,80,True,384.0
6259,2025-05-06,S39,S32,S,35,True,168.0
6260,2025-05-06,S20,S25,SC,25,True,150.0
6261,2025-05-06,S2,S43,S,205,True,984.0
6262,2025-05-06,S24,S12,R,60,True,720.0
6263,2025-05-06,S18,S50,SC,160,False,800.0
6264,2025-05-06,S47,S11,SC,180,True,1080.0
6265,2025-05-06,S18,S32,SC,70,False,350.0
6266,2025-05-06,S23,S34,S,55,True,264.0
6267,2025-05-06,S5,S29,S,120,True,576.0
6268,2025-05-06,S5,S36,R,155,False,1550.0
6269,2025-05-06,S10,S34,S,120,False,480.0
6270,2025-05-06,S20,S14,S,30,True,144.0
6271,2025-05-06,S37,S6,SC,155,True,930.0
6272,2025-05-06,S34,S17,SC,85,True,510.0
6273,2025-05-06,S10,S46,SC,180,True,1080.0
6274,2025-05-06,S3,S37,S,170,True,816.0
6275,2025-05-06,S42,S16,R,130,True,1560.0
6276,2025-05-06,S30,S5,SC,125,False,625.0
6277,2025-05-06,S6,S7,SC,5,False,25.0
6278,2025-05-06,S32,S27,SC,25,True,150.0
6279,2025-05-06,S26,S6,R,100,True,1200.0
6280,2025-05-06,S45,S27,S,90,True,432.0
6281,2025-05-06,S25,S39,S,70,True,336.0
6282,2025-05-06,S40,S45,SC,25,False,125.0
6283,2025-05-06,S24,S7,SC,85,False,425.0
6284,2025-05-06,S28,S11,R,85,True,1020.0
6285,2025-05-06,S3,S40,R,185,True,2220.0
6286,2025-05-06,S4,S6,S,10,False,40.0
6287,2025-05-06,S20,S13,SC,35,False,175.0
6288,2025-05-06,S19,S4,S,75,True,360.0
6289,2025-05-06,S10,S22,R,60,False,600.0
6290,2025-05-06,S20,S25,R,25,False,250.0
6291,2025-05-06,S6,S30,S,120,True,576.0
6292,2025-05-06,S3,S10,S,35,True,168.0
6293,2025-05-06,S47,S28,SC,95,True,570.0
6294,2025-05-06,S25,S44,S,95,True,456.0
6295,2025-05-06,S5,S8,S,15,False,60.0
6296,2025-05-06,S20,S1,R,95,False,950.0
6297,2025-05-06,S11,S48,R,185,False,1850.0
6298,2025-05-06,S24,S22,SC,10,True,60.0
6299,2025-05-06,S23,S10,R,65,True,780.0
6300,2025-05-06,S4,S36,SC,160,False,800.0
6301,2025-05-07,S12,S9,S,15,True,72.0
6302,2025-05-07,S15,S36,SC,105,False,525.0
6303,2025-05-07,S15,S49,R,170,True,2040.0
6304,2025-05-07,S5,S17,R,60,True,720.0
6305,2025-05-07,S34,S20,R,70,True,840.0
6306,2025-05-07,S11,S24,S,65,False,260.0
6307,2025-05-07,S34,S37,R,15,False,150.0
6308,2025-05-07,S3,S16,R,65,False,650.0
6309,2025-05-07,S31,S22,SC,45,True,270.0
6310,2025-05-07,S2,S33,S,155,False,620.0
6311,2025-05-07,S50,S29,SC,105,True,630.0
6312,2025-05-07,S37,S17,SC,100,True,600.0
6313,2025-05-07,S37,S27,S,50,True,240.0
6314,2025-05-07,S27,S19,R,40,True,480.0
6315,2025-05-07,S19,S43,R,120,False,1200.0
6316,2025-05-07,S13,S20,R,35,True,420.0
6317,2025-05-07,S35,S42,SC,35,False,175.0
6318,2025-05-07,S28,S16,SC,60,True,360.0
6319,2025-05-07,S40,S24,R,80,True,960.0
6320,2025-05-07,S40,S11,S,145,True,696.0
6321,2025-05-07,S9,S25,S,80,False,320.0
6322,2025-05-07,S26,S3,R,115,True,1380.0
6323,2025-05-07,S19,S43,S,120,True,576.0
6324,2025-05-07,S10,S6,R,20,True,240.0
6325,2025-05-07,S47,S49,R,10,False,100.0
6326,2025-05-07,S26,S39,R,65,True,780.0
6327,2025-05-07,S10,S40,SC,150,True,900.0
6328,2025-05-07,S35,S50,SC,75,True,450.0
6329,2025-05-07,S11,S24,S,65,True,312.0
6330,2025-05-07,S10,S13,R,15,False,150.0
6331,2025-05-07,S29,S14,R,75,True,900.0
6332,2025-05-07,S41,S46,R,25,False,250.0
6333,2025-05-07,S41,S17,S,120,True,576.0
6334,2025-05-07,S29,S2,R,135,True,1620.0
6335,2025-05-07,S27,S30,R,15,True,180.0
6336,2025-05-07,S2,S10,SC,40,True,240.0
6337,2025-05-07,S41,S11,S,150,False,600.0
6338,2025-05-07,S12,S1,S,55,False,220.0
6339,2025-05-07,S17,S21,S,20,True,96.0
6340,2025-05-07,S10,S8,R,10,False,100.0
6341,2025-05-07,S32,S22,S,50,True,240.0
6342,2025-05-07,S34,S50,S,80,True,384.0
6343,2025-05-07,S36,S27,SC,45,False,225.0
6344,2025-05-07,S2,S34,S,160,False,640.0
6345,2025-05-07,S14,S46,SC,160,True,960.0
6346,2025-05-07,S36,S15,R,105,False,1050.0
6347,2025-05-07,S34,S47,S,65,True,312.0
6348,2025-05-07,S5,S37,S,160,True,768.0
6349,2025-05-07,S13,S5,SC,40,False,200.0
6350,2025-05-07,S11,S19,SC,40,True,240.0
6351,2025-05-08,S39,S45,SC,30,False,150.0
6352,2025-05-08,S9,S36,S,135,False,540.0
6353,2025-05-08,S50,S8,S,210,True,1008.0
6354,2025-05-08,S26,S30,R,20,True,240.0
6355,2025-05-08,S9,S34,SC,125,True,750.0
6356,2025-05-08,S40,S19,S,105,False,420.0
6357,2025-05-08,S6,S48,S,210,True,1008.0
6358,2025-05-08,S39,S26,SC,65,True,390.0
6359,2025-05-08,S8,S24,SC,80,False,400.0
6360,2025-05-08,S21,S12,R,45,False,450.0
6361,2025-05-08,S18,S8,R,50,False,500.0
6362,2025-05-08,S17,S35,R,90,True,1080.0
6363,2025-05-08,S32,S13,SC,95,False,475.0
6364,2025-05-08,S12,S24,R,60,True,720.0
6365,2025-05-08,S12,S20,S,40,False,160.0
6366,2025-05-08,S1,S24,R,115,True,1380.0
6367,2025-05-08,S17,S45,SC,140,False,700.0
6368,2025-05-08,S17,S10,R,35,False,350.0
6369,2025-05-08,S10,S48,SC,190,True,1140.0
6370,2025-05-08,S35,S23,SC,60,False,300.0
6371,2025-05-08,S8,S27,R,95,False,950.0
6372,2025-05-08,S26,S2,R,120,True,1440.0
6373,2025-05-08,S35,S5,R,150,True,1800.0
6374,2025-05-08,S2,S10,SC,40,False,200.0
6375,2025-05-08,S46,S43,R,15,True,180.0
6376,2025-05-08,S41,S19,SC,110,False,550.0
6377,2025-05-08,S12,S41,S,145,False,580.0
6378,2025-05-08,S40,S29,R,55,False,550.0
6379,2025-05-08,S36,S15,R,105,True,1260.0
6380,2025-05-08,S5,S13,S,40,True,192.0
6381,2025-05-08,S18,S8,S,50,True,240.0
6382,2025-05-08,S16,S5,SC,55,False,275.0
6383,2025-05-08,S4,S43,R,195,False,1950.0
6384,2025-05-08,S32,S41,S,45,False,180.0
6385,2025-05-08,S40,S26,SC,70,False,350.0
6386,2025-05-08,S21,S9,R,60,True,720.0
6387,2025-05-08,S46,S2,R,220,False,2200.0
6388,2025-05-08,S1,S17,SC,80,False,400.0
6389,2025-05-08,S6,S50,S,220,True,1056.0
6390,2025-05-08,S39,S46,R,35,False,350.0
6391,2025-05-08,S26,S32,R,30,True,360.0
6392,2025-05-08,S45,S41,SC,20,False,100.0
6393,2025-05-08,S1,S4,S,15,True,72.0
6394,2025-05-08,S39,S9,SC,150,False,750.0
6395,2025-05-08,S27,S25,R,10,False,100.0
6396,2025-05-08,S7,S41,S,170,True,816.0
6397,2025-05-08,S38,S41,S,15,False,60.0
6398,2025-05-08,S42,S48,SC,30,True,180.0
6399,2025-05-08,S33,S35,S,10,False,40.0
6400,2025-05-08,S19,S37,R,90,True,1080.0
6401,2025-05-09,S20,S27,SC,35,False,175.0
6402,2025-05-09,S30,S37,R,35,True,420.0
6403,2025-05-09,S39,S36,SC,15,True,90.0
6404,2025-05-09,S6,S40,R,170,True,2040.0
6405,2025-05-09,S38,S29,S,45,False,180.0
6406,2025-05-09,S12,S18,SC,30,False,150.0
6407,2025-05-09,S11,S5,S,30,False,120.0
6408,2025-05-09,S39,S37,R,10,False,100.0
6409,2025-05-09,S41,S25,R,80,False,800.0
6410,2025-05-09,S45,S43,SC,10,True,60.0
6411,2025-05-09,S29,S37,SC,40,False,200.0
6412,2025-05-09,S22,S45,SC,115,True,690.0
6413,2025-05-09,S3,S23,R,100,True,1200.0
6414,2025-05-09,S12,S9,S,15,True,72.0
6415,2025-05-09,S44,S42,SC,10,True,60.0
6416,2025-05-09,S21,S34,R,65,True,780.0
6417,2025-05-09,S32,S12,S,100,False,400.0
6418,2025-05-09,S26,S1,S,125,True,600.0
6419,2025-05-09,S45,S6,R,195,True,2340.0
6420,2025-05-09,S29,S5,SC,120,False,600.0
6421,2025-05-09,S19,S6,S,65,True,312.0
6422,2025-05-09,S11,S50,S,195,True,936.0
6423,2025-05-09,S18,S28,S,50,False,200.0
6424,2025-05-09,S41,S17,SC,120,False,600.0
6425,2025-05-09,S33,S31,SC,10,False,50.0
6426,2025-05-09,S26,S46,SC,100,False,500.0
6427,2025-05-09,S3,S8,SC,25,True,150.0
6428,2025-05-09,S7,S34,SC,135,True,810.0
6429,2025-05-09,S16,S29,S,65,False,260.0
6430,2025-05-09,S14,S41,R,135,True,1620.0
6431,2025-05-09,S1,S6,R,25,True,300.0
6432,2025-05-09,S8,S32,S,120,True,576.0
6433,2025-05-09,S33,S30,SC,15,False,75.0
6434,2025-05-09,S31,S50,R,95,True,1140.0
6435,2025-05-09,S27,S35,S,40,False,160.0
6436,2025-05-09,S35,S17,SC,90,False,450.0
6437,2025-05-09,S36,S29,SC,35,True,210.0
6438,2025-05-09,S28,S2,R,130,False,1300.0
6439,2025-05-09,S49,S18,SC,155,True,930.0
6440,2025-05-09,S38,S26,S,60,True,288.0
6441,2025-05-09,S49,S27,SC,110,True,660.0
6442,2025-05-09,S10,S50,S,200,False,800.0
6443,2025-05-09,S44,S6,SC,190,False,950.0
6444,2025-05-09,S49,S47,SC,10,True,60.0
6445,2025-05-09,S4,S30,R,130,False,1300.0
6446,2025-05-09,S4,S35,S,155,True,744.0
6447,2025-05-09,S48,S36,R,60,False,600.0
6448,2025-05-09,S10,S35,S,125,True,600.0
6449,2025-05-09,S5,S35,SC,150,False,750.0
6450,2025-05-09,S25,S35,S,50,True,240.0
6451,2025-05-10,S16,S36,R,100,True,1200.0
6452,2025-05-10,S48,S43,S,25,True,120.0
6453,2025-05-10,S4,S21,R,85,True,1020.0
6454,2025-05-10,S2,S49,S,235,False,940.0
6455,2025-05-10,S34,S17,S,85,True,408.0
6456,2025-05-10,S11,S21,R,50,False,500.0
6457,2025-05-10,S3,S15,R,60,False,600.0
6458,2025-05-10,S44,S23,SC,105,True,630.0
6459,2025-05-10,S47,S34,S,65,False,260.0
6460,2025-05-10,S38,S28,S,50,False,200.0
6461,2025-05-10,S12,S38,S,130,True,624.0
6462,2025-05-10,S37,S15,SC,110,True,660.0
6463,2025-05-10,S28,S8,S,100,True,480.0
6464,2025-05-10,S48,S49,SC,5,False,25.0
6465,2025-05-10,S34,S43,SC,45,True,270.0
6466,2025-05-10,S17,S26,S,45,False,180.0
6467,2025-05-10,S21,S43,SC,110,False,550.0
6468,2025-05-10,S1,S11,S,50,False,200.0
6469,2025-05-10,S8,S30,R,110,True,1320.0
6470,2025-05-10,S2,S47,S,225,False,900.0
6471,2025-05-10,S43,S11,SC,160,False,800.0
6472,2025-05-10,S32,S33,R,5,False,50.0
6473,2025-05-10,S9,S13,R,20,False,200.0
6474,2025-05-10,S12,S29,S,85,False,340.0
6475,2025-05-10,S40,S33,R,35,False,350.0
6476,2025-05-10,S13,S24,S,55,False,220.0
6477,2025-05-10,S8,S9,R,5,False,50.0
6478,2025-05-10,S4,S31,SC,135,False,675.0
6479,2025-05-10,S39,S12,R,135,False,1350.0
6480,2025-05-10,S34,S13,SC,105,False,525.0
6481,2025-05-10,S15,S41,S,130,True,624.0
6482,2025-05-10,S5,S43,S,190,True,912.0
6483,2025-05-10,S12,S7,S,25,True,120.0
6484,2025-05-10,S5,S37,SC,160,True,960.0
6485,2025-05-10,S21,S29,SC,40,False,200.0
6486,2025-05-10,S32,S38,R,30,True,360.0
6487,2025-05-10,S1,S22,R,105,False,1050.0
6488,2025-05-10,S24,S50,S,130,True,624.0
6489,2025-05-10,S13,S21,R,40,True,480.0
6490,2025-05-10,S29,S37,SC,40,True,240.0
6491,2025-05-10,S27,S50,S,115,False,460.0
6492,2025-05-10,S3,S6,SC,15,False,75.0
6493,2025-05-10,S25,S42,R,85,False,850.0
6494,2025-05-10,S40,S15,S,125,True,600.0
6495,2025-05-10,S41,S23,S,90,False,360.0
6496,2025-05-10,S14,S27,SC,65,True,390.0
6497,2025-05-10,S48,S31,R,85,True,1020.0
6498,2025-05-10,S23,S29,S,30,True,144.0
6499,2025-05-10,S39,S46,SC,35,False,175.0
6500,2025-05-10,S24,S41,SC,85,False,425.0
6501,2025-05-11,S22,S38,R,80,True,960.0
6502,2025-05-11,S26,S8,R,90,False,900.0
6503,2025-05-11,S18,S29,S,55,True,264.0
6504,2025-05-11,S31,S11,R,100,False,1000.0
6505,2025-05-11,S41,S50,S,45,False,180.0
6506,2025-05-11,S36,S4,S,160,False,640.0
6507,2025-05-11,S41,S27,R,70,False,700.0
6508,2025-05-11,S18,S28,SC,50,False,250.0
6509,2025-05-11,S20,S47,SC,135,True,810.0
6510,2025-05-11,S13,S48,S,175,False,700.0
6511,2025-05-11,S27,S3,S,120,False,480.0
6512,2025-05-11,S10,S47,S,185,True,888.0
6513,2025-05-11,S20,S6,R,70,True,840.0
6514,2025-05-11,S18,S37,R,95,False,950.0
6515,2025-05-11,S12,S30,SC,90,False,450.0
6516,2025-05-11,S4,S5,R,5,True,60.0
6517,2025-05-11,S38,S45,SC,35,False,175.0
6518,2025-05-11,S35,S8,SC,135,True,810.0
6519,2025-05-11,S30,S33,R,15,True,180.0
6520,2025-05-11,S44,S1,S,215,True,1032.0
6521,2025-05-11,S33,S31,SC,10,True,60.0
6522,2025-05-11,S49,S50,R,5,False,50.0
6523,2025-05-11,S16,S7,R,45,True,540.0
6524,2025-05-11,S4,S10,R,30,True,360.0
6525,2025-05-11,S48,S42,SC,30,False,150.0
6526,2025-05-11,S46,S7,R,195,True,2340.0
6527,2025-05-11,S7,S26,R,95,False,950.0
6528,2025-05-11,S47,S2,S,225,False,900.0
6529,2025-05-11,S13,S42,SC,145,True,870.0
6530,2025-05-11,S22,S34,R,60,False,600.0
6531,2025-05-11,S36,S46,SC,50,False,250.0
6532,2025-05-11,S5,S25,S,100,True,480.0
6533,2025-05-11,S45,S34,SC,55,False,275.0
6534,2025-05-11,S39,S47,SC,40,False,200.0
6535,2025-05-11,S49,S12,S,185,False,740.0
6536,2025-05-11,S28,S39,R,55,False,550.0
6537,2025-05-11,S14,S12,SC,10,True,60.0
6538,2025-05-11,S33,S4,SC,145,True,870.0
6539,2025-05-11,S14,S25,S,55,True,264.0
6540,2025-05-11,S22,S21,S,5,True,24.0
6541,2025-05-11,S14,S20,S,30,True,144.0
6542,2025-05-11,S43,S47,S,20,True,96.0
6543,2025-05-11,S39,S36,S,15,True,72.0
6544,2025-05-11,S9,S44,S,175,True,840.0
6545,2025-05-11,S4,S7,S,15,False,60.0
6546,2025-05-11,S42,S48,SC,30,True,180.0
6547,2025-05-11,S40,S7,SC,165,False,825.0
6548,2025-05-11,S18,S5,R,65,False,650.0
6549,2025-05-11,S40,S15,SC,125,False,625.0
6550,2025-05-11,S43,S22,SC,105,False,525.0
6551,2025-05-12,S35,S4,S,155,True,744.0
6552,2025-05-12,S45,S50,S,25,False,100.0
6553,2025-05-12,S50,S47,SC,15,False,75.0
6554,2025-05-12,S35,S38,SC,15,True,90.0
6555,2025-05-12,S32,S9,S,115,False,460.0
6556,2025-05-12,S14,S40,S,130,False,520.0
6557,2025-05-12,S22,S6,SC,80,True,480.0
6558,2025-05-12,S28,S6,R,110,False,1100.0
6559,2025-05-12,S37,S8,SC,145,False,725.0
6560,2025-05-12,S46,S19,SC,135,True,810.0
6561,2025-05-12,S42,S4,SC,190,False,950.0
6562,2025-05-12,S19,S31,SC,60,False,300.0
6563,2025-05-12,S6,S8,S,10,True,48.0
6564,2025-05-12,S14,S31,R,85,False,850.0
6565,2025-05-12,S44,S1,SC,215,False,1075.0
6566,2025-05-12,S13,S11,S,10,False,40.0
6567,2025-05-12,S32,S42,SC,50,False,250.0
6568,2025-05-12,S33,S31,R,10,False,100.0
6569,2025-05-12,S28,S38,R,50,True,600.0
6570,2025-05-12,S18,S44,SC,130,False,650.0
6571,2025-05-12,S40,S21,SC,95,True,570.0
6572,2025-05-12,S50,S46,SC,20,True,120.0
6573,2025-05-12,S36,S31,R,25,False,250.0
6574,2025-05-12,S50,S28,R,110,False,1100.0
6575,2025-05-12,S2,S13,S,55,False,220.0
6576,2025-05-12,S50,S7,SC,215,True,1290.0
6577,2025-05-12,S37,S26,S,55,False,220.0
6578,2025-05-12,S39,S46,R,35,True,420.0
6579,2025-05-12,S17,S2,SC,75,False,375.0
6580,2025-05-12,S49,S33,R,80,True,960.0
6581,2025-05-12,S28,S36,SC,40,False,200.0
6582,2025-05-12,S16,S46,SC,150,True,900.0
6583,2025-05-12,S24,S13,SC,55,False,275.0
6584,2025-05-12,S1,S37,SC,180,True,1080.0
6585,2025-05-12,S3,S27,R,120,True,1440.0
6586,2025-05-12,S17,S47,SC,150,True,900.0
6587,2025-05-12,S45,S8,S,185,False,740.0
6588,2025-05-12,S39,S13,R,130,True,1560.0
6589,2025-05-12,S19,S2,SC,85,True,510.0
6590,2025-05-12,S42,S48,S,30,True,144.0
6591,2025-05-12,S33,S30,R,15,True,180.0
6592,2025-05-12,S31,S2,SC,145,True,870.0
6593,2025-05-12,S32,S3,R,145,True,1740.0
6594,2025-05-12,S11,S39,S,140,False,560.0
6595,2025-05-12,S33,S16,SC,85,False,425.0
6596,2025-05-12,S29,S12,SC,85,True,510.0
6597,2025-05-12,S50,S25,R,125,False,1250.0
6598,2025-05-12,S36,S42,S,30,False,120.0
6599,2025-05-12,S9,S40,S,155,False,620.0
6600,2025-05-12,S8,S19,S,55,True,264.0
6601,2025-05-13,S28,S26,S,10,True,48.0
6602,2025-05-13,S24,S8,SC,80,True,480.0
6603,2025-05-13,S23,S32,SC,45,False,225.0
6604,2025-05-13,S39,S13,R,130,False,1300.0
6605,2025-05-13,S40,S11,S,145,True,696.0
6606,2025-05-13,S45,S5,R,200,True,2400.0
6607,2025-05-13,S39,S15,SC,120,True,720.0
6608,2025-05-13,S17,S23,S,30,True,144.0
6609,2025-05-13,S28,S42,S,70,False,280.0
6610,2025-05-13,S36,S16,R,100,True,1200.0
6611,2025-05-13,S1,S18,SC,85,True,510.0
6612,2025-05-13,S14,S7,SC,35,False,175.0
6613,2025-05-13,S19,S24,R,25,True,300.0
6614,2025-05-13,S42,S2,SC,200,False,1000.0
6615,2025-05-13,S10,S15,R,25,True,300.0
6616,2025-05-13,S8,S11,S,15,False,60.0
6617,2025-05-13,S40,S3,R,185,True,2220.0
6618,2025-05-13,S50,S35,SC,75,False,375.0
6619,2025-05-13,S18,S20,S,10,False,40.0
6620,2025-05-13,S29,S49,R,100,True,1200.0
6621,2025-05-13,S14,S13,S,5,True,24.0
6622,2025-05-13,S3,S42,SC,195,False,975.0
6623,2025-05-13,S6,S30,SC,120,True,720.0
6624,2025-05-13,S8,S15,R,35,False,350.0
6625,2025-05-13,S40,S44,S,20,True,96.0
6626,2025-05-13,S1,S32,S,155,True,744.0
6627,2025-05-13,S1,S35,S,170,True,816.0
6628,2025-05-13,S4,S3,S,5,False,20.0
6629,2025-05-13,S10,S19,S,45,True,216.0
6630,2025-05-13,S43,S50,S,35,True,168.0
6631,2025-05-13,S40,S39,S,5,True,24.0
6632,2025-05-13,S25,S20,R,25,True,300.0
6633,2025-05-13,S6,S39,SC,165,True,990.0
6634,2025-05-13,S44,S26,S,90,True,432.0
6635,2025-05-13,S25,S19,S,30,False,120.0
6636,2025-05-13,S15,S34,S,95,False,380.0
6637,2025-05-13,S45,S34,S,55,False,220.0
6638,2025-05-13,S37,S16,SC,105,True,630.0
6639,2025-05-13,S49,S14,R,175,False,1750.0
6640,2025-05-13,S8,S17,R,45,False,450.0
6641,2025-05-13,S46,S6,SC,200,False,1000.0
6642,2025-05-13,S45,S1,S,220,True,1056.0
6643,2025-05-13,S40,S32,S,40,True,192.0
6644,2025-05-13,S26,S22,SC,20,True,120.0
6645,2025-05-13,S3,S29,R,130,True,1560.0
6646,2025-05-13,S22,S21,S,5,True,24.0
6647,2025-05-13,S2,S45,SC,215,True,1290.0
6648,2025-05-13,S47,S44,S,15,True,72.0
6649,2025-05-13,S23,S1,SC,110,False,550.0
6650,2025-05-13,S23,S11,SC,60,False,300.0
6651,2025-05-14,S13,S43,R,150,False,1500.0
6652,2025-05-14,S4,S24,R,100,False,1000.0
6653,2025-05-14,S25,S26,SC,5,True,30.0
6654,2025-05-14,S47,S41,S,30,True,144.0
6655,2025-05-14,S3,S25,R,110,True,1320.0
6656,2025-05-14,S44,S40,SC,20,True,120.0
6657,2025-05-14,S4,S19,R,75,True,900.0
6658,2025-05-14,S40,S24,SC,80,True,480.0
6659,2025-05-14,S29,S42,SC,65,True,390.0
6660,2025-05-14,S5,S35,SC,150,False,750.0
6661,2025-05-14,S38,S42,R,20,True,240.0
6662,2025-05-14,S1,S45,R,220,True,2640.0
6663,2025-05-14,S7,S1,R,30,False,300.0
6664,2025-05-14,S19,S15,S,20,False,80.0
6665,2025-05-14,S4,S26,SC,110,True,660.0
6666,2025-05-14,S11,S5,SC,30,True,180.0
6667,2025-05-14,S13,S41,SC,140,True,840.0
6668,2025-05-14,S27,S6,S,105,True,504.0
6669,2025-05-14,S2,S39,SC,185,True,1110.0
6670,2025-05-14,S9,S17,S,40,True,192.0
6671,2025-05-14,S35,S8,S,135,True,648.0
6672,2025-05-14,S26,S49,S,115,True,552.0
6673,2025-05-14,S1,S50,SC,245,False,1225.0
6674,2025-05-14,S3,S25,SC,110,True,660.0
6675,2025-05-14,S29,S18,R,55,True,660.0
6676,2025-05-14,S32,S14,S,90,True,432.0
6677,2025-05-14,S38,S35,R,15,False,150.0
6678,2025-05-14,S2,S1,S,5,False,20.0
6679,2025-05-14,S4,S46,S,210,False,840.0
6680,2025-05-14,S27,S13,R,70,False,700.0
6681,2025-05-14,S50,S30,S,100,True,480.0
6682,2025-05-14,S6,S12,S,30,True,144.0
6683,2025-05-14,S7,S14,R,35,True,420.0
6684,2025-05-14,S30,S49,S,95,False,380.0
6685,2025-05-14,S12,S1,R,55,False,550.0
6686,2025-05-14,S2,S45,R,215,True,2580.0
6687,2025-05-14,S19,S26,SC,35,False,175.0
6688,2025-05-14,S43,S13,SC,150,True,900.0
6689,2025-05-14,S20,S21,R,5,True,60.0
6690,2025-05-14,S28,S24,SC,20,False,100.0
6691,2025-05-14,S20,S47,SC,135,False,675.0
6692,2025-05-14,S5,S8,S,15,True,72.0
6693,2025-05-14,S22,S44,SC,110,True,660.0
6694,2025-05-14,S26,S40,SC,70,False,350.0
6695,2025-05-14,S39,S3,S,180,False,720.0
6696,2025-05-14,S17,S20,R,15,True,180.0
6697,2025-05-14,S43,S3,S,200,True,960.0
6698,2025-05-14,S30,S35,R,25,True,300.0
6699,2025-05-14,S17,S8,R,45,True,540.0
6700,2025-05-14,S9,S29,S,100,False,400.0
6701,2025-05-15,S2,S47,S,225,False,900.0
6702,2025-05-15,S8,S23,SC,75,False,375.0
6703,2025-05-15,S8,S40,R,160,True,1920.0
6704,2025-05-15,S32,S12,S,100,True,480.0
6705,2025-05-15,S39,S1,R,190,True,2280.0
6706,2025-05-15,S31,S48,S,85,False,340.0
6707,2025-05-15,S40,S41,S,5,True,24.0
6708,2025-05-15,S39,S23,S,80,False,320.0
6709,2025-05-15,S15,S2,S,65,True,312.0
6710,2025-05-15,S34,S20,R,70,False,700.0
6711,2025-05-15,S22,S37,SC,75,False,375.0
6712,2025-05-15,S33,S21,SC,60,True,360.0
6713,2025-05-15,S28,S6,SC,110,False,550.0
6714,2025-05-15,S42,S5,S,185,True,888.0
6715,2025-05-15,S38,S47,S,45,True,216.0
6716,2025-05-15,S23,S17,R,30,False,300.0
6717,2025-05-15,S38,S40,S,10,False,40.0
6718,2025-05-15,S11,S27,SC,80,False,400.0
6719,2025-05-15,S40,S39,SC,5,True,30.0
6720,2025-05-15,S36,S37,S,5,False,20.0
6721,2025-05-15,S29,S5,SC,120,True,720.0
6722,2025-05-15,S8,S1,R,35,True,420.0
6723,2025-05-15,S46,S39,SC,35,False,175.0
6724,2025-05-15,S41,S14,S,135,False,540.0
6725,2025-05-15,S19,S3,R,80,True,960.0
6726,2025-05-15,S32,S38,SC,30,False,150.0
6727,2025-05-15,S49,S41,SC,40,True,240.0
6728,2025-05-15,S17,S37,SC,100,True,600.0
6729,2025-05-15,S44,S50,S,30,True,144.0
6730,2025-05-15,S1,S2,S,5,True,24.0
6731,2025-05-15,S42,S32,R,50,False,500.0
6732,2025-05-15,S44,S30,R,70,True,840.0
6733,2025-05-15,S46,S4,SC,210,False,1050.0
6734,2025-05-15,S23,S8,S,75,False,300.0
6735,2025-05-15,S47,S30,S,85,False,340.0
6736,2025-05-15,S14,S34,S,100,False,400.0
6737,2025-05-15,S22,S38,R,80,False,800.0
6738,2025-05-15,S50,S48,S,10,True,48.0
6739,2025-05-15,S12,S45,R,165,False,1650.0
6740,2025-05-15,S9,S30,SC,105,False,525.0
6741,2025-05-15,S16,S4,R,60,True,720.0
6742,2025-05-15,S40,S9,SC,155,True,930.0
6743,2025-05-15,S49,S36,S,65,True,312.0
6744,2025-05-15,S13,S26,SC,65,False,325.0
6745,2025-05-15,S5,S21,R,80,True,960.0
6746,2025-05-15,S27,S23,R,20,True,240.0
6747,2025-05-15,S49,S11,S,190,False,760.0
6748,2025-05-15,S5,S28,SC,115,True,690.0
6749,2025-05-15,S37,S27,SC,50,False,250.0
6750,2025-05-15,S43,S10,S,165,False,660.0
6751,2025-05-16,S39,S50,R,55,False,550.0
6752,2025-05-16,S33,S12,S,105,True,504.0
6753,2025-05-16,S20,S4,R,80,True,960.0
6754,2025-05-16,S37,S44,S,35,True,168.0
6755,2025-05-16,S20,S37,S,85,False,340.0
6756,2025-05-16,S4,S46,SC,210,False,1050.0
6757,2025-05-16,S20,S17,SC,15,True,90.0
6758,2025-05-16,S27,S47,R,100,False,1000.0
6759,2025-05-16,S43,S50,S,35,True,168.0
6760,2025-05-16,S14,S47,SC,165,False,825.0
6761,2025-05-16,S13,S33,R,100,True,1200.0
6762,2025-05-16,S11,S23,SC,60,True,360.0
6763,2025-05-16,S16,S7,S,45,False,180.0
6764,2025-05-16,S47,S9,S,190,True,912.0
6765,2025-05-16,S19,S28,SC,45,True,270.0
6766,2025-05-16,S18,S12,SC,30,False,150.0
6767,2025-05-16,S46,S43,S,15,False,60.0
6768,2025-05-16,S48,S4,S,220,True,1056.0
6769,2025-05-16,S3,S50,SC,235,True,1410.0
6770,2025-05-16,S9,S7,SC,10,True,60.0
6771,2025-05-16,S45,S11,SC,170,False,850.0
6772,2025-05-16,S16,S49,S,165,True,792.0
6773,2025-05-16,S23,S35,SC,60,True,360.0
6774,2025-05-16,S12,S1,SC,55,True,330.0
6775,2025-05-16,S47,S10,R,185,True,2220.0
6776,2025-05-16,S14,S43,S,145,True,696.0
6777,2025-05-16,S32,S18,S,70,False,280.0
6778,2025-05-16,S7,S40,R,165,True,1980.0
6779,2025-05-16,S30,S24,S,30,False,120.0
6780,2025-05-16,S18,S6,S,60,True,288.0
6781,2025-05-16,S49,S19,SC,150,True,900.0
6782,2025-05-16,S38,S50,R,60,False,600.0
6783,2025-05-16,S1,S49,R,240,True,2880.0
6784,2025-05-16,S21,S3,SC,90,False,450.0
6785,2025-05-16,S4,S2,S,10,True,48.0
6786,2025-05-16,S35,S11,SC,120,True,720.0
6787,2025-05-16,S13,S40,S,135,False,540.0
6788,2025-05-16,S5,S16,S,55,True,264.0
6789,2025-05-16,S6,S50,S,220,True,1056.0
6790,2025-05-16,S18,S2,SC,80,False,400.0
6791,2025-05-16,S6,S17,R,55,False,550.0
6792,2025-05-16,S18,S32,S,70,True,336.0
6793,2025-05-16,S15,S1,R,70,True,840.0
6794,2025-05-16,S9,S15,SC,30,False,150.0
6795,2025-05-16,S25,S22,R,15,True,180.0
6796,2025-05-16,S3,S50,SC,235,False,1175.0
6797,2025-05-16,S4,S5,SC,5,False,25.0
6798,2025-05-16,S13,S29,SC,80,True,480.0
6799,2025-05-16,S24,S23,R,5,True,60.0
6800,2025-05-16,S21,S41,SC,100,False,500.0
6801,2025-05-17,S18,S46,R,140,True,1680.0
6802,2025-05-17,S39,S33,R,30,False,300.0
6803,2025-05-17,S20,S30,SC,50,True,300.0
6804,2025-05-17,S16,S9,SC,35,False,175.0
6805,2025-05-17,S46,S30,R,80,True,960.0
6806,2025-05-17,S20,S12,S,40,True,192.0
6807,2025-05-17,S50,S36,SC,70,False,350.0
6808,2025-05-17,S16,S42,SC,130,True,780.0
6809,2025-05-17,S39,S13,SC,130,False,650.0
6810,2025-05-17,S33,S48,SC,75,True,450.0
6811,2025-05-17,S38,S32,SC,30,False,150.0
6812,2025-05-17,S50,S40,S,50,True,240.0
6813,2025-05-17,S19,S16,SC,15,True,90.0
6814,2025-05-17,S4,S40,R,180,True,2160.0
6815,2025-05-17,S22,S29,S,35,False,140.0
6816,2025-05-17,S30,S19,S,55,True,264.0
6817,2025-05-17,S26,S31,R,25,False,250.0
6818,2025-05-17,S13,S11,S,10,True,48.0
6819,2025-05-17,S47,S45,S,10,True,48.0
6820,2025-05-17,S23,S49,R,130,True,1560.0
6821,2025-05-17,S17,S1,SC,80,False,400.0
6822,2025-05-17,S27,S35,SC,40,True,240.0
6823,2025-05-17,S27,S5,R,110,True,1320.0
6824,2025-05-17,S41,S38,R,15,True,180.0
6825,2025-05-17,S20,S44,S,120,False,480.0
6826,2025-05-17,S10,S20,S,50,True,240.0
6827,2025-05-17,S40,S22,S,90,True,432.0
6828,2025-05-17,S13,S9,S,20,True,96.0
6829,2025-05-17,S48,S11,R,185,False,1850.0
6830,2025-05-17,S9,S34,S,125,False,500.0
6831,2025-05-17,S34,S39,SC,25,True,150.0
6832,2025-05-17,S42,S25,S,85,False,340.0
6833,2025-05-17,S3,S45,SC,210,False,1050.0
6834,2025-05-17,S43,S38,R,25,False,250.0
6835,2025-05-17,S10,S23,R,65,False,650.0
6836,2025-05-17,S26,S37,SC,55,True,330.0
6837,2025-05-17,S31,S43,R,60,True,720.0
6838,2025-05-17,S22,S20,SC,10,True,60.0
6839,2025-05-17,S2,S17,S,75,True,360.0
6840,2025-05-17,S36,S5,R,155,True,1860.0
6841,2025-05-17,S9,S35,SC,130,True,780.0
6842,2025-05-17,S25,S21,SC,20,False,100.0
6843,2025-05-17,S2,S6,S,20,True,96.0
6844,2025-05-17,S32,S38,SC,30,True,180.0
6845,2025-05-17,S26,S43,R,85,True,1020.0
6846,2025-05-17,S19,S44,S,125,False,500.0
6847,2025-05-17,S26,S43,SC,85,False,425.0
6848,2025-05-17,S34,S14,S,100,False,400.0
6849,2025-05-17,S25,S17,R,40,True,480.0
6850,2025-05-17,S11,S44,SC,165,True,990.0
6851,2025-05-18,S3,S24,R,105,False,1050.0
6852,2025-05-18,S12,S23,SC,55,True,330.0
6853,2025-05-18,S26,S28,R,10,True,120.0
6854,2025-05-18,S44,S40,S,20,True,96.0
6855,2025-05-18,S29,S40,R,55,True,660.0
6856,2025-05-18,S30,S16,S,70,True,336.0
6857,2025-05-18,S22,S13,R,45,False,450.0
6858,2025-05-18,S15,S47,R,160,True,1920.0
6859,2025-05-18,S43,S36,SC,35,True,210.0
6860,2025-05-18,S1,S12,SC,55,False,275.0
6861,2025-05-18,S12,S1,S,55,True,264.0
6862,2025-05-18,S47,S22,R,125,False,1250.0
6863,2025-05-18,S30,S19,SC,55,False,275.0
6864,2025-05-18,S20,S2,SC,90,True,540.0
6865,2025-05-18,S14,S36,R,110,False,1100.0
6866,2025-05-18,S14,S10,S,20,True,96.0
6867,2025-05-18,S27,S50,SC,115,True,690.0
6868,2025-05-18,S49,S25,S,120,True,576.0
6869,2025-05-18,S29,S42,R,65,False,650.0
6870,2025-05-18,S42,S4,R,190,True,2280.0
6871,2025-05-18,S6,S9,S,15,True,72.0
6872,2025-05-18,S1,S17,S,80,True,384.0
6873,2025-05-18,S36,S49,S,65,False,260.0
6874,2025-05-18,S45,S37,S,40,True,192.0
6875,2025-05-18,S42,S24,S,90,False,360.0
6876,2025-05-18,S9,S41,SC,160,False,800.0
6877,2025-05-18,S49,S40,SC,45,False,225.0
6878,2025-05-18,S45,S34,R,55,True,660.0
6879,2025-05-18,S3,S45,R,210,True,2520.0
6880,2025-05-18,S31,S35,S,20,False,80.0
6881,2025-05-18,S2,S6,R,20,True,240.0
6882,2025-05-18,S29,S10,S,95,False,380.0
6883,2025-05-18,S13,S19,S,30,False,120.0
6884,2025-05-18,S22,S20,R,10,True,120.0
6885,2025-05-18,S45,S35,SC,50,False,250.0
6886,2025-05-18,S19,S37,SC,90,True,540.0
6887,2025-05-18,S5,S28,S,115,True,552.0
6888,2025-05-18,S43,S33,SC,50,False,250.0
6889,2025-05-18,S28,S16,S,60,True,288.0
6890,2025-05-18,S1,S10,S,45,False,180.0
6891,2025-05-18,S1,S34,SC,165,False,825.0
6892,2025-05-18,S28,S37,R,45,False,450.0
6893,2025-05-18,S18,S45,R,135,False,1350.0
6894,2025-05-18,S17,S15,R,10,True,120.0
6895,2025-05-18,S13,S22,R,45,False,450.0
6896,2025-05-18,S29,S34,SC,25,False,125.0
6897,2025-05-18,S46,S44,S,10,False,40.0
6898,2025-05-18,S20,S21,R,5,True,60.0
6899,2025-05-18,S7,S34,R,135,False,1350.0
6900,2025-05-18,S42,S43,SC,5,True,30.0
6901,2025-05-19,S40,S11,S,145,False,580.0
6902,2025-05-19,S42,S31,S,55,True,264.0
6903,2025-05-19,S35,S40,R,25,False,250.0
6904,2025-05-19,S14,S13,S,5,True,24.0
6905,2025-05-19,S41,S34,S,35,True,168.0
6906,2025-05-19,S5,S33,SC,140,True,840.0
6907,2025-05-19,S45,S25,SC,100,False,500.0
6908,2025-05-19,S44,S2,R,210,True,2520.0
6909,2025-05-19,S32,S6,S,130,False,520.0
6910,2025-05-19,S41,S31,S,50,False,200.0
6911,2025-05-19,S43,S35,SC,40,False,200.0
6912,2025-05-19,S30,S11,SC,95,False,475.0
6913,2025-05-19,S34,S38,S,20,True,96.0
6914,2025-05-19,S23,S2,SC,105,False,525.0
6915,2025-05-19,S18,S19,S,5,True,24.0
6916,2025-05-19,S16,S30,S,70,False,280.0
6917,2025-05-19,S43,S23,R,100,False,1000.0
6918,2025-05-19,S32,S9,R,115,True,1380.0
6919,2025-05-19,S8,S30,SC,110,True,660.0
6920,2025-05-19,S47,S27,SC,100,True,600.0
6921,2025-05-19,S27,S37,SC,50,True,300.0
6922,2025-05-19,S40,S37,S,15,False,60.0
6923,2025-05-19,S47,S28,SC,95,True,570.0
6924,2025-05-19,S24,S15,R,45,False,450.0
6925,2025-05-19,S4,S39,SC,175,False,875.0
6926,2025-05-19,S32,S28,SC,20,True,120.0
6927,2025-05-19,S35,S1,R,170,False,1700.0
6928,2025-05-19,S12,S24,SC,60,False,300.0
6929,2025-05-19,S37,S32,R,25,False,250.0
6930,2025-05-19,S30,S26,R,20,True,240.0
6931,2025-05-19,S29,S2,S,135,True,648.0
6932,2025-05-19,S12,S36,SC,120,False,600.0
6933,2025-05-19,S35,S11,SC,120,True,720.0
6934,2025-05-19,S42,S18,S,120,False,480.0
6935,2025-05-19,S16,S9,S,35,False,140.0
6936,2025-05-19,S14,S9,S,25,False,100.0
6937,2025-05-19,S45,S28,SC,85,True,510.0
6938,2025-05-19,S33,S32,R,5,True,60.0
6939,2025-05-19,S15,S24,R,45,True,540.0
6940,2025-05-19,S10,S17,S,35,False,140.0
6941,2025-05-19,S28,S40,S,60,True,288.0
6942,2025-05-19,S6,S25,S,95,False,380.0
6943,2025-05-19,S25,S42,S,85,True,408.0
6944,2025-05-19,S20,S25,R,25,True,300.0
6945,2025-05-19,S36,S10,SC,130,False,650.0
6946,2025-05-19,S2,S48,SC,230,False,1150.0
6947,2025-05-19,S47,S20,S,135,True,648.0
6948,2025-05-19,S25,S30,SC,25,False,125.0
6949,2025-05-19,S16,S8,R,40,False,400.0
6950,2025-05-19,S30,S24,S,30,False,120.0
6951,2025-05-20,S4,S24,S,100,False,400.0
6952,2025-05-20,S26,S34,SC,40,True,240.0
6953,2025-05-20,S46,S34,S,60,False,240.0
6954,2025-05-20,S5,S37,R,160,True,1920.0
6955,2025-05-20,S46,S45,SC,5,False,25.0
6956,2025-05-20,S30,S17,S,65,True,312.0
6957,2025-05-20,S40,S36,R,20,False,200.0
6958,2025-05-20,S40,S19,SC,105,True,630.0
6959,2025-05-20,S17,S22,SC,25,False,125.0
6960,2025-05-20,S45,S50,SC,25,True,150.0
6961,2025-05-20,S3,S41,S,190,True,912.0
6962,2025-05-20,S43,S34,R,45,True,540.0
6963,2025-05-20,S44,S28,S,80,False,320.0
6964,2025-05-20,S16,S17,S,5,False,20.0
6965,2025-05-20,S22,S18,SC,20,True,120.0
6966,2025-05-20,S2,S19,R,85,True,1020.0
6967,2025-05-20,S22,S30,R,40,False,400.0
6968,2025-05-20,S22,S29,S,35,False,140.0
6969,2025-05-20,S32,S21,SC,55,True,330.0
6970,2025-05-20,S16,S32,R,80,False,800.0
6971,2025-05-20,S31,S22,R,45,True,540.0
6972,2025-05-20,S49,S50,SC,5,True,30.0
6973,2025-05-20,S16,S19,S,15,True,72.0
6974,2025-05-20,S30,S19,SC,55,False,275.0
6975,2025-05-20,S49,S50,R,5,False,50.0
6976,2025-05-20,S27,S4,R,115,False,1150.0
6977,2025-05-20,S41,S18,S,115,False,460.0
6978,2025-05-20,S8,S50,SC,210,False,1050.0
6979,2025-05-20,S39,S44,R,25,False,250.0
6980,2025-05-20,S25,S31,SC,30,True,180.0
6981,2025-05-20,S41,S49,R,40,True,480.0
6982,2025-05-20,S34,S6,SC,140,False,700.0
6983,2025-05-20,S39,S18,R,105,False,1050.0
6984,2025-05-20,S14,S21,SC,35,True,210.0
6985,2025-05-20,S38,S23,R,75,False,750.0
6986,2025-05-20,S10,S31,SC,105,True,630.0
6987,2025-05-20,S1,S35,SC,170,False,850.0
6988,2025-05-20,S34,S33,R,5,False,50.0
6989,2025-05-20,S31,S49,SC,90,False,450.0
6990,2025-05-20,S31,S44,SC,65,False,325.0
6991,2025-05-20,S9,S33,S,120,True,576.0
6992,2025-05-20,S1,S20,SC,95,False,475.0
6993,2025-05-20,S23,S36,R,65,False,650.0
6994,2025-05-20,S31,S22,R,45,False,450.0
6995,2025-05-20,S43,S30,R,65,False,650.0
6996,2025-05-20,S35,S49,R,70,False,700.0
6997,2025-05-20,S45,S16,SC,145,True,870.0
6998,2025-05-20,S18,S21,SC,15,False,75.0
6999,2025-05-20,S26,S32,R,30,False,300.0
7000,2025-05-20,S46,S37,SC,45,True,270.0
7001,2025-05-21,S7,S49,SC,210,False,1050.0
7002,2025-05-21,S34,S8,S,130,False,520.0
7003,2025-05-21,S23,S20,SC,15,False,75.0
7004,2025-05-21,S3,S44,SC,205,False,1025.0
7005,2025-05-21,S49,S1,S,240,False,960.0
7006,2025-05-21,S22,S45,SC,115,True,690.0
7007,2025-05-21,S3,S24,R,105,True,1260.0
7008,2025-05-21,S27,S7,SC,100,True,600.0
7009,2025-05-21,S44,S31,SC,65,True,390.0
7010,2025-05-21,S32,S37,S,25,False,100.0
7011,2025-05-21,S42,S2,S,200,False,800.0
7012,2025-05-21,S45,S29,SC,80,False,400.0
7013,2025-05-21,S38,S9,SC,145,True,870.0
7014,2025-05-21,S45,S23,S,110,True,528.0
7015,2025-05-21,S27,S19,S,40,True,192.0
7016,2025-05-21,S50,S6,S,220,True,1056.0
7017,2025-05-21,S4,S22,SC,90,False,450.0
7018,2025-05-21,S1,S36,SC,175,False,875.0
7019,2025-05-21,S29,S31,R,10,False,100.0
7020,2025-05-21,S12,S49,R,185,False,1850.0
7021,2025-05-21,S37,S49,SC,60,True,360.0
7022,2025-05-21,S32,S8,SC,120,True,720.0
7023,2025-05-21,S25,S31,R,30,False,300.0
7024,2025-05-21,S5,S17,R,60,True,720.0
7025,2025-05-21,S22,S38,SC,80,False,400.0
7026,2025-05-21,S28,S11,R,85,True,1020.0
7027,2025-05-21,S6,S32,SC,130,False,650.0
7028,2025-05-21,S28,S50,R,110,False,1100.0
7029,2025-05-21,S9,S12,S,15,True,72.0
7030,2025-05-21,S31,S11,R,100,True,1200.0
7031,2025-05-21,S50,S20,SC,150,False,750.0
7032,2025-05-21,S1,S7,S,30,True,144.0
7033,2025-05-21,S34,S26,S,40,False,160.0
7034,2025-05-21,S34,S45,R,55,True,660.0
7035,2025-05-21,S43,S8,SC,175,True,1050.0
7036,2025-05-21,S37,S34,SC,15,True,90.0
7037,2025-05-21,S19,S30,SC,55,False,275.0
7038,2025-05-21,S39,S33,SC,30,True,180.0
7039,2025-05-21,S38,S41,R,15,True,180.0
7040,2025-05-21,S42,S49,R,35,False,350.0
7041,2025-05-21,S9,S24,R,75,False,750.0
7042,2025-05-21,S31,S38,R,35,False,350.0
7043,2025-05-21,S48,S23,S,125,True,600.0
7044,2025-05-21,S9,S34,S,125,False,500.0
7045,2025-05-21,S12,S32,R,100,False,1000.0
7046,2025-05-21,S44,S6,S,190,True,912.0
7047,2025-05-21,S20,S4,R,80,False,800.0
7048,2025-05-21,S25,S16,S,45,False,180.0
7049,2025-05-21,S18,S27,S,45,True,216.0
7050,2025-05-21,S31,S42,S,55,True,264.0
7051,2025-05-22,S49,S26,SC,115,True,690.0
7052,2025-05-22,S37,S36,S,5,False,20.0
7053,2025-05-22,S4,S26,S,110,True,528.0
7054,2025-05-22,S7,S49,SC,210,False,1050.0
7055,2025-05-22,S37,S27,R,50,True,600.0
7056,2025-05-22,S42,S16,R,130,False,1300.0
7057,2025-05-22,S16,S38,SC,110,False,550.0
7058,2025-05-22,S38,S24,SC,70,False,350.0
7059,2025-05-22,S9,S16,SC,35,False,175.0
7060,2025-05-22,S39,S8,SC,155,True,930.0
7061,2025-05-22,S48,S16,R,160,True,1920.0
7062,2025-05-22,S6,S46,R,200,True,2400.0
7063,2025-05-22,S10,S7,S,15,False,60.0
7064,2025-05-22,S48,S20,S,140,False,560.0
7065,2025-05-22,S18,S44,SC,130,True,780.0
7066,2025-05-22,S6,S12,SC,30,True,180.0
7067,2025-05-22,S50,S31,R,95,False,950.0
7068,2025-05-22,S38,S15,S,115,False,460.0
7069,2025-05-22,S42,S20,R,110,True,1320.0
7070,2025-05-22,S3,S15,SC,60,False,300.0
7071,2025-05-22,S48,S6,S,210,True,1008.0
7072,2025-05-22,S7,S4,R,15,False,150.0
7073,2025-05-22,S42,S40,SC,10,True,60.0
7074,2025-05-22,S1,S47,SC,230,True,1380.0
7075,2025-05-22,S43,S2,SC,205,False,1025.0
7076,2025-05-22,S7,S44,R,185,True,2220.0
7077,2025-05-22,S30,S34,S,20,True,96.0
7078,2025-05-22,S21,S13,R,40,False,400.0
7079,2025-05-22,S2,S26,S,120,True,576.0
7080,2025-05-22,S20,S37,S,85,False,340.0
7081,2025-05-22,S23,S4,SC,95,True,570.0
7082,2025-05-22,S16,S38,R,110,True,1320.0
7083,2025-05-22,S48,S29,SC,95,True,570.0
7084,2025-05-22,S27,S4,R,115,False,1150.0
7085,2025-05-22,S21,S46,SC,125,True,750.0
7086,2025-05-22,S17,S7,R,50,False,500.0
7087,2025-05-22,S33,S37,R,20,True,240.0
7088,2025-05-22,S47,S48,S,5,False,20.0
7089,2025-05-22,S20,S4,R,80,True,960.0
7090,2025-05-22,S21,S13,R,40,True,480.0
7091,2025-05-22,S10,S21,SC,55,False,275.0
7092,2025-05-22,S3,S29,R,130,True,1560.0
7093,2025-05-22,S1,S33,SC,160,False,800.0
7094,2025-05-22,S32,S14,SC,90,True,540.0
7095,2025-05-22,S41,S43,R,10,True,120.0
7096,2025-05-22,S28,S32,R,20,True,240.0
7097,2025-05-22,S39,S1,S,190,True,912.0
7098,2025-05-22,S15,S48,S,165,False,660.0
7099,2025-05-22,S44,S36,SC,40,True,240.0
7100,2025-05-22,S15,S39,R,120,True,1440.0
7101,2025-05-23,S17,S19,R,10,False,100.0
7102,2025-05-23,S17,S21,SC,20,False,100.0
7103,2025-05-23,S8,S30,S,110,False,440.0
7104,2025-05-23,S29,S50,S,105,False,420.0
7105,2025-05-23,S9,S25,S,80,False,320.0
7106,2025-05-23,S25,S32,SC,35,True,210.0
7107,2025-05-23,S50,S2,SC,240,True,1440.0
7108,2025-05-23,S8,S36,S,140,True,672.0
7109,2025-05-23,S8,S48,S,200,True,960.0
7110,2025-05-23,S21,S15,S,30,True,144.0
7111,2025-05-23,S35,S1,SC,170,False,850.0
7112,2025-05-23,S40,S32,S,40,False,160.0
7113,2025-05-23,S43,S12,S,155,False,620.0
7114,2025-05-23,S31,S17,S,70,True,336.0
7115,2025-05-23,S3,S30,S,135,False,540.0
7116,2025-05-23,S39,S34,R,25,True,300.0
7117,2025-05-23,S27,S33,SC,30,False,150.0
7118,2025-05-23,S4,S15,R,55,False,550.0
7119,2025-05-23,S35,S19,SC,80,False,400.0
7120,2025-05-23,S19,S2,R,85,True,1020.0
7121,2025-05-23,S2,S32,SC,150,False,750.0
7122,2025-05-23,S3,S9,SC,30,True,180.0
7123,2025-05-23,S44,S15,S,145,False,580.0
7124,2025-05-23,S36,S46,R,50,True,600.0
7125,2025-05-23,S48,S46,SC,10,False,50.0
7126,2025-05-23,S49,S28,SC,105,False,525.0
7127,2025-05-23,S36,S50,S,70,False,280.0
7128,2025-05-23,S41,S44,S,15,True,72.0
7129,2025-05-23,S1,S14,R,65,False,650.0
7130,2025-05-23,S14,S2,SC,60,False,300.0
7131,2025-05-23,S18,S41,SC,115,False,575.0
7132,2025-05-23,S42,S38,SC,20,False,100.0
7133,2025-05-23,S26,S19,SC,35,False,175.0
7134,2025-05-23,S26,S17,S,45,True,216.0
7135,2025-05-23,S45,S29,R,80,False,800.0
7136,2025-05-23,S32,S44,S,60,True,288.0
7137,2025-05-23,S50,S37,SC,65,False,325.0
7138,2025-05-23,S13,S39,R,130,False,1300.0
7139,2025-05-23,S34,S15,R,95,False,950.0
7140,2025-05-23,S37,S44,R,35,False,350.0
7141,2025-05-23,S28,S4,S,120,True,576.0
7142,2025-05-23,S32,S47,S,75,False,300.0
7143,2025-05-23,S3,S17,R,70,True,840.0
7144,2025-05-23,S30,S50,SC,100,True,600.0
7145,2025-05-23,S5,S11,SC,30,True,180.0
7146,2025-05-23,S30,S9,S,105,True,504.0
7147,2025-05-23,S48,S7,SC,205,False,1025.0
7148,2025-05-23,S39,S7,S,160,True,768.0
7149,2025-05-23,S39,S45,SC,30,True,180.0
7150,2025-05-23,S24,S44,SC,100,False,500.0
7151,2025-05-24,S16,S44,SC,140,True,840.0
7152,2025-05-24,S6,S1,SC,25,False,125.0
7153,2025-05-24,S45,S34,SC,55,False,275.0
7154,2025-05-24,S28,S15,R,65,False,650.0
7155,2025-05-24,S49,S13,R,180,True,2160.0
7156,2025-05-24,S40,S30,R,50,True,600.0
7157,2025-05-24,S19,S2,R,85,True,1020.0
7158,2025-05-24,S35,S39,R,20,True,240.0
7159,2025-05-24,S47,S1,S,230,False,920.0
7160,2025-05-24,S50,S46,SC,20,False,100.0
7161,2025-05-24,S48,S3,SC,225,False,1125.0
7162,2025-05-24,S38,S50,S,60,True,288.0
7163,2025-05-24,S7,S48,R,205,True,2460.0
7164,2025-05-24,S50,S25,SC,125,True,750.0
7165,2025-05-24,S14,S21,SC,35,True,210.0
7166,2025-05-24,S4,S37,SC,165,False,825.0
7167,2025-05-24,S33,S20,S,65,False,260.0
7168,2025-05-24,S13,S14,SC,5,False,25.0
7169,2025-05-24,S37,S13,SC,120,True,720.0
7170,2025-05-24,S31,S14,SC,85,False,425.0
7171,2025-05-24,S2,S29,R,135,True,1620.0
7172,2025-05-24,S29,S47,S,90,False,360.0
7173,2025-05-24,S35,S38,R,15,True,180.0
7174,2025-05-24,S19,S30,R,55,False,550.0
7175,2025-05-24,S44,S9,SC,175,False,875.0
7176,2025-05-24,S1,S4,SC,15,False,75.0
7177,2025-05-24,S19,S37,SC,90,True,540.0
7178,2025-05-24,S5,S39,R,170,False,1700.0
7179,2025-05-24,S31,S42,SC,55,False,275.0
7180,2025-05-24,S50,S15,R,175,False,1750.0
7181,2025-05-24,S17,S22,R,25,False,250.0
7182,2025-05-24,S37,S42,SC,25,False,125.0
7183,2025-05-24,S25,S38,R,65,True,780.0
7184,2025-05-24,S34,S6,SC,140,False,700.0
7185,2025-05-24,S40,S47,SC,35,True,210.0
7186,2025-05-24,S16,S22,S,30,True,144.0
7187,2025-05-24,S26,S39,S,65,False,260.0
7188,2025-05-24,S31,S6,S,125,False,500.0
7189,2025-05-24,S7,S9,S,10,False,40.0
7190,2025-05-24,S41,S19,SC,110,False,550.0
7191,2025-05-24,S7,S18,S,55,True,264.0
7192,2025-05-24,S24,S33,R,45,False,450.0
7193,2025-05-24,S30,S5,R,125,True,1500.0
7194,2025-05-24,S32,S7,S,125,True,600.0
7195,2025-05-24,S16,S28,R,60,False,600.0
7196,2025-05-24,S44,S42,S,10,True,48.0
7197,2025-05-24,S33,S4,R,145,False,1450.0
7198,2025-05-24,S8,S50,S,210,False,840.0
7199,2025-05-24,S35,S5,R,150,True,1800.0
7200,2025-05-24,S1,S11,R,50,True,600.0
7201,2025-05-25,S34,S40,R,30,False,300.0
7202,2025-05-25,S32,S25,SC,35,False,175.0
7203,2025-05-25,S35,S11,S,120,True,576.0
7204,2025-05-25,S17,S1,S,80,True,384.0
7205,2025-05-25,S45,S46,S,5,True,24.0
7206,2025-05-25,S31,S9,R,110,False,1100.0
7207,2025-05-25,S49,S4,S,225,False,900.0
7208,2025-05-25,S5,S14,S,45,True,216.0
7209,2025-05-25,S25,S38,R,65,True,780.0
7210,2025-05-25,S9,S43,SC,170,True,1020.0
7211,2025-05-25,S11,S47,R,180,True,2160.0
7212,2025-05-25,S4,S11,SC,35,True,210.0
7213,2025-05-25,S36,S32,SC,20,True,120.0
7214,2025-05-25,S21,S8,S,65,False,260.0
7215,2025-05-25,S16,S48,R,160,True,1920.0
7216,2025-05-25,S24,S35,R,55,False,550.0
7217,2025-05-25,S49,S3,S,230,False,920.0
7218,2025-05-25,S26,S27,S,5,False,20.0
7219,2025-05-25,S4,S25,S,105,True,504.0
7220,2025-05-25,S40,S13,R,135,False,1350.0
7221,2025-05-25,S48,S37,R,55,True,660.0
7222,2025-05-25,S29,S6,R,115,True,1380.0
7223,2025-05-25,S20,S2,SC,90,False,450.0
7224,2025-05-25,S39,S14,SC,125,True,750.0
7225,2025-05-25,S13,S12,SC,5,True,30.0
7226,2025-05-25,S14,S48,S,170,True,816.0
7227,2025-05-25,S11,S50,SC,195,True,1170.0
7228,2025-05-25,S16,S2,S,70,True,336.0
7229,2025-05-25,S24,S20,SC,20,True,120.0
7230,2025-05-25,S9,S49,SC,200,True,1200.0
7231,2025-05-25,S1,S38,S,185,False,740.0
7232,2025-05-25,S23,S38,S,75,True,360.0
7233,2025-05-25,S25,S20,R,25,True,300.0
7234,2025-05-25,S44,S9,SC,175,True,1050.0
7235,2025-05-25,S26,S36,S,50,True,240.0
7236,2025-05-25,S42,S21,S,105,True,504.0
7237,2025-05-25,S3,S48,S,225,True,1080.0
7238,2025-05-25,S12,S3,S,45,False,180.0
7239,2025-05-25,S47,S31,S,80,False,320.0
7240,2025-05-25,S13,S50,SC,185,True,1110.0
7241,2025-05-25,S12,S31,R,95,True,1140.0
7242,2025-05-25,S26,S33,R,35,False,350.0
7243,2025-05-25,S49,S34,R,75,True,900.0
7244,2025-05-25,S20,S16,R,20,True,240.0
7245,2025-05-25,S18,S6,R,60,False,600.0
7246,2025-05-25,S19,S49,R,150,True,1800.0
7247,2025-05-25,S46,S26,S,100,True,480.0
7248,2025-05-25,S50,S15,S,175,False,700.0
7249,2025-05-25,S29,S43,R,70,True,840.0
7250,2025-05-25,S34,S23,S,55,True,264.0
7251,2025-05-26,S38,S7,SC,155,True,930.0
7252,2025-05-26,S22,S30,SC,40,False,200.0
7253,2025-05-26,S12,S31,R,95,True,1140.0
7254,2025-05-26,S16,S30,S,70,True,336.0
7255,2025-05-26,S10,S23,SC,65,False,325.0
7256,2025-05-26,S14,S21,S,35,True,168.0
7257,2025-05-26,S48,S1,S,235,False,940.0
7258,2025-05-26,S4,S10,SC,30,False,150.0
7259,2025-05-26,S49,S20,S,145,True,696.0
7260,2025-05-26,S19,S13,R,30,False,300.0
7261,2025-05-26,S38,S27,R,55,True,660.0
7262,2025-05-26,S49,S13,SC,180,True,1080.0
7263,2025-05-26,S49,S3,R,230,True,2760.0
7264,2025-05-26,S49,S3,R,230,False,2300.0
7265,2025-05-26,S10,S11,S,5,True,24.0
7266,2025-05-26,S14,S48,S,170,True,816.0
7267,2025-05-26,S34,S22,R,60,False,600.0
7268,2025-05-26,S2,S27,SC,125,False,625.0
7269,2025-05-26,S17,S29,SC,60,True,360.0
7270,2025-05-26,S19,S46,R,135,False,1350.0
7271,2025-05-26,S41,S9,S,160,True,768.0
7272,2025-05-26,S32,S42,SC,50,False,250.0
7273,2025-05-26,S16,S44,R,140,True,1680.0
7274,2025-05-26,S24,S19,R,25,True,300.0
7275,2025-05-26,S33,S8,SC,125,True,750.0
7276,2025-05-26,S48,S19,S,145,False,580.0
7277,2025-05-26,S16,S43,R,135,True,1620.0
7278,2025-05-26,S28,S48,S,100,False,400.0
7279,2025-05-26,S35,S22,R,65,False,650.0
7280,2025-05-26,S6,S50,SC,220,True,1320.0
7281,2025-05-26,S1,S18,R,85,False,850.0
7282,2025-05-26,S43,S12,R,155,True,1860.0
7283,2025-05-26,S19,S38,SC,95,False,475.0
7284,2025-05-26,S30,S41,R,55,True,660.0
7285,2025-05-26,S17,S50,R,165,False,1650.0
7286,2025-05-26,S48,S41,R,35,False,350.0
7287,2025-05-26,S16,S40,S,120,True,576.0
7288,2025-05-26,S38,S29,SC,45,False,225.0
7289,2025-05-26,S44,S19,SC,125,False,625.0
7290,2025-05-26,S31,S23,S,40,True,192.0
7291,2025-05-26,S3,S30,SC,135,False,675.0
7292,2025-05-26,S44,S30,R,70,False,700.0
7293,2025-05-26,S47,S11,SC,180,True,1080.0
7294,2025-05-26,S26,S3,R,115,False,1150.0
7295,2025-05-26,S28,S22,S,30,False,120.0
7296,2025-05-26,S3,S20,SC,85,True,510.0
7297,2025-05-26,S5,S20,R,75,True,900.0
7298,2025-05-26,S50,S23,SC,135,False,675.0
7299,2025-05-26,S40,S26,S,70,False,280.0
7300,2025-05-26,S14,S34,SC,100,True,600.0
7301,2025-05-27,S23,S22,SC,5,False,25.0
7302,2025-05-27,S41,S48,S,35,False,140.0
7303,2025-05-27,S41,S50,S,45,True,216.0
7304,2025-05-27,S3,S21,SC,90,True,540.0
7305,2025-05-27,S20,S37,R,85,False,850.0
7306,2025-05-27,S15,S9,R,30,True,360.0
7307,2025-05-27,S49,S9,SC,200,True,1200.0
7308,2025-05-27,S27,S50,R,115,False,1150.0
7309,2025-05-27,S45,S49,R,20,False,200.0
7310,2025-05-27,S38,S26,R,60,False,600.0
7311,2025-05-27,S6,S38,SC,160,False,800.0
7312,2025-05-27,S31,S20,S,55,True,264.0
7313,2025-05-27,S46,S42,R,20,False,200.0
7314,2025-05-27,S27,S25,R,10,True,120.0
7315,2025-05-27,S12,S25,S,65,False,260.0
7316,2025-05-27,S50,S12,R,190,True,2280.0
7317,2025-05-27,S41,S2,SC,195,True,1170.0
7318,2025-05-27,S15,S29,R,70,False,700.0
7319,2025-05-27,S36,S26,S,50,True,240.0
7320,2025-05-27,S47,S20,SC,135,False,675.0
7321,2025-05-27,S28,S16,SC,60,True,360.0
7322,2025-05-27,S25,S6,R,95,True,1140.0
7323,2025-05-27,S36,S32,SC,20,True,120.0
7324,2025-05-27,S43,S42,SC,5,True,30.0
7325,2025-05-27,S27,S31,SC,20,True,120.0
7326,2025-05-27,S3,S26,SC,115,True,690.0
7327,2025-05-27,S32,S34,S,10,True,48.0
7328,2025-05-27,S12,S38,R,130,True,1560.0
7329,2025-05-27,S42,S41,SC,5,True,30.0
7330,2025-05-27,S4,S49,S,225,False,900.0
7331,2025-05-27,S15,S13,S,10,False,40.0
7332,2025-05-27,S37,S50,SC,65,True,390.0
7333,2025-05-27,S21,S24,SC,15,False,75.0
7334,2025-05-27,S12,S33,SC,105,False,525.0
7335,2025-05-27,S26,S45,SC,95,False,475.0
7336,2025-05-27,S24,S18,SC,30,True,180.0
7337,2025-05-27,S50,S32,SC,90,False,450.0
7338,2025-05-27,S22,S32,R,50,True,600.0
7339,2025-05-27,S22,S50,S,140,True,672.0
7340,2025-05-27,S8,S18,SC,50,False,250.0
7341,2025-05-27,S1,S7,S,30,False,120.0
7342,2025-05-27,S10,S44,R,170,True,2040.0
7343,2025-05-27,S6,S13,S,35,False,140.0
7344,2025-05-27,S11,S44,R,165,True,1980.0
7345,2025-05-27,S14,S44,SC,150,False,750.0
7346,2025-05-27,S36,S43,SC,35,False,175.0
7347,2025-05-27,S39,S9,S,150,True,720.0
7348,2025-05-27,S2,S43,R,205,False,2050.0
7349,2025-05-27,S23,S30,R,35,True,420.0
7350,2025-05-27,S31,S10,R,105,True,1260.0
7351,2025-05-28,S40,S47,R,35,False,350.0
7352,2025-05-28,S11,S40,S,145,True,696.0
7353,2025-05-28,S40,S44,R,20,True,240.0
7354,2025-05-28,S10,S6,S,20,False,80.0
7355,2025-05-28,S29,S27,SC,10,True,60.0
7356,2025-05-28,S44,S9,SC,175,False,875.0
7357,2025-05-28,S18,S50,R,160,True,1920.0
7358,2025-05-28,S22,S14,R,40,True,480.0
7359,2025-05-28,S4,S31,SC,135,True,810.0
7360,2025-05-28,S4,S20,S,80,True,384.0
7361,2025-05-28,S11,S24,SC,65,True,390.0
7362,2025-05-28,S11,S28,SC,85,True,510.0
7363,2025-05-28,S11,S34,S,115,False,460.0
7364,2025-05-28,S48,S36,S,60,True,288.0
7365,2025-05-28,S33,S5,SC,140,False,700.0
7366,2025-05-28,S38,S7,R,155,False,1550.0
7367,2025-05-28,S41,S5,S,180,False,720.0
7368,2025-05-28,S11,S45,SC,170,True,1020.0
7369,2025-05-28,S26,S37,SC,55,False,275.0
7370,2025-05-28,S41,S25,S,80,True,384.0
7371,2025-05-28,S14,S40,SC,130,False,650.0
7372,2025-05-28,S7,S14,S,35,True,168.0
7373,2025-05-28,S17,S33,R,80,False,800.0
7374,2025-05-28,S11,S26,SC,75,True,450.0
7375,2025-05-28,S27,S25,S,10,True,48.0
7376,2025-05-28,S25,S35,R,50,False,500.0
7377,2025-05-28,S17,S25,S,40,False,160.0
7378,2025-05-28,S15,S46,SC,155,False,775.0
7379,2025-05-28,S42,S28,S,70,True,336.0
7380,2025-05-28,S46,S20,S,130,True,624.0
7381,2025-05-28,S7,S41,R,170,True,2040.0
7382,2025-05-28,S38,S26,R,60,False,600.0
7383,2025-05-28,S44,S45,S,5,True,24.0
7384,2025-05-28,S21,S12,SC,45,True,270.0
7385,2025-05-28,S18,S7,R,55,False,550.0
7386,2025-05-28,S14,S17,R,15,False,150.0
7387,2025-05-28,S31,S5,SC,130,True,780.0
7388,2025-05-28,S5,S23,R,90,True,1080.0
7389,2025-05-28,S36,S40,SC,20,True,120.0
7390,2025-05-28,S46,S23,S,115,False,460.0
7391,2025-05-28,S13,S2,SC,55,False,275.0
7392,2025-05-28,S23,S34,S,55,True,264.0
7393,2025-05-28,S5,S34,S,145,True,696.0
7394,2025-05-28,S43,S50,S,35,True,168.0
7395,2025-05-28,S29,S2,R,135,True,1620.0
7396,2025-05-28,S3,S2,S,5,False,20.0
7397,2025-05-28,S37,S43,R,30,True,360.0
7398,2025-05-28,S2,S19,S,85,True,408.0
7399,2025-05-28,S14,S50,R,180,True,2160.0
7400,2025-05-28,S18,S36,R,90,False,900.0
7401,2025-05-29,S30,S6,SC,120,True,720.0
7402,2025-05-29,S15,S47,SC,160,True,960.0
7403,2025-05-29,S5,S11,R,30,False,300.0
7404,2025-05-29,S37,S26,SC,55,False,275.0
7405,2025-05-29,S9,S38,S,145,False,580.0
7406,2025-05-29,S9,S1,R,40,True,480.0
7407,2025-05-29,S43,S26,R,85,False,850.0
7408,2025-05-29,S9,S32,SC,115,False,575.0
7409,2025-05-29,S14,S49,R,175,True,2100.0
7410,2025-05-29,S48,S15,R,165,True,1980.0
7411,2025-05-29,S20,S14,SC,30,False,150.0
7412,2025-05-29,S21,S27,S,30,False,120.0
7413,2025-05-29,S20,S24,R,20,False,200.0
7414,2025-05-29,S34,S22,R,60,True,720.0
7415,2025-05-29,S11,S24,S,65,False,260.0
7416,2025-05-29,S48,S41,SC,35,True,210.0
7417,2025-05-29,S40,S28,SC,60,True,360.0
7418,2025-05-29,S2,S17,S,75,True,360.0
7419,2025-05-29,S45,S27,R,90,False,900.0
7420,2025-05-29,S18,S48,SC,150,False,750.0
7421,2025-05-29,S33,S5,S,140,False,560.0
7422,2025-05-29,S44,S24,SC,100,False,500.0
7423,2025-05-29,S49,S31,SC,90,False,450.0
7424,2025-05-29,S22,S36,SC,70,False,350.0
7425,2025-05-29,S10,S9,SC,5,False,25.0
7426,2025-05-29,S40,S43,S,15,False,60.0
7427,2025-05-29,S49,S50,S,5,True,24.0
7428,2025-05-29,S2,S16,R,70,True,840.0
7429,2025-05-29,S32,S30,R,10,True,120.0
7430,2025-05-29,S42,S34,S,40,True,192.0
7431,2025-05-29,S39,S1,S,190,True,912.0
7432,2025-05-29,S41,S32,R,45,False,450.0
7433,2025-05-29,S35,S40,R,25,True,300.0
7434,2025-05-29,S29,S41,SC,60,True,360.0
7435,2025-05-29,S20,S26,S,30,True,144.0
7436,2025-05-29,S13,S32,SC,95,False,475.0
7437,2025-05-29,S14,S37,S,115,True,552.0
7438,2025-05-29,S27,S40,R,65,True,780.0
7439,2025-05-29,S10,S32,SC,110,True,660.0
7440,2025-05-29,S2,S6,SC,20,False,100.0
7441,2025-05-29,S49,S26,R,115,True,1380.0
7442,2025-05-29,S3,S37,R,170,False,1700.0
7443,2025-05-29,S21,S26,SC,25,False,125.0
7444,2025-05-29,S42,S32,R,50,False,500.0
7445,2025-05-29,S6,S8,SC,10,True,60.0
7446,2025-05-29,S41,S21,S,100,True,480.0
7447,2025-05-29,S16,S6,SC,50,False,250.0
7448,2025-05-29,S24,S18,R,30,True,360.0
7449,2025-05-29,S44,S38,S,30,True,144.0
7450,2025-05-29,S13,S14,R,5,True,60.0
7451,2025-05-30,S21,S15,R,30,False,300.0
7452,2025-05-30,S27,S43,SC,80,True,480.0
7453,2025-05-30,S12,S32,R,100,True,1200.0
7454,2025-05-30,S46,S43,S,15,False,60.0
7455,2025-05-30,S43,S18,R,125,False,1250.0
7456,2025-05-30,S5,S33,SC,140,True,840.0
7457,2025-05-30,S32,S17,SC,75,True,450.0
7458,2025-05-30,S23,S15,S,40,True,192.0
7459,2025-05-30,S33,S34,S,5,True,24.0
7460,2025-05-30,S20,S41,SC,105,True,630.0
7461,2025-05-30,S4,S6,SC,10,False,50.0
7462,2025-05-30,S43,S47,R,20,True,240.0
7463,2025-05-30,S47,S32,R,75,False,750.0
7464,2025-05-30,S25,S47,R,110,False,1100.0
7465,2025-05-30,S37,S43,R,30,False,300.0
7466,2025-05-30,S24,S20,SC,20,False,100.0
7467,2025-05-30,S33,S39,S,30,False,120.0
7468,2025-05-30,S34,S27,R,35,True,420.0
7469,2025-05-30,S49,S15,R,170,False,1700.0
7470,2025-05-30,S24,S13,SC,55,False,275.0
7471,2025-05-30,S17,S49,R,160,False,1600.0
7472,2025-05-30,S48,S9,SC,195,False,975.0
7473,2025-05-30,S27,S6,S,105,False,420.0
7474,2025-05-30,S45,S3,SC,210,False,1050.0
7475,2025-05-30,S43,S4,SC,195,True,1170.0
7476,2025-05-30,S48,S46,SC,10,True,60.0
7477,2025-05-30,S33,S34,S,5,False,20.0
7478,2025-05-30,S3,S39,S,180,True,864.0
7479,2025-05-30,S27,S7,R,100,True,1200.0
7480,2025-05-30,S28,S45,SC,85,False,425.0
7481,2025-05-30,S6,S1,SC,25,True,150.0
7482,2025-05-30,S20,S43,S,115,True,552.0
7483,2025-05-30,S35,S45,S,50,False,200.0
7484,2025-05-30,S18,S7,R,55,True,660.0
7485,2025-05-30,S24,S19,R,25,False,250.0
7486,2025-05-30,S12,S39,R,135,False,1350.0
7487,2025-05-30,S18,S35,S,85,True,408.0
7488,2025-05-30,S22,S1,R,105,True,1260.0
7489,2025-05-30,S35,S20,S,75,False,300.0
7490,2025-05-30,S9,S26,SC,85,True,510.0
7491,2025-05-30,S16,S36,R,100,False,1000.0
7492,2025-05-30,S6,S8,R,10,False,100.0
7493,2025-05-30,S23,S48,R,125,True,1500.0
7494,2025-05-30,S13,S30,R,85,False,850.0
7495,2025-05-30,S3,S5,S,10,True,48.0
7496,2025-05-30,S14,S29,SC,75,False,375.0
7497,2025-05-30,S49,S17,SC,160,False,800.0
7498,2025-05-30,S27,S23,SC,20,True,120.0
7499,2025-05-30,S20,S25,S,25,False,100.0
7500,2025-05-30,S18,S25,S,35,True,168.0
7501,2025-05-31,S42,S48,SC,30,True,180.0
7502,2025-05-31,S34,S12,SC,110,True,660.0
7503,2025-05-31,S50,S26,R,120,False,1200.0
7504,2025-05-31,S40,S44,S,20,False,80.0
7505,2025-05-31,S29,S41,R,60,False,600.0
7506,2025-05-31,S38,S48,S,50,False,200.0
7507,2025-05-31,S3,S15,S,60,True,288.0
7508,2025-05-31,S10,S13,S,15,True,72.0
7509,2025-05-31,S32,S34,SC,10,True,60.0
7510,2025-05-31,S1,S13,R,60,False,600.0
7511,2025-05-31,S43,S20,SC,115,True,690.0
7512,2025-05-31,S25,S23,S,10,False,40.0
7513,2025-05-31,S12,S32,S,100,True,480.0
7514,2025-05-31,S23,S12,S,55,False,220.0
7515,2025-05-31,S35,S19,SC,80,True,480.0
7516,2025-05-31,S3,S7,S,20,False,80.0
7517,2025-05-31,S12,S8,SC,20,False,100.0
7518,2025-05-31,S3,S28,R,125,True,1500.0
7519,2025-05-31,S1,S26,SC,125,True,750.0
7520,2025-05-31,S8,S21,R,65,False,650.0
7521,2025-05-31,S2,S34,SC,160,False,800.0
7522,2025-05-31,S1,S17,S,80,True,384.0
7523,2025-05-31,S35,S22,S,65,False,260.0
7524,2025-05-31,S14,S5,R,45,False,450.0
7525,2025-05-31,S36,S7,SC,145,True,870.0
7526,2025-05-31,S45,S37,R,40,False,400.0
7527,2025-05-31,S4,S40,SC,180,False,900.0
7528,2025-05-31,S30,S16,SC,70,True,420.0
7529,2025-05-31,S26,S29,SC,15,True,90.0
7530,2025-05-31,S38,S44,R,30,False,300.0
7531,2025-05-31,S27,S10,S,85,False,340.0
7532,2025-05-31,S6,S31,R,125,True,1500.0
7533,2025-05-31,S45,S3,S,210,False,840.0
7534,2025-05-31,S36,S11,SC,125,False,625.0
7535,2025-05-31,S18,S19,R,5,True,60.0
7536,2025-05-31,S8,S11,SC,15,True,90.0
7537,2025-05-31,S3,S44,S,205,True,984.0
7538,2025-05-31,S1,S12,SC,55,False,275.0
7539,2025-05-31,S26,S11,S,75,True,360.0
7540,2025-05-31,S46,S43,S,15,False,60.0
7541,2025-05-31,S20,S38,R,90,False,900.0
7542,2025-05-31,S7,S2,S,25,True,120.0
7543,2025-05-31,S12,S17,S,25,True,120.0
7544,2025-05-31,S9,S11,SC,10,False,50.0
7545,2025-05-31,S29,S3,R,130,False,1300.0
7546,2025-05-31,S13,S34,S,105,False,420.0
7547,2025-05-31,S9,S40,S,155,False,620.0
7548,2025-05-31,S37,S6,SC,155,False,775.0
7549,2025-05-31,S46,S12,R,170,False,1700.0
7550,2025-05-31,S12,S17,R,25,False,250.0
7551,2025-06-01,S36,S49,S,65,True,312.0
7552,2025-06-01,S6,S3,S,15,False,60.0
7553,2025-06-01,S3,S32,R,145,True,1740.0
7554,2025-06-01,S39,S5,R,170,True,2040.0
7555,2025-06-01,S13,S25,R,60,False,600.0
7556,2025-06-01,S15,S32,R,85,False,850.0
7557,2025-06-01,S10,S44,S,170,False,680.0
7558,2025-06-01,S25,S14,R,55,False,550.0
7559,2025-06-01,S34,S11,SC,115,False,575.0
7560,2025-06-01,S38,S24,R,70,False,700.0
7561,2025-06-01,S16,S17,R,5,False,50.0
7562,2025-06-01,S1,S32,S,155,False,620.0
7563,2025-06-01,S10,S39,SC,145,True,870.0
7564,2025-06-01,S2,S41,SC,195,False,975.0
7565,2025-06-01,S6,S43,S,185,False,740.0
7566,2025-06-01,S23,S30,S,35,True,168.0
7567,2025-06-01,S49,S16,R,165,False,1650.0
7568,2025-06-01,S32,S3,S,145,False,580.0
7569,2025-06-01,S25,S50,S,125,True,600.0
7570,2025-06-01,S41,S5,R,180,False,1800.0
7571,2025-06-01,S50,S8,S,210,False,840.0
7572,2025-06-01,S43,S2,SC,205,False,1025.0
7573,2025-06-01,S23,S24,S,5,True,24.0
7574,2025-06-01,S13,S8,SC,25,True,150.0
7575,2025-06-01,S14,S27,S,65,False,260.0
7576,2025-06-01,S15,S20,S,25,True,120.0
7577,2025-06-01,S44,S15,SC,145,False,725.0
7578,2025-06-01,S42,S37,S,25,False,100.0
7579,2025-06-01,S16,S41,R,125,False,1250.0
7580,2025-06-01,S4,S35,S,155,False,620.0
7581,2025-06-01,S14,S22,SC,40,True,240.0
7582,2025-06-01,S37,S49,S,60,True,288.0
7583,2025-06-01,S20,S15,SC,25,False,125.0
7584,2025-06-01,S24,S49,S,125,False,500.0
7585,2025-06-01,S25,S19,S,30,True,144.0
7586,2025-06-01,S4,S2,R,10,True,120.0
7587,2025-06-01,S9,S7,SC,10,True,60.0
7588,2025-06-01,S24,S20,SC,20,False,100.0
7589,2025-06-01,S41,S8,S,165,True,792.0
7590,2025-06-01,S47,S9,SC,190,True,1140.0
7591,2025-06-01,S32,S39,S,35,False,140.0
7592,2025-06-01,S34,S32,SC,10,False,50.0
7593,2025-06-01,S4,S18,S,70,True,336.0
7594,2025-06-01,S30,S17,S,65,False,260.0
7595,2025-06-01,S18,S4,R,70,False,700.0
7596,2025-06-01,S38,S4,R,170,False,1700.0
7597,2025-06-01,S15,S46,SC,155,False,775.0
7598,2025-06-01,S16,S46,SC,150,True,900.0
7599,2025-06-01,S48,S47,R,5,True,60.0
7600,2025-06-01,S8,S36,SC,140,True,840.0
7601,2025-06-02,S1,S23,S,110,True,528.0
7602,2025-06-02,S5,S21,R,80,False,800.0
7603,2025-06-02,S35,S1,R,170,False,1700.0
7604,2025-06-02,S22,S8,SC,70,False,350.0
7605,2025-06-02,S28,S41,SC,65,False,325.0
7606,2025-06-02,S28,S1,S,135,False,540.0
7607,2025-06-02,S14,S15,SC,5,True,30.0
7608,2025-06-02,S14,S39,SC,125,False,625.0
7609,2025-06-02,S24,S20,SC,20,False,100.0
7610,2025-06-02,S46,S23,S,115,True,552.0
7611,2025-06-02,S32,S39,S,35,True,168.0
7612,2025-06-02,S7,S34,R,135,True,1620.0
7613,2025-06-02,S17,S14,S,15,True,72.0
7614,2025-06-02,S37,S26,R,55,True,660.0
7615,2025-06-02,S35,S8,SC,135,False,675.0
7616,2025-06-02,S20,S8,R,60,True,720.0
7617,2025-06-02,S19,S41,S,110,False,440.0
7618,2025-06-02,S23,S46,S,115,False,460.0
7619,2025-06-02,S11,S3,S,40,True,192.0
7620,2025-06-02,S7,S33,SC,130,False,650.0
7621,2025-06-02,S25,S26,S,5,True,24.0
7622,2025-06-02,S34,S19,SC,75,True,450.0
7623,2025-06-02,S15,S16,S,5,False,20.0
7624,2025-06-02,S25,S15,S,50,False,200.0
7625,2025-06-02,S13,S35,R,110,False,1100.0
7626,2025-06-02,S24,S27,R,15,False,150.0
7627,2025-06-02,S3,S5,S,10,True,48.0
7628,2025-06-02,S33,S8,SC,125,False,625.0
7629,2025-06-02,S1,S15,SC,70,True,420.0
7630,2025-06-02,S24,S17,S,35,False,140.0
7631,2025-06-02,S34,S3,R,155,True,1860.0
7632,2025-06-02,S47,S22,R,125,True,1500.0
7633,2025-06-02,S10,S34,SC,120,True,720.0
7634,2025-06-02,S34,S35,S,5,True,24.0
7635,2025-06-02,S5,S35,SC,150,False,750.0
7636,2025-06-02,S40,S30,R,50,False,500.0
7637,2025-06-02,S38,S9,R,145,True,1740.0
7638,2025-06-02,S6,S32,R,130,False,1300.0
7639,2025-06-02,S19,S9,S,50,True,240.0
7640,2025-06-02,S42,S47,R,25,False,250.0
7641,2025-06-02,S33,S12,R,105,False,1050.0
7642,2025-06-02,S2,S44,S,210,True,1008.0
7643,2025-06-02,S16,S10,SC,30,True,180.0
7644,2025-06-02,S23,S29,R,30,True,360.0
7645,2025-06-02,S28,S27,SC,5,False,25.0
7646,2025-06-02,S32,S36,R,20,False,200.0
7647,2025-06-02,S37,S8,S,145,False,580.0
7648,2025-06-02,S20,S46,S,130,False,520.0
7649,2025-06-02,S48,S49,SC,5,True,30.0
7650,2025-06-02,S31,S37,R,30,False,300.0
7651,2025-06-03,S22,S28,S,30,False,120.0
7652,2025-06-03,S5,S7,S,10,True,48.0
7653,2025-06-03,S42,S47,R,25,True,300.0
7654,2025-06-03,S38,S30,SC,40,False,200.0
7655,2025-06-03,S1,S30,S,145,True,696.0
7656,2025-06-03,S11,S22,R,55,True,660.0
7657,2025-06-03,S26,S36,S,50,False,200.0
7658,2025-06-03,S26,S24,S,10,True,48.0
7659,2025-06-03,S4,S6,SC,10,False,50.0
7660,2025-06-03,S20,S21,SC,5,True,30.0
7661,2025-06-03,S21,S47,S,130,False,520.0
7662,2025-06-03,S14,S40,SC,130,False,650.0
7663,2025-06-03,S45,S7,R,190,False,1900.0
7664,2025-06-03,S24,S4,S,100,True,480.0
7665,2025-06-03,S16,S49,SC,165,True,990.0
7666,2025-06-03,S9,S35,R,130,False,1300.0
7667,2025-06-03,S40,S41,R,5,False,50.0
7668,2025-06-03,S19,S41,S,110,True,528.0
7669,2025-06-03,S12,S3,R,45,True,540.0
7670,2025-06-03,S4,S45,R,205,False,2050.0
7671,2025-06-03,S10,S11,S,5,False,20.0
7672,2025-06-03,S39,S35,R,20,True,240.0
7673,2025-06-03,S13,S9,SC,20,False,100.0
7674,2025-06-03,S39,S31,S,40,False,160.0
7675,2025-06-03,S4,S13,R,45,False,450.0
7676,2025-06-03,S19,S23,R,20,False,200.0
7677,2025-06-03,S26,S7,R,95,True,1140.0
7678,2025-06-03,S35,S42,S,35,False,140.0
7679,2025-06-03,S38,S36,S,10,True,48.0
7680,2025-06-03,S49,S41,R,40,True,480.0
7681,2025-06-03,S17,S23,S,30,True,144.0
7682,2025-06-03,S1,S30,SC,145,True,870.0
7683,2025-06-03,S1,S41,S,200,False,800.0
7684,2025-06-03,S42,S28,SC,70,False,350.0
7685,2025-06-03,S13,S38,R,125,False,1250.0
7686,2025-06-03,S48,S44,R,20,True,240.0
7687,2025-06-03,S49,S46,S,15,False,60.0
7688,2025-06-03,S33,S36,SC,15,False,75.0
7689,2025-06-03,S28,S31,S,15,False,60.0
7690,2025-06-03,S3,S16,R,65,True,780.0
7691,2025-06-03,S25,S46,R,105,True,1260.0
7692,2025-06-03,S36,S42,S,30,False,120.0
7693,2025-06-03,S37,S28,S,45,True,216.0
7694,2025-06-03,S27,S33,R,30,True,360.0
7695,2025-06-03,S36,S38,S,10,False,40.0
7696,2025-06-03,S34,S18,SC,80,False,400.0
7697,2025-06-03,S3,S43,SC,200,True,1200.0
7698,2025-06-03,S20,S9,SC,55,True,330.0
7699,2025-06-03,S34,S9,SC,125,True,750.0
7700,2025-06-03,S10,S30,R,100,False,1000.0
7701,2025-06-04,S44,S11,S,165,False,660.0
7702,2025-06-04,S14,S27,R,65,False,650.0
7703,2025-06-04,S45,S13,SC,160,True,960.0
7704,2025-06-04,S27,S5,SC,110,True,660.0
7705,2025-06-04,S14,S13,S,5,False,20.0
7706,2025-06-04,S24,S13,S,55,False,220.0
7707,2025-06-04,S49,S9,R,200,False,2000.0
7708,2025-06-04,S13,S14,R,5,False,50.0
7709,2025-06-04,S28,S46,S,90,False,360.0
7710,2025-06-04,S30,S28,SC,10,True,60.0
7711,2025-06-04,S27,S10,S,85,True,408.0
7712,2025-06-04,S28,S43,R,75,False,750.0
7713,2025-06-04,S13,S45,SC,160,False,800.0
7714,2025-06-04,S42,S29,SC,65,True,390.0
7715,2025-06-04,S44,S39,SC,25,True,150.0
7716,2025-06-04,S16,S50,SC,170,False,850.0
7717,2025-06-04,S17,S10,R,35,True,420.0
7718,2025-06-04,S21,S9,S,60,False,240.0
7719,2025-06-04,S6,S1,SC,25,False,125.0
7720,2025-06-04,S1,S45,S,220,False,880.0
7721,2025-06-04,S15,S24,S,45,False,180.0
7722,2025-06-04,S37,S35,SC,10,False,50.0
7723,2025-06-04,S6,S31,S,125,False,500.0
7724,2025-06-04,S20,S19,R,5,False,50.0
7725,2025-06-04,S40,S30,R,50,False,500.0
7726,2025-06-04,S2,S16,S,70,True,336.0
7727,2025-06-04,S45,S39,SC,30,False,150.0
7728,2025-06-04,S30,S26,R,20,False,200.0
7729,2025-06-04,S24,S27,R,15,False,150.0
7730,2025-06-04,S19,S21,R,10,False,100.0
7731,2025-06-04,S29,S4,R,125,False,1250.0
7732,2025-06-04,S6,S38,SC,160,False,800.0
7733,2025-06-04,S10,S27,R,85,False,850.0
7734,2025-06-04,S45,S47,S,10,True,48.0
7735,2025-06-04,S14,S29,SC,75,False,375.0
7736,2025-06-04,S22,S18,R,20,False,200.0
7737,2025-06-04,S14,S33,S,95,True,456.0
7738,2025-06-04,S31,S45,SC,70,False,350.0
7739,2025-06-04,S27,S9,R,90,False,900.0
7740,2025-06-04,S40,S39,R,5,False,50.0
7741,2025-06-04,S20,S45,SC,125,False,625.0
7742,2025-06-04,S21,S5,R,80,False,800.0
7743,2025-06-04,S26,S8,S,90,False,360.0
7744,2025-06-04,S35,S40,SC,25,True,150.0
7745,2025-06-04,S31,S11,SC,100,True,600.0
7746,2025-06-04,S19,S21,SC,10,True,60.0
7747,2025-06-04,S29,S38,SC,45,False,225.0
7748,2025-06-04,S10,S3,SC,35,False,175.0
7749,2025-06-04,S18,S39,R,105,True,1260.0
7750,2025-06-04,S35,S25,SC,50,True,300.0
7751,2025-06-05,S48,S38,S,50,True,240.0
7752,2025-06-05,S10,S47,SC,185,False,925.0
7753,2025-06-05,S8,S4,R,20,False,200.0
7754,2025-06-05,S21,S45,S,120,False,480.0
7755,2025-06-05,S30,S8,SC,110,False,550.0
7756,2025-06-05,S15,S50,S,175,True,840.0
7757,2025-06-05,S44,S17,SC,135,False,675.0
7758,2025-06-05,S28,S19,S,45,False,180.0
7759,2025-06-05,S45,S39,R,30,False,300.0
7760,2025-06-05,S24,S38,R,70,True,840.0
7761,2025-06-05,S28,S45,SC,85,True,510.0
7762,2025-06-05,S38,S17,SC,105,False,525.0
7763,2025-06-05,S15,S34,SC,95,True,570.0
7764,2025-06-05,S28,S46,SC,90,True,540.0
7765,2025-06-05,S47,S50,S,15,False,60.0
7766,2025-06-05,S48,S27,SC,105,True,630.0
7767,2025-06-05,S12,S47,S,175,False,700.0
7768,2025-06-05,S33,S28,SC,25,True,150.0
7769,2025-06-05,S34,S40,R,30,False,300.0
7770,2025-06-05,S12,S39,R,135,False,1350.0
7771,2025-06-05,S15,S13,SC,10,False,50.0
7772,2025-06-05,S31,S45,R,70,False,700.0
7773,2025-06-05,S9,S37,S,140,True,672.0
7774,2025-06-05,S34,S18,SC,80,False,400.0
7775,2025-06-05,S23,S42,SC,95,False,475.0
7776,2025-06-05,S15,S33,SC,90,False,450.0
7777,2025-06-05,S32,S5,S,135,True,648.0
7778,2025-06-05,S29,S36,SC,35,True,210.0
7779,2025-06-05,S25,S23,SC,10,False,50.0
7780,2025-06-05,S17,S4,R,65,True,780.0
7781,2025-06-05,S19,S7,S,60,False,240.0
7782,2025-06-05,S40,S10,S,150,True,720.0
7783,2025-06-05,S13,S25,S,60,False,240.0
7784,2025-06-05,S21,S32,S,55,True,264.0
7785,2025-06-05,S32,S24,S,40,True,192.0
7786,2025-06-05,S1,S18,R,85,False,850.0
7787,2025-06-05,S46,S24,R,110,False,1100.0
7788,2025-06-05,S2,S25,S,115,True,552.0
7789,2025-06-05,S33,S41,S,40,False,160.0
7790,2025-06-05,S34,S24,R,50,False,500.0
7791,2025-06-05,S35,S7,S,140,True,672.0
7792,2025-06-05,S43,S15,SC,140,True,840.0
7793,2025-06-05,S2,S25,R,115,True,1380.0
7794,2025-06-05,S21,S46,S,125,False,500.0
7795,2025-06-05,S26,S41,SC,75,True,450.0
7796,2025-06-05,S29,S45,S,80,False,320.0
7797,2025-06-05,S42,S8,SC,170,False,850.0
7798,2025-06-05,S38,S29,R,45,False,450.0
7799,2025-06-05,S35,S36,S,5,True,24.0
7800,2025-06-05,S29,S26,R,15,True,180.0
7801,2025-06-06,S50,S2,R,240,False,2400.0
7802,2025-06-06,S20,S35,S,75,True,360.0
7803,2025-06-06,S43,S17,SC,130,True,780.0
7804,2025-06-06,S21,S17,S,20,False,80.0
7805,2025-06-06,S11,S13,S,10,True,48.0
7806,2025-06-06,S24,S30,R,30,True,360.0
7807,2025-06-06,S8,S30,SC,110,False,550.0
7808,2025-06-06,S19,S21,R,10,True,120.0
7809,2025-06-06,S41,S43,SC,10,False,50.0
7810,2025-06-06,S17,S8,R,45,False,450.0
7811,2025-06-06,S19,S31,S,60,True,288.0
7812,2025-06-06,S1,S26,S,125,False,500.0
7813,2025-06-06,S32,S34,R,10,True,120.0
7814,2025-06-06,S11,S47,R,180,True,2160.0
7815,2025-06-06,S27,S17,R,50,True,600.0
7816,2025-06-06,S30,S33,SC,15,True,90.0
7817,2025-06-06,S10,S23,S,65,True,312.0
7818,2025-06-06,S44,S41,SC,15,False,75.0
7819,2025-06-06,S13,S12,R,5,True,60.0
7820,2025-06-06,S5,S39,R,170,False,1700.0
7821,2025-06-06,S50,S25,R,125,True,1500.0
7822,2025-06-06,S26,S13,SC,65,True,390.0
7823,2025-06-06,S45,S24,S,105,False,420.0
7824,2025-06-06,S48,S28,SC,100,True,600.0
7825,2025-06-06,S8,S10,S,10,True,48.0
7826,2025-06-06,S7,S30,SC,115,True,690.0
7827,2025-06-06,S27,S43,SC,80,False,400.0
7828,2025-06-06,S33,S42,R,45,True,540.0
7829,2025-06-06,S36,S47,R,55,False,550.0
7830,2025-06-06,S3,S49,R,230,True,2760.0
7831,2025-06-06,S41,S16,S,125,True,600.0
7832,2025-06-06,S36,S35,S,5,True,24.0
7833,2025-06-06,S49,S35,R,70,True,840.0
7834,2025-06-06,S29,S12,S,85,True,408.0
7835,2025-06-06,S33,S12,S,105,False,420.0
7836,2025-06-06,S17,S12,R,25,False,250.0
7837,2025-06-06,S33,S18,R,75,False,750.0
7838,2025-06-06,S29,S38,R,45,True,540.0
7839,2025-06-06,S2,S24,R,110,True,1320.0
7840,2025-06-06,S1,S11,R,50,False,500.0
7841,2025-06-06,S45,S46,SC,5,True,30.0
7842,2025-06-06,S44,S14,R,150,True,1800.0
7843,2025-06-06,S22,S23,R,5,True,60.0
7844,2025-06-06,S29,S11,S,90,True,432.0
7845,2025-06-06,S17,S50,R,165,False,1650.0
7846,2025-06-06,S30,S11,SC,95,False,475.0
7847,2025-06-06,S32,S16,SC,80,True,480.0
7848,2025-06-06,S23,S1,SC,110,True,660.0
7849,2025-06-06,S23,S48,S,125,True,600.0
7850,2025-06-06,S31,S2,S,145,False,580.0
7851,2025-06-07,S9,S13,R,20,False,200.0
7852,2025-06-07,S22,S35,S,65,False,260.0
7853,2025-06-07,S45,S11,R,170,False,1700.0
7854,2025-06-07,S42,S28,R,70,True,840.0
7855,2025-06-07,S32,S16,SC,80,False,400.0
7856,2025-06-07,S1,S33,S,160,True,768.0
7857,2025-06-07,S3,S23,R,100,False,1000.0
7858,2025-06-07,S41,S24,R,85,True,1020.0
7859,2025-06-07,S40,S11,S,145,False,580.0
7860,2025-06-07,S17,S38,S,105,True,504.0
7861,2025-06-07,S39,S5,R,170,False,1700.0
7862,2025-06-07,S1,S29,R,140,True,1680.0
7863,2025-06-07,S3,S15,S,60,False,240.0
7864,2025-06-07,S50,S20,S,150,True,720.0
7865,2025-06-07,S48,S27,R,105,True,1260.0
7866,2025-06-07,S23,S48,SC,125,True,750.0
7867,2025-06-07,S25,S5,SC,100,False,500.0
7868,2025-06-07,S2,S30,S,140,False,560.0
7869,2025-06-07,S39,S23,SC,80,True,480.0
7870,2025-06-07,S12,S35,SC,115,True,690.0
7871,2025-06-07,S44,S33,SC,55,False,275.0
7872,2025-06-07,S26,S5,S,105,True,504.0
7873,2025-06-07,S8,S2,SC,30,False,150.0
7874,2025-06-07,S48,S36,S,60,False,240.0
7875,2025-06-07,S22,S34,S,60,True,288.0
7876,2025-06-07,S46,S49,S,15,True,72.0
7877,2025-06-07,S46,S25,S,105,False,420.0
7878,2025-06-07,S28,S22,R,30,False,300.0
7879,2025-06-07,S11,S24,S,65,False,260.0
7880,2025-06-07,S42,S19,R,115,False,1150.0
7881,2025-06-07,S14,S12,S,10,True,48.0
7882,2025-06-07,S21,S34,R,65,False,650.0
7883,2025-06-07,S21,S17,R,20,False,200.0
7884,2025-06-07,S42,S50,R,40,True,480.0
7885,2025-06-07,S37,S22,S,75,True,360.0
7886,2025-06-07,S30,S1,R,145,False,1450.0
7887,2025-06-07,S30,S35,SC,25,True,150.0
7888,2025-06-07,S9,S39,S,150,True,720.0
7889,2025-06-07,S23,S13,S,50,False,200.0
7890,2025-06-07,S1,S32,R,155,False,1550.0
7891,2025-06-07,S25,S9,R,80,False,800.0
7892,2025-06-07,S7,S42,S,175,True,840.0
7893,2025-06-07,S6,S43,S,185,True,888.0
7894,2025-06-07,S30,S29,R,5,False,50.0
7895,2025-06-07,S29,S27,SC,10,False,50.0
7896,2025-06-07,S49,S33,SC,80,True,480.0
7897,2025-06-07,S28,S40,S,60,True,288.0
7898,2025-06-07,S48,S42,SC,30,True,180.0
7899,2025-06-07,S30,S25,R,25,True,300.0
7900,2025-06-07,S17,S12,SC,25,True,150.0
7901,2025-06-08,S43,S37,S,30,True,144.0
7902,2025-06-08,S49,S6,S,215,False,860.0
7903,2025-06-08,S30,S12,R,90,False,900.0
7904,2025-06-08,S45,S36,R,45,True,540.0
7905,2025-06-08,S29,S35,R,30,True,360.0
7906,2025-06-08,S50,S46,S,20,True,96.0
7907,2025-06-08,S33,S27,SC,30,True,180.0
7908,2025-06-08,S29,S41,R,60,False,600.0
7909,2025-06-08,S9,S27,SC,90,True,540.0
7910,2025-06-08,S25,S17,SC,40,True,240.0
7911,2025-06-08,S45,S27,SC,90,False,450.0
7912,2025-06-08,S3,S25,S,110,False,440.0
7913,2025-06-08,S12,S23,SC,55,True,330.0
7914,2025-06-08,S38,S34,S,20,True,96.0
7915,2025-06-08,S7,S35,S,140,False,560.0
7916,2025-06-08,S30,S22,S,40,False,160.0
7917,2025-06-08,S38,S4,SC,170,True,1020.0
7918,2025-06-08,S35,S44,SC,45,False,225.0
7919,2025-06-08,S4,S6,S,10,True,48.0
7920,2025-06-08,S41,S2,SC,195,True,1170.0
7921,2025-06-08,S35,S38,R,15,False,150.0
7922,2025-06-08,S10,S7,R,15,True,180.0
7923,2025-06-08,S4,S42,SC,190,True,1140.0
7924,2025-06-08,S11,S34,S,115,False,460.0
7925,2025-06-08,S8,S10,SC,10,False,50.0
7926,2025-06-08,S9,S40,SC,155,False,775.0
7927,2025-06-08,S29,S24,S,25,False,100.0
7928,2025-06-08,S15,S4,S,55,True,264.0
7929,2025-06-08,S16,S37,R,105,False,1050.0
7930,2025-06-08,S12,S39,R,135,True,1620.0
7931,2025-06-08,S14,S3,R,55,False,550.0
7932,2025-06-08,S41,S44,R,15,True,180.0
7933,2025-06-08,S30,S22,SC,40,True,240.0
7934,2025-06-08,S48,S18,S,150,False,600.0
7935,2025-06-08,S34,S5,R,145,False,1450.0
7936,2025-06-08,S12,S46,R,170,False,1700.0
7937,2025-06-08,S39,S34,SC,25,False,125.0
7938,2025-06-08,S50,S30,S,100,True,480.0
7939,2025-06-08,S17,S47,R,150,True,1800.0
7940,2025-06-08,S9,S13,SC,20,False,100.0
7941,2025-06-08,S23,S29,S,30,False,120.0
7942,2025-06-08,S37,S22,SC,75,True,450.0
7943,2025-06-08,S8,S34,S,130,False,520.0
7944,2025-06-08,S15,S25,S,50,True,240.0
7945,2025-06-08,S19,S8,SC,55,False,275.0
7946,2025-06-08,S46,S48,R,10,False,100.0
7947,2025-06-08,S29,S24,SC,25,False,125.0
7948,2025-06-08,S6,S19,S,65,False,260.0
7949,2025-06-08,S3,S27,S,120,True,576.0
7950,2025-06-08,S25,S18,R,35,True,420.0
7951,2025-06-09,S2,S12,S,50,True,240.0
7952,2025-06-09,S47,S49,R,10,True,120.0
7953,2025-06-09,S14,S27,SC,65,False,325.0
7954,2025-06-09,S50,S23,SC,135,True,810.0
7955,2025-06-09,S30,S23,SC,35,False,175.0
7956,2025-06-09,S42,S26,R,80,True,960.0
7957,2025-06-09,S31,S20,R,55,True,660.0
7958,2025-06-09,S12,S14,SC,10,False,50.0
7959,2025-06-09,S7,S22,R,75,False,750.0
7960,2025-06-09,S50,S39,R,55,False,550.0
7961,2025-06-09,S48,S34,SC,70,False,350.0
7962,2025-06-09,S6,S23,S,85,False,340.0
7963,2025-06-09,S1,S34,S,165,False,660.0
7964,2025-06-09,S34,S49,R,75,True,900.0
7965,2025-06-09,S14,S24,R,50,False,500.0
7966,2025-06-09,S3,S1,SC,10,True,60.0
7967,2025-06-09,S42,S14,S,140,False,560.0
7968,2025-06-09,S9,S14,R,25,True,300.0
7969,2025-06-09,S22,S1,S,105,False,420.0
7970,2025-06-09,S34,S49,S,75,True,360.0
7971,2025-06-09,S36,S1,R,175,False,1750.0
7972,2025-06-09,S43,S7,SC,180,False,900.0
7973,2025-06-09,S35,S10,R,125,False,1250.0
7974,2025-06-09,S48,S40,S,40,True,192.0
7975,2025-06-09,S21,S47,R,130,False,1300.0
7976,2025-06-09,S2,S8,SC,30,True,180.0
7977,2025-06-09,S18,S23,SC,25,False,125.0
7978,2025-06-09,S47,S18,R,145,False,1450.0
7979,2025-06-09,S23,S10,R,65,False,650.0
7980,2025-06-09,S3,S27,S,120,False,480.0
7981,2025-06-09,S2,S47,R,225,True,2700.0
7982,2025-06-09,S33,S36,R,15,False,150.0
7983,2025-06-09,S40,S46,R,30,False,300.0
7984,2025-06-09,S14,S40,S,130,True,624.0
7985,2025-06-09,S39,S23,R,80,False,800.0
7986,2025-06-09,S19,S23,SC,20,True,120.0
7987,2025-06-09,S32,S2,S,150,True,720.0
7988,2025-06-09,S20,S32,R,60,False,600.0
7989,2025-06-09,S36,S20,S,80,False,320.0
7990,2025-06-09,S31,S12,S,95,True,456.0
7991,2025-06-09,S43,S20,SC,115,True,690.0
7992,2025-06-09,S35,S26,S,45,False,180.0
7993,2025-06-09,S37,S1,R,180,False,1800.0
7994,2025-06-09,S11,S35,S,120,False,480.0
7995,2025-06-09,S29,S45,R,80,False,800.0
7996,2025-06-09,S31,S16,R,75,False,750.0
7997,2025-06-09,S16,S9,SC,35,True,210.0
7998,2025-06-09,S28,S42,R,70,True,840.0
7999,2025-06-09,S22,S3,R,95,False,950.0
8000,2025-06-09,S2,S32,SC,150,False,750.0
8001,2025-06-10,S7,S15,R,40,False,400.0
8002,2025-06-10,S41,S48,SC,35,True,210.0
8003,2025-06-10,S17,S27,R,50,True,600.0
8004,2025-06-10,S18,S23,R,25,False,250.0
8005,2025-06-10,S11,S38,R,135,False,1350.0
8006,2025-06-10,S8,S45,S,185,True,888.0
8007,2025-06-10,S32,S39,S,35,False,140.0
8008,2025-06-10,S34,S18,R,80,False,800.0
8009,2025-06-10,S25,S13,S,60,False,240.0
8010,2025-06-10,S41,S29,S,60,False,240.0
8011,2025-06-10,S34,S15,R,95,False,950.0
8012,2025-06-10,S21,S27,SC,30,False,150.0
8013,2025-06-10,S15,S46,SC,155,False,775.0
8014,2025-06-10,S10,S23,S,65,True,312.0
8015,2025-06-10,S4,S37,S,165,False,660.0
8016,2025-06-10,S37,S40,S,15,True,72.0
8017,2025-06-10,S42,S20,S,110,True,528.0
8018,2025-06-10,S34,S29,SC,25,True,150.0
8019,2025-06-10,S31,S18,S,65,True,312.0
8020,2025-06-10,S49,S30,S,95,False,380.0
8021,2025-06-10,S41,S8,S,165,False,660.0
8022,2025-06-10,S37,S26,R,55,False,550.0
8023,2025-06-10,S22,S7,S,75,True,360.0
8024,2025-06-10,S25,S45,R,100,False,1000.0
8025,2025-06-10,S12,S42,R,150,True,1800.0
8026,2025-06-10,S29,S9,R,100,True,1200.0
8027,2025-06-10,S19,S28,R,45,False,450.0
8028,2025-06-10,S27,S41,SC,70,True,420.0
8029,2025-06-10,S18,S17,S,5,False,20.0
8030,2025-06-10,S23,S42,R,95,False,950.0
8031,2025-06-10,S25,S33,SC,40,False,200.0
8032,2025-06-10,S19,S30,SC,55,False,275.0
8033,2025-06-10,S26,S47,SC,105,True,630.0
8034,2025-06-10,S30,S13,S,85,True,408.0
8035,2025-06-10,S3,S14,S,55,True,264.0
8036,2025-06-10,S47,S26,SC,105,True,630.0
8037,2025-06-10,S27,S36,S,45,False,180.0
8038,2025-06-10,S42,S49,SC,35,True,210.0
8039,2025-06-10,S27,S44,S,85,False,340.0
8040,2025-06-10,S33,S46,S,65,True,312.0
8041,2025-06-10,S46,S4,S,210,True,1008.0
8042,2025-06-10,S46,S25,SC,105,True,630.0
8043,2025-06-10,S10,S25,S,75,True,360.0
8044,2025-06-10,S19,S32,R,65,True,780.0
8045,2025-06-10,S14,S13,SC,5,True,30.0
8046,2025-06-10,S38,S29,S,45,False,180.0
8047,2025-06-10,S27,S45,S,90,True,432.0
8048,2025-06-10,S20,S27,S,35,False,140.0
8049,2025-06-10,S35,S13,SC,110,True,660.0
8050,2025-06-10,S37,S33,SC,20,False,100.0
8051,2025-06-11,S25,S15,SC,50,True,300.0
8052,2025-06-11,S9,S49,S,200,True,960.0
8053,2025-06-11,S6,S46,S,200,True,960.0
8054,2025-06-11,S33,S14,SC,95,True,570.0
8055,2025-06-11,S33,S22,S,55,True,264.0
8056,2025-06-11,S39,S22,S,85,True,408.0
8057,2025-06-11,S31,S10,R,105,False,1050.0
8058,2025-06-11,S11,S1,R,50,False,500.0
8059,2025-06-11,S24,S14,S,50,False,200.0
8060,2025-06-11,S11,S10,S,5,True,24.0
8061,2025-06-11,S15,S17,S,10,False,40.0
8062,2025-06-11,S3,S6,SC,15,False,75.0
8063,2025-06-11,S4,S34,S,150,True,720.0
8064,2025-06-11,S33,S13,S,100,False,400.0
8065,2025-06-11,S7,S32,S,125,True,600.0
8066,2025-06-11,S20,S41,R,105,False,1050.0
8067,2025-06-11,S25,S1,R,120,False,1200.0
8068,2025-06-11,S1,S29,S,140,True,672.0
8069,2025-06-11,S46,S10,SC,180,True,1080.0
8070,2025-06-11,S38,S11,R,135,True,1620.0
8071,2025-06-11,S50,S48,S,10,True,48.0
8072,2025-06-11,S48,S44,R,20,True,240.0
8073,2025-06-11,S13,S40,SC,135,True,810.0
8074,2025-06-11,S17,S27,SC,50,False,250.0
8075,2025-06-11,S5,S3,R,10,False,100.0
8076,2025-06-11,S15,S42,SC,135,False,675.0
8077,2025-06-11,S32,S34,S,10,False,40.0
8078,2025-06-11,S31,S7,SC,120,False,600.0
8079,2025-06-11,S49,S32,R,85,True,1020.0
8080,2025-06-11,S8,S1,S,35,False,140.0
8081,2025-06-11,S15,S19,S,20,False,80.0
8082,2025-06-11,S35,S36,R,5,True,60.0
8083,2025-06-11,S28,S22,R,30,False,300.0
8084,2025-06-11,S19,S49,S,150,True,720.0
8085,2025-06-11,S16,S23,S,35,False,140.0
8086,2025-06-11,S43,S35,S,40,True,192.0
8087,2025-06-11,S21,S14,S,35,True,168.0
8088,2025-06-11,S1,S30,SC,145,False,725.0
8089,2025-06-11,S21,S7,S,70,False,280.0
8090,2025-06-11,S44,S2,SC,210,False,1050.0
8091,2025-06-11,S16,S31,SC,75,False,375.0
8092,2025-06-11,S8,S46,S,190,True,912.0
8093,2025-06-11,S7,S34,SC,135,False,675.0
8094,2025-06-11,S39,S19,R,100,False,1000.0
8095,2025-06-11,S26,S4,SC,110,False,550.0
8096,2025-06-11,S25,S34,SC,45,False,225.0
8097,2025-06-11,S32,S35,S,15,True,72.0
8098,2025-06-11,S36,S30,R,30,False,300.0
8099,2025-06-11,S25,S10,S,75,True,360.0
8100,2025-06-11,S27,S49,SC,110,False,550.0
8101,2025-06-12,S27,S50,SC,115,True,690.0
8102,2025-06-12,S6,S10,S,20,True,96.0
8103,2025-06-12,S21,S47,S,130,True,624.0
8104,2025-06-12,S1,S50,SC,245,False,1225.0
8105,2025-06-12,S32,S24,R,40,True,480.0
8106,2025-06-12,S29,S5,SC,120,True,720.0
8107,2025-06-12,S31,S47,SC,80,True,480.0
8108,2025-06-12,S5,S25,SC,100,True,600.0
8109,2025-06-12,S33,S40,R,35,False,350.0
8110,2025-06-12,S3,S31,SC,140,True,840.0
8111,2025-06-12,S13,S19,S,30,True,144.0
8112,2025-06-12,S41,S5,R,180,False,1800.0
8113,2025-06-12,S3,S28,SC,125,False,625.0
8114,2025-06-12,S21,S17,SC,20,True,120.0
8115,2025-06-12,S4,S40,R,180,False,1800.0
8116,2025-06-12,S37,S1,R,180,True,2160.0
8117,2025-06-12,S5,S43,S,190,True,912.0
8118,2025-06-12,S23,S5,R,90,True,1080.0
8119,2025-06-12,S45,S46,R,5,False,50.0
8120,2025-06-12,S23,S4,S,95,True,456.0
8121,2025-06-12,S22,S50,SC,140,False,700.0
8122,2025-06-12,S15,S20,R,25,True,300.0
8123,2025-06-12,S49,S2,R,235,False,2350.0
8124,2025-06-12,S35,S42,S,35,False,140.0
8125,2025-06-12,S14,S50,R,180,True,2160.0
8126,2025-06-12,S44,S19,SC,125,True,750.0
8127,2025-06-12,S23,S3,S,100,False,400.0
8128,2025-06-12,S15,S1,SC,70,True,420.0
8129,2025-06-12,S11,S6,R,25,True,300.0
8130,2025-06-12,S23,S49,R,130,False,1300.0
8131,2025-06-12,S41,S28,S,65,True,312.0
8132,2025-06-12,S41,S37,SC,20,False,100.0
8133,2025-06-12,S12,S35,S,115,False,460.0
8134,2025-06-12,S5,S20,S,75,False,300.0
8135,2025-06-12,S23,S50,S,135,True,648.0
8136,2025-06-12,S3,S23,SC,100,True,600.0
8137,2025-06-12,S36,S41,S,25,True,120.0
8138,2025-06-12,S16,S25,S,45,False,180.0
8139,2025-06-12,S7,S21,SC,70,False,350.0
8140,2025-06-12,S45,S25,SC,100,True,600.0
8141,2025-06-12,S33,S4,S,145,True,696.0
8142,2025-06-12,S26,S43,R,85,False,850.0
8143,2025-06-12,S36,S17,SC,95,False,475.0
8144,2025-06-12,S24,S50,SC,130,False,650.0
8145,2025-06-12,S26,S44,S,90,True,432.0
8146,2025-06-12,S36,S19,SC,85,False,425.0
8147,2025-06-12,S48,S24,S,120,False,480.0
8148,2025-06-12,S17,S39,R,110,True,1320.0
8149,2025-06-12,S24,S43,S,95,False,380.0
8150,2025-06-12,S18,S46,R,140,False,1400.0
8151,2025-06-13,S34,S41,SC,35,True,210.0
8152,2025-06-13,S10,S45,R,175,False,1750.0
8153,2025-06-13,S19,S12,R,35,False,350.0
8154,2025-06-13,S42,S23,R,95,True,1140.0
8155,2025-06-13,S24,S19,R,25,False,250.0
8156,2025-06-13,S14,S2,R,60,True,720.0
8157,2025-06-13,S29,S18,R,55,True,660.0
8158,2025-06-13,S11,S25,SC,70,True,420.0
8159,2025-06-13,S3,S26,S,115,False,460.0
8160,2025-06-13,S20,S44,R,120,False,1200.0
8161,2025-06-13,S23,S10,R,65,True,780.0
8162,2025-06-13,S1,S5,R,20,True,240.0
8163,2025-06-13,S10,S13,R,15,False,150.0
8164,2025-06-13,S21,S1,S,100,True,480.0
8165,2025-06-13,S33,S6,R,135,False,1350.0
8166,2025-06-13,S9,S2,SC,35,False,175.0
8167,2025-06-13,S39,S44,S,25,False,100.0
8168,2025-06-13,S8,S47,R,195,False,1950.0
8169,2025-06-13,S23,S32,S,45,True,216.0
8170,2025-06-13,S24,S19,R,25,False,250.0
8171,2025-06-13,S10,S30,SC,100,True,600.0
8172,2025-06-13,S35,S6,SC,145,True,870.0
8173,2025-06-13,S21,S13,R,40,False,400.0
8174,2025-06-13,S49,S36,R,65,True,780.0
8175,2025-06-13,S46,S2,R,220,True,2640.0
8176,2025-06-13,S5,S1,SC,20,False,100.0
8177,2025-06-13,S24,S26,S,10,False,40.0
8178,2025-06-13,S8,S33,S,125,True,600.0
8179,2025-06-13,S35,S15,S,100,True,480.0
8180,2025-06-13,S40,S33,R,35,False,350.0
8181,2025-06-13,S33,S24,SC,45,True,270.0
8182,2025-06-13,S6,S50,S,220,True,1056.0
8183,2025-06-13,S47,S18,R,145,True,1740.0
8184,2025-06-13,S44,S42,R,10,True,120.0
8185,2025-06-13,S27,S20,S,35,True,168.0
8186,2025-06-13,S28,S26,SC,10,False,50.0
8187,2025-06-13,S27,S21,R,30,False,300.0
8188,2025-06-13,S50,S29,SC,105,True,630.0
8189,2025-06-13,S13,S38,SC,125,False,625.0
8190,2025-06-13,S50,S37,S,65,True,312.0
8191,2025-06-13,S50,S33,SC,85,True,510.0
8192,2025-06-13,S6,S31,SC,125,True,750.0
8193,2025-06-13,S23,S13,S,50,False,200.0
8194,2025-06-13,S31,S25,R,30,False,300.0
8195,2025-06-13,S48,S11,S,185,False,740.0
8196,2025-06-13,S13,S29,SC,80,False,400.0
8197,2025-06-13,S1,S37,SC,180,False,900.0
8198,2025-06-13,S4,S25,R,105,False,1050.0
8199,2025-06-13,S10,S40,R,150,True,1800.0
8200,2025-06-13,S5,S48,R,215,True,2580.0
8201,2025-06-14,S11,S18,S,35,False,140.0
8202,2025-06-14,S2,S36,SC,170,False,850.0
8203,2025-06-14,S4,S17,R,65,True,780.0
8204,2025-06-14,S26,S17,S,45,False,180.0
8205,2025-06-14,S3,S24,S,105,True,504.0
8206,2025-06-14,S13,S40,S,135,False,540.0
8207,2025-06-14,S38,S49,SC,55,True,330.0
8208,2025-06-14,S41,S34,SC,35,False,175.0
8209,2025-06-14,S25,S35,R,50,True,600.0
8210,2025-06-14,S3,S12,SC,45,True,270.0
8211,2025-06-14,S5,S35,SC,150,False,750.0
8212,2025-06-14,S42,S25,S,85,False,340.0
8213,2025-06-14,S32,S29,S,15,True,72.0
8214,2025-06-14,S44,S14,R,150,True,1800.0
8215,2025-06-14,S42,S45,S,15,True,72.0
8216,2025-06-14,S14,S3,R,55,True,660.0
8217,2025-06-14,S16,S19,SC,15,False,75.0
8218,2025-06-14,S25,S32,R,35,False,350.0
8219,2025-06-14,S19,S23,S,20,False,80.0
8220,2025-06-14,S19,S6,R,65,False,650.0
8221,2025-06-14,S26,S42,SC,80,True,480.0
8222,2025-06-14,S4,S35,R,155,True,1860.0
8223,2025-06-14,S27,S34,S,35,False,140.0
8224,2025-06-14,S21,S40,R,95,False,950.0
8225,2025-06-14,S3,S49,SC,230,True,1380.0
8226,2025-06-14,S48,S19,R,145,False,1450.0
8227,2025-06-14,S49,S15,SC,170,True,1020.0
8228,2025-06-14,S2,S47,SC,225,False,1125.0
8229,2025-06-14,S38,S12,S,130,True,624.0
8230,2025-06-14,S37,S8,R,145,False,1450.0
8231,2025-06-14,S29,S21,R,40,False,400.0
8232,2025-06-14,S39,S14,R,125,True,1500.0
8233,2025-06-14,S42,S29,SC,65,True,390.0
8234,2025-06-14,S26,S33,R,35,False,350.0
8235,2025-06-14,S10,S18,S,40,True,192.0
8236,2025-06-14,S36,S41,S,25,False,100.0
8237,2025-06-14,S34,S12,SC,110,True,660.0
8238,2025-06-14,S47,S21,SC,130,True,780.0
8239,2025-06-14,S13,S31,R,90,False,900.0
8240,2025-06-14,S44,S18,R,130,True,1560.0
8241,2025-06-14,S22,S2,S,100,False,400.0
8242,2025-06-14,S38,S10,S,140,False,560.0
8243,2025-06-14,S38,S22,SC,80,True,480.0
8244,2025-06-14,S46,S23,S,115,True,552.0
8245,2025-06-14,S22,S21,SC,5,True,30.0
8246,2025-06-14,S24,S10,R,70,True,840.0
8247,2025-06-14,S10,S26,R,80,False,800.0
8248,2025-06-14,S31,S32,SC,5,False,25.0
8249,2025-06-14,S50,S45,R,25,False,250.0
8250,2025-06-14,S35,S48,SC,65,False,325.0
8251,2025-06-15,S39,S17,R,110,True,1320.0
8252,2025-06-15,S42,S16,R,130,True,1560.0
8253,2025-06-15,S40,S8,R,160,True,1920.0
8254,2025-06-15,S6,S22,SC,80,True,480.0
8255,2025-06-15,S29,S8,SC,105,True,630.0
8256,2025-06-15,S7,S4,R,15,True,180.0
8257,2025-06-15,S4,S36,SC,160,False,800.0
8258,2025-06-15,S20,S48,R,140,False,1400.0
8259,2025-06-15,S38,S46,R,40,True,480.0
8260,2025-06-15,S15,S48,S,165,False,660.0
8261,2025-06-15,S28,S30,SC,10,True,60.0
8262,2025-06-15,S16,S5,R,55,True,660.0
8263,2025-06-15,S47,S3,R,220,True,2640.0
8264,2025-06-15,S31,S12,S,95,True,456.0
8265,2025-06-15,S20,S26,S,30,True,144.0
8266,2025-06-15,S49,S16,S,165,False,660.0
8267,2025-06-15,S49,S43,S,30,True,144.0
8268,2025-06-15,S17,S38,SC,105,False,525.0
8269,2025-06-15,S14,S15,S,5,False,20.0
8270,2025-06-15,S5,S27,R,110,False,1100.0
8271,2025-06-15,S34,S35,S,5,True,24.0
8272,2025-06-15,S13,S1,SC,60,True,360.0
8273,2025-06-15,S31,S6,S,125,True,600.0
8274,2025-06-15,S49,S4,R,225,True,2700.0
8275,2025-06-15,S25,S36,S,55,False,220.0
8276,2025-06-15,S44,S28,S,80,False,320.0
8277,2025-06-15,S34,S4,SC,150,False,750.0
8278,2025-06-15,S22,S36,R,70,True,840.0
8279,2025-06-15,S45,S1,R,220,False,2200.0
8280,2025-06-15,S39,S41,R,10,False,100.0
8281,2025-06-15,S28,S11,S,85,False,340.0
8282,2025-06-15,S4,S49,R,225,True,2700.0
8283,2025-06-15,S34,S39,S,25,True,120.0
8284,2025-06-15,S43,S35,S,40,True,192.0
8285,2025-06-15,S12,S20,S,40,False,160.0
8286,2025-06-15,S35,S42,SC,35,True,210.0
8287,2025-06-15,S28,S46,SC,90,True,540.0
8288,2025-06-15,S30,S40,S,50,True,240.0
8289,2025-06-15,S35,S10,R,125,False,1250.0
8290,2025-06-15,S43,S1,SC,210,False,1050.0
8291,2025-06-15,S37,S14,SC,115,False,575.0
8292,2025-06-15,S18,S30,S,60,False,240.0
8293,2025-06-15,S25,S46,S,105,False,420.0
8294,2025-06-15,S39,S8,R,155,False,1550.0
8295,2025-06-15,S45,S14,SC,155,True,930.0
8296,2025-06-15,S8,S15,SC,35,True,210.0
8297,2025-06-15,S18,S22,SC,20,True,120.0
8298,2025-06-15,S37,S17,S,100,True,480.0
8299,2025-06-15,S28,S16,SC,60,False,300.0
8300,2025-06-15,S29,S8,S,105,True,504.0
8301,2025-06-16,S12,S25,R,65,True,780.0
8302,2025-06-16,S17,S1,SC,80,True,480.0
8303,2025-06-16,S45,S38,R,35,False,350.0
8304,2025-06-16,S34,S16,R,90,False,900.0
8305,2025-06-16,S7,S48,S,205,True,984.0
8306,2025-06-16,S24,S5,SC,95,True,570.0
8307,2025-06-16,S25,S37,SC,60,False,300.0
8308,2025-06-16,S14,S43,S,145,True,696.0
8309,2025-06-16,S25,S32,SC,35,True,210.0
8310,2025-06-16,S45,S41,SC,20,True,120.0
8311,2025-06-16,S18,S30,R,60,False,600.0
8312,2025-06-16,S48,S37,SC,55,True,330.0
8313,2025-06-16,S16,S15,R,5,False,50.0
8314,2025-06-16,S10,S29,SC,95,False,475.0
8315,2025-06-16,S33,S3,R,150,True,1800.0
8316,2025-06-16,S13,S10,R,15,True,180.0
8317,2025-06-16,S49,S27,R,110,True,1320.0
8318,2025-06-16,S49,S34,R,75,True,900.0
8319,2025-06-16,S48,S23,S,125,True,600.0
8320,2025-06-16,S38,S8,S,150,True,720.0
8321,2025-06-16,S22,S7,R,75,True,900.0
8322,2025-06-16,S43,S41,R,10,False,100.0
8323,2025-06-16,S48,S36,S,60,True,288.0
8324,2025-06-16,S6,S16,R,50,False,500.0
8325,2025-06-16,S27,S17,S,50,False,200.0
8326,2025-06-16,S2,S50,S,240,True,1152.0
8327,2025-06-16,S30,S16,R,70,False,700.0
8328,2025-06-16,S20,S12,S,40,False,160.0
8329,2025-06-16,S5,S24,S,95,False,380.0
8330,2025-06-16,S20,S25,R,25,True,300.0
8331,2025-06-16,S32,S12,R,100,False,1000.0
8332,2025-06-16,S5,S13,R,40,True,480.0
8333,2025-06-16,S5,S38,R,165,True,1980.0
8334,2025-06-16,S40,S24,R,80,False,800.0
8335,2025-06-16,S18,S45,R,135,False,1350.0
8336,2025-06-16,S25,S7,S,90,False,360.0
8337,2025-06-16,S37,S27,S,50,False,200.0
8338,2025-06-16,S28,S37,SC,45,True,270.0
8339,2025-06-16,S43,S36,S,35,False,140.0
8340,2025-06-16,S14,S31,R,85,True,1020.0
8341,2025-06-16,S32,S37,S,25,False,100.0
8342,2025-06-16,S15,S50,S,175,False,700.0
8343,2025-06-16,S26,S14,R,60,False,600.0
8344,2025-06-16,S11,S47,R,180,False,1800.0
8345,2025-06-16,S37,S2,SC,175,True,1050.0
8346,2025-06-16,S41,S19,S,110,False,440.0
8347,2025-06-16,S9,S10,SC,5,True,30.0
8348,2025-06-16,S50,S13,S,185,True,888.0
8349,2025-06-16,S33,S14,S,95,True,456.0
8350,2025-06-16,S34,S42,SC,40,False,200.0
8351,2025-06-17,S42,S37,SC,25,False,125.0
8352,2025-06-17,S2,S30,SC,140,True,840.0
8353,2025-06-17,S4,S23,SC,95,False,475.0
8354,2025-06-17,S38,S23,R,75,False,750.0
8355,2025-06-17,S34,S50,R,80,True,960.0
8356,2025-06-17,S16,S25,S,45,True,216.0
8357,2025-06-17,S27,S3,R,120,False,1200.0
8358,2025-06-17,S5,S18,R,65,True,780.0
8359,2025-06-17,S12,S46,SC,170,False,850.0
8360,2025-06-17,S13,S42,S,145,False,580.0
8361,2025-06-17,S9,S33,SC,120,True,720.0
8362,2025-06-17,S28,S23,S,25,True,120.0
8363,2025-06-17,S44,S33,SC,55,True,330.0
8364,2025-06-17,S47,S38,R,45,False,450.0
8365,2025-06-17,S7,S2,SC,25,False,125.0
8366,2025-06-17,S33,S35,SC,10,True,60.0
8367,2025-06-17,S43,S39,S,20,False,80.0
8368,2025-06-17,S15,S7,R,40,False,400.0
8369,2025-06-17,S8,S48,SC,200,True,1200.0
8370,2025-06-17,S12,S32,SC,100,False,500.0
8371,2025-06-17,S50,S34,R,80,True,960.0
8372,2025-06-17,S31,S26,S,25,True,120.0
8373,2025-06-17,S13,S35,SC,110,False,550.0
8374,2025-06-17,S19,S1,R,90,False,900.0
8375,2025-06-17,S37,S17,S,100,False,400.0
8376,2025-06-17,S17,S39,R,110,False,1100.0
8377,2025-06-17,S43,S30,S,65,False,260.0
8378,2025-06-17,S45,S49,SC,20,False,100.0
8379,2025-06-17,S15,S7,SC,40,False,200.0
8380,2025-06-17,S7,S32,SC,125,True,750.0
8381,2025-06-17,S32,S34,S,10,False,40.0
8382,2025-06-17,S9,S16,R,35,False,350.0
8383,2025-06-17,S16,S8,SC,40,False,200.0
8384,2025-06-17,S16,S31,S,75,True,360.0
8385,2025-06-17,S50,S25,S,125,False,500.0
8386,2025-06-17,S39,S49,R,50,True,600.0
8387,2025-06-17,S47,S26,S,105,False,420.0
8388,2025-06-17,S44,S28,S,80,True,384.0
8389,2025-06-17,S29,S4,SC,125,False,625.0
8390,2025-06-17,S11,S10,SC,5,True,30.0
8391,2025-06-17,S37,S47,SC,50,False,250.0
8392,2025-06-17,S10,S28,SC,90,False,450.0
8393,2025-06-17,S13,S48,SC,175,True,1050.0
8394,2025-06-17,S17,S5,S,60,False,240.0
8395,2025-06-17,S26,S15,S,55,True,264.0
8396,2025-06-17,S46,S36,S,50,False,200.0
8397,2025-06-17,S9,S1,S,40,False,160.0
8398,2025-06-17,S2,S32,S,150,False,600.0
8399,2025-06-17,S12,S39,R,135,False,1350.0
8400,2025-06-17,S46,S39,SC,35,False,175.0
8401,2025-06-18,S48,S49,S,5,True,24.0
8402,2025-06-18,S35,S49,SC,70,False,350.0
8403,2025-06-18,S24,S39,SC,75,False,375.0
8404,2025-06-18,S45,S16,S,145,True,696.0
8405,2025-06-18,S27,S5,R,110,True,1320.0
8406,2025-06-18,S25,S32,SC,35,True,210.0
8407,2025-06-18,S19,S47,S,140,True,672.0
8408,2025-06-18,S40,S43,R,15,True,180.0
8409,2025-06-18,S36,S18,S,90,True,432.0
8410,2025-06-18,S11,S13,S,10,True,48.0
8411,2025-06-18,S40,S5,SC,175,False,875.0
8412,2025-06-18,S33,S31,S,10,True,48.0
8413,2025-06-18,S22,S16,S,30,False,120.0
8414,2025-06-18,S15,S38,SC,115,True,690.0
8415,2025-06-18,S32,S30,SC,10,True,60.0
8416,2025-06-18,S8,S29,R,105,True,1260.0
8417,2025-06-18,S39,S45,SC,30,True,180.0
8418,2025-06-18,S8,S37,R,145,False,1450.0
8419,2025-06-18,S7,S1,SC,30,True,180.0
8420,2025-06-18,S14,S6,SC,40,False,200.0
8421,2025-06-18,S43,S13,R,150,True,1800.0
8422,2025-06-18,S1,S28,S,135,True,648.0
8423,2025-06-18,S48,S18,SC,150,False,750.0
8424,2025-06-18,S19,S37,R,90,True,1080.0
8425,2025-06-18,S16,S37,S,105,False,420.0
8426,2025-06-18,S43,S7,R,180,True,2160.0
8427,2025-06-18,S30,S10,SC,100,True,600.0
8428,2025-06-18,S27,S11,SC,80,True,480.0
8429,2025-06-18,S42,S48,SC,30,False,150.0
8430,2025-06-18,S8,S39,S,155,True,744.0
8431,2025-06-18,S33,S1,S,160,False,640.0
8432,2025-06-18,S45,S20,R,125,False,1250.0
8433,2025-06-18,S4,S22,SC,90,False,450.0
8434,2025-06-18,S19,S40,R,105,False,1050.0
8435,2025-06-18,S49,S37,SC,60,False,300.0
8436,2025-06-18,S47,S37,SC,50,True,300.0
8437,2025-06-18,S35,S24,S,55,True,264.0
8438,2025-06-18,S21,S8,S,65,True,312.0
8439,2025-06-18,S20,S14,R,30,True,360.0
8440,2025-06-18,S42,S14,SC,140,True,840.0
8441,2025-06-18,S36,S33,S,15,True,72.0
8442,2025-06-18,S35,S38,SC,15,False,75.0
8443,2025-06-18,S18,S17,S,5,True,24.0
8444,2025-06-18,S14,S25,R,55,False,550.0
8445,2025-06-18,S11,S23,S,60,True,288.0
8446,2025-06-18,S29,S25,SC,20,False,100.0
8447,2025-06-18,S43,S21,SC,110,False,550.0
8448,2025-06-18,S3,S49,S,230,False,920.0
8449,2025-06-18,S39,S35,R,20,False,200.0
8450,2025-06-18,S32,S49,SC,85,False,425.0
8451,2025-06-19,S26,S35,SC,45,True,270.0
8452,2025-06-19,S19,S37,R,90,True,1080.0
8453,2025-06-19,S41,S8,R,165,True,1980.0
8454,2025-06-19,S40,S14,S,130,True,624.0
8455,2025-06-19,S9,S36,SC,135,False,675.0
8456,2025-06-19,S25,S31,SC,30,True,180.0
8457,2025-06-19,S21,S27,R,30,False,300.0
8458,2025-06-19,S30,S20,R,50,False,500.0
8459,2025-06-19,S11,S45,S,170,False,680.0
8460,2025-06-19,S11,S24,S,65,True,312.0
8461,2025-06-19,S45,S30,S,75,True,360.0
8462,2025-06-19,S8,S34,SC,130,True,780.0
8463,2025-06-19,S6,S36,R,150,False,1500.0
8464,2025-06-19,S6,S15,SC,45,False,225.0
8465,2025-06-19,S5,S33,S,140,True,672.0
8466,2025-06-19,S25,S11,S,70,True,336.0
8467,2025-06-19,S36,S41,S,25,False,100.0
8468,2025-06-19,S26,S47,S,105,True,504.0
8469,2025-06-19,S14,S27,S,65,False,260.0
8470,2025-06-19,S9,S45,S,180,True,864.0
8471,2025-06-19,S36,S45,SC,45,True,270.0
8472,2025-06-19,S9,S46,S,185,False,740.0
8473,2025-06-19,S49,S39,S,50,True,240.0
8474,2025-06-19,S21,S50,R,145,False,1450.0
8475,2025-06-19,S22,S12,R,50,False,500.0
8476,2025-06-19,S1,S48,R,235,False,2350.0
8477,2025-06-19,S44,S19,SC,125,False,625.0
8478,2025-06-19,S34,S18,S,80,True,384.0
8479,2025-06-19,S21,S15,S,30,False,120.0
8480,2025-06-19,S50,S8,S,210,False,840.0
8481,2025-06-19,S31,S19,SC,60,False,300.0
8482,2025-06-19,S8,S47,SC,195,False,975.0
8483,2025-06-19,S15,S35,S,100,True,480.0
8484,2025-06-19,S15,S5,R,50,True,600.0
8485,2025-06-19,S37,S10,R,135,True,1620.0
8486,2025-06-19,S7,S45,SC,190,True,1140.0
8487,2025-06-19,S50,S1,R,245,True,2940.0
8488,2025-06-19,S15,S27,SC,60,True,360.0
8489,2025-06-19,S16,S11,SC,25,False,125.0
8490,2025-06-19,S28,S21,SC,35,True,210.0
8491,2025-06-19,S30,S41,S,55,True,264.0
8492,2025-06-19,S45,S8,SC,185,False,925.0
8493,2025-06-19,S15,S25,R,50,False,500.0
8494,2025-06-19,S30,S7,R,115,True,1380.0
8495,2025-06-19,S12,S7,S,25,False,100.0
8496,2025-06-19,S42,S32,S,50,False,200.0
8497,2025-06-19,S40,S34,SC,30,False,150.0
8498,2025-06-19,S22,S47,R,125,False,1250.0
8499,2025-06-19,S13,S31,SC,90,False,450.0
8500,2025-06-19,S25,S15,S,50,True,240.0
8501,2025-06-20,S49,S46,SC,15,True,90.0
8502,2025-06-20,S2,S10,R,40,True,480.0
8503,2025-06-20,S27,S17,R,50,True,600.0
8504,2025-06-20,S34,S3,SC,155,True,930.0
8505,2025-06-20,S30,S24,R,30,False,300.0
8506,2025-06-20,S36,S19,R,85,True,1020.0
8507,2025-06-20,S24,S26,SC,10,True,60.0
8508,2025-06-20,S22,S15,R,35,False,350.0
8509,2025-06-20,S43,S21,R,110,True,1320.0
8510,2025-06-20,S41,S25,SC,80,False,400.0
8511,2025-06-20,S35,S44,SC,45,True,270.0
8512,2025-06-20,S25,S11,S,70,False,280.0
8513,2025-06-20,S36,S45,S,45,True,216.0
8514,2025-06-20,S29,S43,R,70,True,840.0
8515,2025-06-20,S5,S48,SC,215,True,1290.0
8516,2025-06-20,S37,S49,R,60,True,720.0
8517,2025-06-20,S23,S17,R,30,False,300.0
8518,2025-06-20,S29,S31,R,10,False,100.0
8519,2025-06-20,S18,S13,SC,25,False,125.0
8520,2025-06-20,S5,S41,S,180,True,864.0
8521,2025-06-20,S28,S3,SC,125,False,625.0
8522,2025-06-20,S45,S10,R,175,False,1750.0
8523,2025-06-20,S32,S47,R,75,True,900.0
8524,2025-06-20,S30,S32,SC,10,False,50.0
8525,2025-06-20,S48,S25,SC,115,True,690.0
8526,2025-06-20,S36,S20,SC,80,False,400.0
8527,2025-06-20,S16,S24,S,40,True,192.0
8528,2025-06-20,S41,S30,S,55,False,220.0
8529,2025-06-20,S38,S30,SC,40,False,200.0
8530,2025-06-20,S19,S25,S,30,False,120.0
8531,2025-06-20,S25,S4,R,105,True,1260.0
8532,2025-06-20,S32,S21,R,55,True,660.0
8533,2025-06-20,S25,S40,R,75,False,750.0
8534,2025-06-20,S38,S47,S,45,True,216.0
8535,2025-06-20,S20,S26,R,30,False,300.0
8536,2025-06-20,S14,S11,SC,15,False,75.0
8537,2025-06-20,S24,S22,R,10,False,100.0
8538,2025-06-20,S47,S38,SC,45,False,225.0
8539,2025-06-20,S24,S6,R,90,True,1080.0
8540,2025-06-20,S16,S44,SC,140,True,840.0
8541,2025-06-20,S33,S31,R,10,True,120.0
8542,2025-06-20,S27,S14,R,65,False,650.0
8543,2025-06-20,S2,S23,R,105,True,1260.0
8544,2025-06-20,S14,S6,SC,40,False,200.0
8545,2025-06-20,S29,S1,S,140,True,672.0
8546,2025-06-20,S35,S13,S,110,True,528.0
8547,2025-06-20,S17,S40,R,115,True,1380.0
8548,2025-06-20,S26,S13,S,65,False,260.0
8549,2025-06-20,S31,S20,S,55,True,264.0
8550,2025-06-20,S19,S31,SC,60,True,360.0
8551,2025-06-21,S41,S22,R,95,True,1140.0
8552,2025-06-21,S20,S48,SC,140,False,700.0
8553,2025-06-21,S19,S46,S,135,False,540.0
8554,2025-06-21,S20,S45,SC,125,False,625.0
8555,2025-06-21,S22,S39,S,85,True,408.0
8556,2025-06-21,S24,S21,R,15,True,180.0
8557,2025-06-21,S18,S1,R,85,True,1020.0
8558,2025-06-21,S30,S14,SC,80,True,480.0
8559,2025-06-21,S16,S9,S,35,False,140.0
8560,2025-06-21,S50,S45,R,25,True,300.0
8561,2025-06-21,S33,S39,S,30,True,144.0
8562,2025-06-21,S10,S25,SC,75,False,375.0
8563,2025-06-21,S35,S33,S,10,False,40.0
8564,2025-06-21,S14,S8,R,30,False,300.0
8565,2025-06-21,S15,S28,S,65,True,312.0
8566,2025-06-21,S26,S47,R,105,False,1050.0
8567,2025-06-21,S50,S43,R,35,False,350.0
8568,2025-06-21,S16,S15,R,5,True,60.0
8569,2025-06-21,S40,S22,R,90,True,1080.0
8570,2025-06-21,S46,S31,SC,75,True,450.0
8571,2025-06-21,S46,S9,S,185,True,888.0
8572,2025-06-21,S47,S33,SC,70,False,350.0
8573,2025-06-21,S3,S10,R,35,False,350.0
8574,2025-06-21,S20,S32,R,60,False,600.0
8575,2025-06-21,S32,S12,R,100,False,1000.0
8576,2025-06-21,S43,S10,R,165,True,1980.0
8577,2025-06-21,S16,S42,R,130,True,1560.0
8578,2025-06-21,S19,S22,S,15,False,60.0
8579,2025-06-21,S18,S49,SC,155,False,775.0
8580,2025-06-21,S12,S17,R,25,True,300.0
8581,2025-06-21,S12,S37,S,125,False,500.0
8582,2025-06-21,S26,S40,SC,70,True,420.0
8583,2025-06-21,S27,S48,S,105,False,420.0
8584,2025-06-21,S37,S33,R,20,True,240.0
8585,2025-06-21,S5,S25,R,100,False,1000.0
8586,2025-06-21,S31,S24,R,35,False,350.0
8587,2025-06-21,S45,S48,SC,15,True,90.0
8588,2025-06-21,S39,S37,S,10,True,48.0
8589,2025-06-21,S5,S19,SC,70,False,350.0
8590,2025-06-21,S47,S26,S,105,False,420.0
8591,2025-06-21,S21,S4,R,85,False,850.0
8592,2025-06-21,S43,S3,SC,200,True,1200.0
8593,2025-06-21,S45,S21,R,120,True,1440.0
8594,2025-06-21,S23,S39,SC,80,True,480.0
8595,2025-06-21,S40,S48,R,40,False,400.0
8596,2025-06-21,S34,S48,R,70,True,840.0
8597,2025-06-21,S43,S22,R,105,False,1050.0
8598,2025-06-21,S50,S42,R,40,False,400.0
8599,2025-06-21,S25,S15,S,50,True,240.0
8600,2025-06-21,S39,S22,R,85,True,1020.0
8601,2025-06-22,S11,S31,SC,100,True,600.0
8602,2025-06-22,S18,S39,S,105,False,420.0
8603,2025-06-22,S20,S29,R,45,True,540.0
8604,2025-06-22,S40,S33,R,35,True,420.0
8605,2025-06-22,S48,S24,S,120,False,480.0
8606,2025-06-22,S13,S20,SC,35,False,175.0
8607,2025-06-22,S26,S1,R,125,True,1500.0
8608,2025-06-22,S41,S34,S,35,True,168.0
8609,2025-06-22,S21,S38,S,85,False,340.0
8610,2025-06-22,S27,S16,S,55,True,264.0
8611,2025-06-22,S2,S12,R,50,False,500.0
8612,2025-06-22,S50,S20,SC,150,False,750.0
8613,2025-06-22,S27,S1,S,130,True,624.0
8614,2025-06-22,S49,S13,R,180,False,1800.0
8615,2025-06-22,S47,S19,SC,140,True,840.0
8616,2025-06-22,S45,S34,S,55,True,264.0
8617,2025-06-22,S9,S41,SC,160,True,960.0
8618,2025-06-22,S21,S48,SC,135,False,675.0
8619,2025-06-22,S4,S36,S,160,False,640.0
8620,2025-06-22,S13,S40,SC,135,True,810.0
8621,2025-06-22,S31,S18,SC,65,True,390.0
8622,2025-06-22,S48,S35,S,65,True,312.0
8623,2025-06-22,S47,S36,S,55,True,264.0
8624,2025-06-22,S26,S41,S,75,False,300.0
8625,2025-06-22,S49,S41,R,40,False,400.0
8626,2025-06-22,S10,S11,R,5,False,50.0
8627,2025-06-22,S12,S48,S,180,True,864.0
8628,2025-06-22,S14,S35,R,105,False,1050.0
8629,2025-06-22,S27,S22,SC,25,False,125.0
8630,2025-06-22,S32,S50,R,90,False,900.0
8631,2025-06-22,S35,S14,R,105,False,1050.0
8632,2025-06-22,S40,S7,SC,165,True,990.0
8633,2025-06-22,S10,S36,R,130,True,1560.0
8634,2025-06-22,S34,S1,R,165,False,1650.0
8635,2025-06-22,S48,S9,S,195,True,936.0
8636,2025-06-22,S16,S18,R,10,True,120.0
8637,2025-06-22,S36,S43,SC,35,False,175.0
8638,2025-06-22,S3,S50,R,235,False,2350.0
8639,2025-06-22,S9,S18,R,45,True,540.0
8640,2025-06-22,S19,S48,R,145,True,1740.0
8641,2025-06-22,S11,S16,SC,25,True,150.0
8642,2025-06-22,S23,S13,SC,50,True,300.0
8643,2025-06-22,S27,S13,SC,70,True,420.0
8644,2025-06-22,S42,S33,SC,45,True,270.0
8645,2025-06-22,S1,S22,SC,105,True,630.0
8646,2025-06-22,S49,S5,S,220,False,880.0
8647,2025-06-22,S3,S29,SC,130,False,650.0
8648,2025-06-22,S32,S1,R,155,False,1550.0
8649,2025-06-22,S31,S20,S,55,False,220.0
8650,2025-06-22,S42,S12,SC,150,False,750.0
8651,2025-06-23,S14,S17,S,15,True,72.0
8652,2025-06-23,S30,S48,R,90,False,900.0
8653,2025-06-23,S25,S36,S,55,True,264.0
8654,2025-06-23,S7,S17,S,50,False,200.0
8655,2025-06-23,S22,S49,S,135,False,540.0
8656,2025-06-23,S18,S15,R,15,False,150.0
8657,2025-06-23,S44,S21,S,115,False,460.0
8658,2025-06-23,S38,S18,S,100,False,400.0
8659,2025-06-23,S11,S43,R,160,False,1600.0
8660,2025-06-23,S15,S37,S,110,False,440.0
8661,2025-06-23,S14,S11,SC,15,False,75.0
8662,2025-06-23,S47,S12,R,175,False,1750.0
8663,2025-06-23,S10,S27,S,85,False,340.0
8664,2025-06-23,S22,S20,S,10,False,40.0
8665,2025-06-23,S29,S30,S,5,True,24.0
8666,2025-06-23,S16,S9,R,35,False,350.0
8667,2025-06-23,S29,S7,S,110,False,440.0
8668,2025-06-23,S6,S15,S,45,True,216.0
8669,2025-06-23,S26,S50,R,120,False,1200.0
8670,2025-06-23,S33,S7,R,130,False,1300.0
8671,2025-06-23,S3,S12,SC,45,True,270.0
8672,2025-06-23,S6,S33,R,135,False,1350.0
8673,2025-06-23,S1,S38,S,185,True,888.0
8674,2025-06-23,S40,S3,SC,185,False,925.0
8675,2025-06-23,S29,S50,S,105,True,504.0
8676,2025-06-23,S35,S36,S,5,True,24.0
8677,2025-06-23,S17,S19,SC,10,True,60.0
8678,2025-06-23,S40,S4,SC,180,False,900.0
8679,2025-06-23,S37,S11,R,130,True,1560.0
8680,2025-06-23,S1,S22,S,105,False,420.0
8681,2025-06-23,S17,S1,R,80,True,960.0
8682,2025-06-23,S45,S17,S,140,False,560.0
8683,2025-06-23,S14,S35,S,105,False,420.0
8684,2025-06-23,S6,S19,R,65,True,780.0
8685,2025-06-23,S5,S10,SC,25,False,125.0
8686,2025-06-23,S50,S12,S,190,True,912.0
8687,2025-06-23,S23,S2,R,105,False,1050.0
8688,2025-06-23,S16,S30,SC,70,True,420.0
8689,2025-06-23,S10,S35,SC,125,False,625.0
8690,2025-06-23,S37,S7,SC,150,True,900.0
8691,2025-06-23,S37,S41,SC,20,False,100.0
8692,2025-06-23,S50,S38,SC,60,False,300.0
8693,2025-06-23,S31,S22,SC,45,False,225.0
8694,2025-06-23,S14,S46,SC,160,True,960.0
8695,2025-06-23,S22,S43,R,105,False,1050.0
8696,2025-06-23,S19,S29,SC,50,False,250.0
8697,2025-06-23,S18,S50,R,160,False,1600.0
8698,2025-06-23,S3,S14,S,55,False,220.0
8699,2025-06-23,S4,S33,S,145,True,696.0
8700,2025-06-23,S19,S39,R,100,True,1200.0
8701,2025-06-24,S15,S2,R,65,False,650.0
8702,2025-06-24,S2,S8,S,30,True,144.0
8703,2025-06-24,S40,S44,SC,20,False,100.0
8704,2025-06-24,S40,S1,R,195,True,2340.0
8705,2025-06-24,S6,S20,SC,70,False,350.0
8706,2025-06-24,S32,S1,R,155,False,1550.0
8707,2025-06-24,S24,S27,SC,15,False,75.0
8708,2025-06-24,S14,S1,SC,65,True,390.0
8709,2025-06-24,S9,S32,S,115,True,552.0
8710,2025-06-24,S33,S12,R,105,True,1260.0
8711,2025-06-24,S2,S34,SC,160,False,800.0
8712,2025-06-24,S17,S39,R,110,True,1320.0
8713,2025-06-24,S50,S15,R,175,False,1750.0
8714,2025-06-24,S37,S11,S,130,False,520.0
8715,2025-06-24,S22,S28,SC,30,False,150.0
8716,2025-06-24,S12,S6,S,30,True,144.0
8717,2025-06-24,S14,S17,S,15,False,60.0
8718,2025-06-24,S14,S33,R,95,True,1140.0
8719,2025-06-24,S41,S12,R,145,False,1450.0
8720,2025-06-24,S34,S40,SC,30,True,180.0
8721,2025-06-24,S11,S44,S,165,False,660.0
8722,2025-06-24,S7,S4,S,15,False,60.0
8723,2025-06-24,S9,S30,R,105,False,1050.0
8724,2025-06-24,S35,S45,S,50,True,240.0
8725,2025-06-24,S15,S36,SC,105,True,630.0
8726,2025-06-24,S45,S43,SC,10,True,60.0
8727,2025-06-24,S47,S39,R,40,True,480.0
8728,2025-06-24,S39,S50,SC,55,False,275.0
8729,2025-06-24,S7,S22,S,75,True,360.0
8730,2025-06-24,S44,S31,S,65,False,260.0
8731,2025-06-24,S17,S42,S,125,True,600.0
8732,2025-06-24,S40,S30,SC,50,False,250.0
8733,2025-06-24,S36,S19,R,85,True,1020.0
8734,2025-06-24,S38,S9,R,145,False,1450.0
8735,2025-06-24,S40,S13,SC,135,True,810.0
8736,2025-06-24,S39,S43,SC,20,True,120.0
8737,2025-06-24,S32,S50,S,90,True,432.0
8738,2025-06-24,S17,S3,SC,70,False,350.0
8739,2025-06-24,S45,S7,R,190,True,2280.0
8740,2025-06-24,S6,S12,SC,30,False,150.0
8741,2025-06-24,S14,S32,S,90,True,432.0
8742,2025-06-24,S46,S43,S,15,True,72.0
8743,2025-06-24,S9,S3,R,30,True,360.0
8744,2025-06-24,S14,S30,S,80,False,320.0
8745,2025-06-24,S33,S4,R,145,True,1740.0
8746,2025-06-24,S5,S33,S,140,False,560.0
8747,2025-06-24,S39,S37,SC,10,True,60.0
8748,2025-06-24,S26,S49,S,115,False,460.0
8749,2025-06-24,S7,S34,R,135,True,1620.0
8750,2025-06-24,S21,S18,SC,15,True,90.0
8751,2025-06-25,S38,S19,R,95,False,950.0
8752,2025-06-25,S1,S28,S,135,True,648.0
8753,2025-06-25,S48,S6,S,210,False,840.0
8754,2025-06-25,S31,S34,R,15,False,150.0
8755,2025-06-25,S25,S6,SC,95,False,475.0
8756,2025-06-25,S9,S30,R,105,False,1050.0
8757,2025-06-25,S48,S1,R,235,True,2820.0
8758,2025-06-25,S46,S7,SC,195,False,975.0
8759,2025-06-25,S2,S36,S,170,False,680.0
8760,2025-06-25,S13,S27,SC,70,False,350.0
8761,2025-06-25,S43,S41,S,10,True,48.0
8762,2025-06-25,S36,S24,SC,60,False,300.0
8763,2025-06-25,S19,S46,SC,135,False,675.0
8764,2025-06-25,S26,S15,R,55,True,660.0
8765,2025-06-25,S4,S13,S,45,True,216.0
8766,2025-06-25,S31,S14,SC,85,True,510.0
8767,2025-06-25,S45,S33,SC,60,True,360.0
8768,2025-06-25,S27,S31,S,20,True,96.0
8769,2025-06-25,S31,S35,SC,20,False,100.0
8770,2025-06-25,S34,S32,SC,10,True,60.0
8771,2025-06-25,S8,S39,S,155,False,620.0
8772,2025-06-25,S35,S49,S,70,False,280.0
8773,2025-06-25,S24,S23,R,5,False,50.0
8774,2025-06-25,S29,S34,SC,25,True,150.0
8775,2025-06-25,S26,S12,S,70,False,280.0
8776,2025-06-25,S28,S12,S,80,False,320.0
8777,2025-06-25,S15,S20,S,25,True,120.0
8778,2025-06-25,S15,S22,R,35,True,420.0
8779,2025-06-25,S15,S36,S,105,False,420.0
8780,2025-06-25,S35,S22,S,65,False,260.0
8781,2025-06-25,S36,S43,SC,35,False,175.0
8782,2025-06-25,S40,S41,SC,5,False,25.0
8783,2025-06-25,S44,S23,SC,105,True,630.0
8784,2025-06-25,S10,S41,S,155,True,744.0
8785,2025-06-25,S2,S4,S,10,True,48.0
8786,2025-06-25,S18,S47,R,145,True,1740.0
8787,2025-06-25,S2,S26,R,120,True,1440.0
8788,2025-06-25,S16,S24,S,40,False,160.0
8789,2025-06-25,S13,S35,SC,110,True,660.0
8790,2025-06-25,S50,S41,SC,45,True,270.0
8791,2025-06-25,S11,S15,SC,20,True,120.0
8792,2025-06-25,S46,S36,SC,50,True,300.0
8793,2025-06-25,S12,S3,R,45,False,450.0
8794,2025-06-25,S19,S2,R,85,True,1020.0
8795,2025-06-25,S24,S46,S,110,False,440.0
8796,2025-06-25,S49,S31,R,90,False,900.0
8797,2025-06-25,S14,S15,SC,5,True,30.0
8798,2025-06-25,S21,S14,R,35,True,420.0
8799,2025-06-25,S14,S15,S,5,False,20.0
8800,2025-06-25,S39,S9,SC,150,False,750.0
8801,2025-06-26,S13,S46,S,165,False,660.0
8802,2025-06-26,S36,S13,S,115,False,460.0
8803,2025-06-26,S29,S41,R,60,True,720.0
8804,2025-06-26,S25,S13,S,60,False,240.0
8805,2025-06-26,S29,S22,R,35,False,350.0
8806,2025-06-26,S22,S16,R,30,False,300.0
8807,2025-06-26,S14,S13,R,5,True,60.0
8808,2025-06-26,S19,S42,SC,115,False,575.0
8809,2025-06-26,S12,S21,R,45,False,450.0
8810,2025-06-26,S17,S41,R,120,False,1200.0
8811,2025-06-26,S44,S20,R,120,True,1440.0
8812,2025-06-26,S36,S30,SC,30,False,150.0
8813,2025-06-26,S39,S42,S,15,False,60.0
8814,2025-06-26,S28,S25,SC,15,False,75.0
8815,2025-06-26,S20,S46,R,130,True,1560.0
8816,2025-06-26,S4,S37,SC,165,True,990.0
8817,2025-06-26,S18,S38,S,100,False,400.0
8818,2025-06-26,S6,S25,SC,95,False,475.0
8819,2025-06-26,S47,S13,S,170,True,816.0
8820,2025-06-26,S11,S21,SC,50,False,250.0
8821,2025-06-26,S36,S43,R,35,False,350.0
8822,2025-06-26,S47,S12,S,175,False,700.0
8823,2025-06-26,S12,S23,R,55,False,550.0
8824,2025-06-26,S8,S16,R,40,True,480.0
8825,2025-06-26,S8,S24,SC,80,True,480.0
8826,2025-06-26,S4,S29,SC,125,True,750.0
8827,2025-06-26,S44,S36,S,40,False,160.0
8828,2025-06-26,S10,S8,S,10,False,40.0
8829,2025-06-26,S15,S31,R,80,True,960.0
8830,2025-06-26,S15,S30,SC,75,False,375.0
8831,2025-06-26,S27,S21,SC,30,True,180.0
8832,2025-06-26,S35,S38,R,15,True,180.0
8833,2025-06-26,S1,S20,R,95,False,950.0
8834,2025-06-26,S19,S22,R,15,False,150.0
8835,2025-06-26,S20,S26,R,30,True,360.0
8836,2025-06-26,S42,S43,R,5,False,50.0
8837,2025-06-26,S28,S44,S,80,True,384.0
8838,2025-06-26,S14,S30,SC,80,False,400.0
8839,2025-06-26,S17,S49,R,160,True,1920.0
8840,2025-06-26,S22,S34,S,60,True,288.0
8841,2025-06-26,S17,S46,S,145,True,696.0
8842,2025-06-26,S35,S4,SC,155,False,775.0
8843,2025-06-26,S2,S22,R,100,False,1000.0
8844,2025-06-26,S43,S30,SC,65,True,390.0
8845,2025-06-26,S3,S26,S,115,True,552.0
8846,2025-06-26,S8,S9,S,5,False,20.0
8847,2025-06-26,S48,S47,S,5,False,20.0
8848,2025-06-26,S10,S47,S,185,False,740.0
8849,2025-06-26,S18,S48,SC,150,True,900.0
8850,2025-06-26,S49,S34,SC,75,True,450.0
8851,2025-06-27,S50,S36,R,70,True,840.0
8852,2025-06-27,S44,S50,SC,30,True,180.0
8853,2025-06-27,S3,S49,S,230,True,1104.0
8854,2025-06-27,S19,S13,SC,30,False,150.0
8855,2025-06-27,S45,S50,SC,25,True,150.0
8856,2025-06-27,S46,S16,SC,150,True,900.0
8857,2025-06-27,S12,S19,SC,35,True,210.0
8858,2025-06-27,S47,S14,SC,165,True,990.0
8859,2025-06-27,S27,S31,S,20,True,96.0
8860,2025-06-27,S44,S6,R,190,True,2280.0
8861,2025-06-27,S5,S35,R,150,False,1500.0
8862,2025-06-27,S50,S25,S,125,False,500.0
8863,2025-06-27,S25,S50,R,125,True,1500.0
8864,2025-06-27,S41,S28,SC,65,False,325.0
8865,2025-06-27,S8,S43,SC,175,True,1050.0
8866,2025-06-27,S26,S44,S,90,True,432.0
8867,2025-06-27,S33,S41,S,40,True,192.0
8868,2025-06-27,S11,S34,SC,115,True,690.0
8869,2025-06-27,S21,S46,R,125,True,1500.0
8870,2025-06-27,S29,S23,S,30,False,120.0
8871,2025-06-27,S6,S25,R,95,False,950.0
8872,2025-06-27,S9,S23,S,70,False,280.0
8873,2025-06-27,S15,S39,S,120,False,480.0
8874,2025-06-27,S32,S29,R,15,True,180.0
8875,2025-06-27,S48,S33,S,75,True,360.0
8876,2025-06-27,S47,S18,R,145,True,1740.0
8877,2025-06-27,S50,S14,SC,180,True,1080.0
8878,2025-06-27,S27,S7,SC,100,False,500.0
8879,2025-06-27,S25,S45,R,100,True,1200.0
8880,2025-06-27,S11,S35,R,120,True,1440.0
8881,2025-06-27,S17,S3,S,70,True,336.0
8882,2025-06-27,S32,S49,R,85,False,850.0
8883,2025-06-27,S24,S3,S,105,True,504.0
8884,2025-06-27,S8,S35,S,135,True,648.0
8885,2025-06-27,S37,S36,SC,5,False,25.0
8886,2025-06-27,S20,S12,SC,40,False,200.0
8887,2025-06-27,S46,S18,R,140,False,1400.0
8888,2025-06-27,S38,S4,R,170,False,1700.0
8889,2025-06-27,S40,S39,S,5,True,24.0
8890,2025-06-27,S11,S14,S,15,False,60.0
8891,2025-06-27,S19,S7,SC,60,True,360.0
8892,2025-06-27,S30,S17,R,65,False,650.0
8893,2025-06-27,S44,S45,SC,5,False,25.0
8894,2025-06-27,S31,S2,SC,145,True,870.0
8895,2025-06-27,S37,S40,SC,15,False,75.0
8896,2025-06-27,S39,S35,R,20,True,240.0
8897,2025-06-27,S14,S15,S,5,True,24.0
8898,2025-06-27,S41,S47,R,30,False,300.0
8899,2025-06-27,S45,S9,R,180,True,2160.0
8900,2025-06-27,S8,S20,R,60,True,720.0
8901,2025-06-28,S18,S38,SC,100,True,600.0
8902,2025-06-28,S21,S43,S,110,True,528.0
8903,2025-06-28,S17,S18,S,5,True,24.0
8904,2025-06-28,S6,S32,SC,130,False,650.0
8905,2025-06-28,S35,S2,R,165,True,1980.0
8906,2025-06-28,S26,S40,R,70,True,840.0
8907,2025-06-28,S2,S23,R,105,False,1050.0
8908,2025-06-28,S5,S16,S,55,False,220.0
8909,2025-06-28,S1,S46,SC,225,True,1350.0
8910,2025-06-28,S44,S18,SC,130,True,780.0
8911,2025-06-28,S33,S11,S,110,True,528.0
8912,2025-06-28,S2,S22,S,100,True,480.0
8913,2025-06-28,S4,S41,S,185,False,740.0
8914,2025-06-28,S4,S50,R,230,True,2760.0
8915,2025-06-28,S37,S41,R,20,True,240.0
8916,2025-06-28,S23,S38,R,75,True,900.0
8917,2025-06-28,S38,S28,SC,50,False,250.0
8918,2025-06-28,S8,S40,R,160,False,1600.0
8919,2025-06-28,S28,S35,SC,35,True,210.0
8920,2025-06-28,S17,S27,S,50,True,240.0
8921,2025-06-28,S35,S5,R,150,False,1500.0
8922,2025-06-28,S24,S13,S,55,True,264.0
8923,2025-06-28,S13,S33,S,100,True,480.0
8924,2025-06-28,S3,S2,R,5,True,60.0
8925,2025-06-28,S41,S45,S,20,True,96.0
8926,2025-06-28,S50,S2,SC,240,True,1440.0
8927,2025-06-28,S50,S38,SC,60,False,300.0
8928,2025-06-28,S43,S31,SC,60,True,360.0
8929,2025-06-28,S4,S11,SC,35,False,175.0
8930,2025-06-28,S16,S2,SC,70,False,350.0
8931,2025-06-28,S26,S41,SC,75,True,450.0
8932,2025-06-28,S5,S29,SC,120,True,720.0
8933,2025-06-28,S7,S2,R,25,False,250.0
8934,2025-06-28,S42,S8,R,170,False,1700.0
8935,2025-06-28,S19,S49,R,150,True,1800.0
8936,2025-06-28,S15,S35,S,100,False,400.0
8937,2025-06-28,S7,S19,R,60,False,600.0
8938,2025-06-28,S30,S6,SC,120,True,720.0
8939,2025-06-28,S30,S5,SC,125,False,625.0
8940,2025-06-28,S31,S30,R,5,True,60.0
8941,2025-06-28,S44,S11,R,165,False,1650.0
8942,2025-06-28,S6,S29,R,115,True,1380.0
8943,2025-06-28,S47,S10,SC,185,False,925.0
8944,2025-06-28,S41,S26,S,75,True,360.0
8945,2025-06-28,S9,S44,S,175,False,700.0
8946,2025-06-28,S49,S48,SC,5,True,30.0
8947,2025-06-28,S17,S46,S,145,False,580.0
8948,2025-06-28,S19,S23,SC,20,True,120.0
8949,2025-06-28,S21,S44,R,115,True,1380.0
8950,2025-06-28,S18,S20,R,10,True,120.0
8951,2025-06-29,S30,S6,SC,120,True,720.0
8952,2025-06-29,S9,S6,R,15,False,150.0
8953,2025-06-29,S34,S46,R,60,True,720.0
8954,2025-06-29,S34,S9,R,125,True,1500.0
8955,2025-06-29,S12,S39,SC,135,True,810.0
8956,2025-06-29,S17,S13,SC,20,True,120.0
8957,2025-06-29,S46,S11,R,175,True,2100.0
8958,2025-06-29,S5,S6,S,5,True,24.0
8959,2025-06-29,S45,S26,SC,95,True,570.0
8960,2025-06-29,S8,S14,S,30,False,120.0
8961,2025-06-29,S33,S23,SC,50,False,250.0
8962,2025-06-29,S39,S40,SC,5,True,30.0
8963,2025-06-29,S21,S48,S,135,True,648.0
8964,2025-06-29,S31,S11,S,100,True,480.0
8965,2025-06-29,S43,S9,SC,170,True,1020.0
8966,2025-06-29,S21,S11,R,50,False,500.0
8967,2025-06-29,S40,S46,S,30,True,144.0
8968,2025-06-29,S28,S19,S,45,False,180.0
8969,2025-06-29,S23,S38,R,75,True,900.0
8970,2025-06-29,S7,S23,R,80,True,960.0
8971,2025-06-29,S35,S21,R,70,False,700.0
8972,2025-06-29,S21,S14,S,35,False,140.0
8973,2025-06-29,S20,S37,S,85,True,408.0
8974,2025-06-29,S35,S45,R,50,True,600.0
8975,2025-06-29,S16,S8,R,40,True,480.0
8976,2025-06-29,S46,S25,S,105,True,504.0
8977,2025-06-29,S47,S15,SC,160,True,960.0
8978,2025-06-29,S25,S8,S,85,True,408.0
8979,2025-06-29,S44,S49,R,25,False,250.0
8980,2025-06-29,S43,S19,S,120,True,576.0
8981,2025-06-29,S25,S40,R,75,False,750.0
8982,2025-06-29,S31,S32,R,5,False,50.0
8983,2025-06-29,S16,S28,S,60,False,240.0
8984,2025-06-29,S20,S7,R,65,False,650.0
8985,2025-06-29,S22,S45,S,115,False,460.0
8986,2025-06-29,S34,S23,R,55,True,660.0
8987,2025-06-29,S40,S35,R,25,True,300.0
8988,2025-06-29,S22,S42,SC,100,True,600.0
8989,2025-06-29,S29,S50,S,105,True,504.0
8990,2025-06-29,S28,S38,R,50,True,600.0
8991,2025-06-29,S45,S33,R,60,False,600.0
8992,2025-06-29,S14,S49,SC,175,True,1050.0
8993,2025-06-29,S18,S37,SC,95,True,570.0
8994,2025-06-29,S13,S38,S,125,False,500.0
8995,2025-06-29,S40,S26,SC,70,True,420.0
8996,2025-06-29,S9,S30,S,105,True,504.0
8997,2025-06-29,S45,S31,R,70,True,840.0
8998,2025-06-29,S26,S17,S,45,True,216.0
8999,2025-06-29,S4,S9,S,25,False,100.0
9000,2025-06-29,S44,S32,SC,60,False,300.0
9001,2025-06-30,S50,S37,R,65,True,780.0
9002,2025-06-30,S39,S15,R,120,True,1440.0
9003,2025-06-30,S27,S35,S,40,True,192.0
9004,2025-06-30,S28,S17,SC,55,False,275.0
9005,2025-06-30,S38,S43,S,25,True,120.0
9006,2025-06-30,S24,S23,R,5,True,60.0
9007,2025-06-30,S46,S16,R,150,True,1800.0
9008,2025-06-30,S14,S34,R,100,True,1200.0
9009,2025-06-30,S11,S28,SC,85,False,425.0
9010,2025-06-30,S41,S48,SC,35,False,175.0
9011,2025-06-30,S25,S26,S,5,False,20.0
9012,2025-06-30,S17,S43,R,130,False,1300.0
9013,2025-06-30,S13,S45,R,160,True,1920.0
9014,2025-06-30,S43,S21,S,110,False,440.0
9015,2025-06-30,S11,S23,S,60,False,240.0
9016,2025-06-30,S30,S26,SC,20,True,120.0
9017,2025-06-30,S5,S11,R,30,True,360.0
9018,2025-06-30,S1,S7,S,30,False,120.0
9019,2025-06-30,S10,S17,SC,35,False,175.0
9020,2025-06-30,S37,S4,R,165,True,1980.0
9021,2025-06-30,S21,S42,S,105,True,504.0
9022,2025-06-30,S39,S41,SC,10,False,50.0
9023,2025-06-30,S46,S35,R,55,True,660.0
9024,2025-06-30,S9,S14,R,25,True,300.0
9025,2025-06-30,S8,S27,SC,95,False,475.0
9026,2025-06-30,S23,S34,S,55,False,220.0
9027,2025-06-30,S39,S34,S,25,False,100.0
9028,2025-06-30,S13,S26,R,65,False,650.0
9029,2025-06-30,S45,S25,SC,100,False,500.0
9030,2025-06-30,S49,S28,S,105,True,504.0
9031,2025-06-30,S17,S50,S,165,True,792.0
9032,2025-06-30,S32,S27,S,25,False,100.0
9033,2025-06-30,S11,S23,S,60,True,288.0
9034,2025-06-30,S42,S1,S,205,False,820.0
9035,2025-06-30,S13,S5,SC,40,True,240.0
9036,2025-06-30,S8,S12,SC,20,False,100.0
9037,2025-06-30,S38,S35,S,15,True,72.0
9038,2025-06-30,S31,S18,R,65,True,780.0
9039,2025-06-30,S26,S18,S,40,True,192.0
9040,2025-06-30,S49,S18,R,155,True,1860.0
9041,2025-06-30,S26,S50,S,120,True,576.0
9042,2025-06-30,S4,S3,R,5,False,50.0
9043,2025-06-30,S18,S31,SC,65,False,325.0
9044,2025-06-30,S32,S5,SC,135,False,675.0
9045,2025-06-30,S25,S22,S,15,True,72.0
9046,2025-06-30,S47,S43,R,20,True,240.0
9047,2025-06-30,S5,S19,SC,70,False,350.0
9048,2025-06-30,S27,S14,R,65,False,650.0
9049,2025-06-30,S18,S14,S,20,True,96.0
9050,2025-06-30,S44,S37,SC,35,False,175.0
9051,2025-07-01,S26,S46,R,100,False,1000.0
9052,2025-07-01,S40,S17,S,115,True,552.0
9053,2025-07-01,S38,S45,SC,35,True,210.0
9054,2025-07-01,S9,S40,SC,155,True,930.0
9055,2025-07-01,S24,S33,R,45,True,540.0
9056,2025-07-01,S35,S13,SC,110,True,660.0
9057,2025-07-01,S7,S46,SC,195,False,975.0
9058,2025-07-01,S36,S4,R,160,True,1920.0
9059,2025-07-01,S17,S45,S,140,False,560.0
9060,2025-07-01,S6,S12,SC,30,False,150.0
9061,2025-07-01,S33,S49,R,80,False,800.0
9062,2025-07-01,S48,S23,SC,125,False,625.0
9063,2025-07-01,S32,S26,R,30,True,360.0
9064,2025-07-01,S33,S41,S,40,False,160.0
9065,2025-07-01,S44,S7,S,185,False,740.0
9066,2025-07-01,S41,S6,S,175,True,840.0
9067,2025-07-01,S49,S44,S,25,True,120.0
9068,2025-07-01,S42,S27,S,75,True,360.0
9069,2025-07-01,S29,S43,S,70,True,336.0
9070,2025-07-01,S12,S24,S,60,False,240.0
9071,2025-07-01,S26,S5,SC,105,True,630.0
9072,2025-07-01,S13,S2,SC,55,True,330.0
9073,2025-07-01,S19,S35,S,80,True,384.0
9074,2025-07-01,S39,S21,SC,90,True,540.0
9075,2025-07-01,S32,S2,SC,150,False,750.0
9076,2025-07-01,S44,S23,SC,105,True,630.0
9077,2025-07-01,S47,S5,S,210,True,1008.0
9078,2025-07-01,S46,S18,S,140,False,560.0
9079,2025-07-01,S32,S23,SC,45,False,225.0
9080,2025-07-01,S14,S28,R,70,False,700.0
9081,2025-07-01,S48,S6,S,210,True,1008.0
9082,2025-07-01,S29,S33,SC,20,True,120.0
9083,2025-07-01,S24,S13,S,55,False,220.0
9084,2025-07-01,S19,S22,SC,15,False,75.0
9085,2025-07-01,S27,S4,R,115,False,1150.0
9086,2025-07-01,S32,S9,SC,115,False,575.0
9087,2025-07-01,S49,S10,S,195,False,780.0
9088,2025-07-01,S33,S10,S,115,True,552.0
9089,2025-07-01,S3,S38,SC,175,False,875.0
9090,2025-07-01,S19,S36,R,85,True,1020.0
9091,2025-07-01,S43,S45,SC,10,False,50.0
9092,2025-07-01,S49,S30,S,95,False,380.0
9093,2025-07-01,S13,S16,R,15,False,150.0
9094,2025-07-01,S45,S31,SC,70,True,420.0
9095,2025-07-01,S14,S38,S,120,False,480.0
9096,2025-07-01,S50,S45,S,25,True,120.0
9097,2025-07-01,S46,S5,R,205,False,2050.0
9098,2025-07-01,S36,S1,R,175,False,1750.0
9099,2025-07-01,S31,S43,SC,60,False,300.0
9100,2025-07-01,S12,S25,R,65,True,780.0
9101,2025-07-02,S8,S33,S,125,True,600.0
9102,2025-07-02,S47,S16,S,155,False,620.0
9103,2025-07-02,S1,S17,SC,80,True,480.0
9104,2025-07-02,S43,S15,R,140,True,1680.0
9105,2025-07-02,S30,S8,SC,110,True,660.0
9106,2025-07-02,S31,S45,R,70,False,700.0
9107,2025-07-02,S24,S41,S,85,True,408.0
9108,2025-07-02,S15,S35,SC,100,False,500.0
9109,2025-07-02,S4,S23,S,95,True,456.0
9110,2025-07-02,S16,S27,SC,55,False,275.0
9111,2025-07-02,S23,S43,SC,100,True,600.0
9112,2025-07-02,S29,S34,R,25,True,300.0
9113,2025-07-02,S12,S27,R,75,False,750.0
9114,2025-07-02,S11,S39,S,140,False,560.0
9115,2025-07-02,S31,S9,SC,110,True,660.0
9116,2025-07-02,S46,S36,SC,50,False,250.0
9117,2025-07-02,S3,S19,SC,80,False,400.0
9118,2025-07-02,S12,S49,SC,185,True,1110.0
9119,2025-07-02,S38,S39,R,5,False,50.0
9120,2025-07-02,S41,S8,R,165,False,1650.0
9121,2025-07-02,S38,S46,SC,40,True,240.0
9122,2025-07-02,S37,S40,R,15,False,150.0
9123,2025-07-02,S26,S43,SC,85,False,425.0
9124,2025-07-02,S20,S29,S,45,False,180.0
9125,2025-07-02,S34,S33,SC,5,True,30.0
9126,2025-07-02,S10,S18,SC,40,True,240.0
9127,2025-07-02,S43,S48,R,25,False,250.0
9128,2025-07-02,S41,S5,SC,180,False,900.0
9129,2025-07-02,S40,S28,R,60,False,600.0
9130,2025-07-02,S13,S31,SC,90,True,540.0
9131,2025-07-02,S31,S5,S,130,True,624.0
9132,2025-07-02,S21,S8,R,65,True,780.0
9133,2025-07-02,S20,S40,S,100,True,480.0
9134,2025-07-02,S28,S5,S,115,False,460.0
9135,2025-07-02,S4,S10,R,30,True,360.0
9136,2025-07-02,S6,S49,SC,215,False,1075.0
9137,2025-07-02,S43,S20,R,115,True,1380.0
9138,2025-07-02,S26,S31,S,25,True,120.0
9139,2025-07-02,S36,S46,S,50,True,240.0
9140,2025-07-02,S7,S23,S,80,False,320.0
9141,2025-07-02,S3,S7,S,20,True,96.0
9142,2025-07-02,S31,S18,R,65,False,650.0
9143,2025-07-02,S1,S10,S,45,False,180.0
9144,2025-07-02,S15,S25,S,50,False,200.0
9145,2025-07-02,S42,S13,SC,145,True,870.0
9146,2025-07-02,S1,S26,R,125,True,1500.0
9147,2025-07-02,S44,S4,S,200,False,800.0
9148,2025-07-02,S25,S36,S,55,False,220.0
9149,2025-07-02,S13,S16,SC,15,True,90.0
9150,2025-07-02,S15,S42,SC,135,True,810.0
9151,2025-07-03,S15,S42,S,135,False,540.0
9152,2025-07-03,S17,S6,R,55,True,660.0
9153,2025-07-03,S43,S49,S,30,True,144.0
9154,2025-07-03,S16,S30,S,70,False,280.0
9155,2025-07-03,S41,S21,SC,100,True,600.0
9156,2025-07-03,S24,S3,SC,105,True,630.0
9157,2025-07-03,S3,S23,R,100,True,1200.0
9158,2025-07-03,S28,S37,SC,45,False,225.0
9159,2025-07-03,S30,S44,S,70,False,280.0
9160,2025-07-03,S32,S23,S,45,True,216.0
9161,2025-07-03,S2,S41,S,195,True,936.0
9162,2025-07-03,S36,S6,S,150,False,600.0
9163,2025-07-03,S49,S17,SC,160,True,960.0
9164,2025-07-03,S27,S49,R,110,False,1100.0
9165,2025-07-03,S44,S12,R,160,True,1920.0
9166,2025-07-03,S43,S32,S,55,True,264.0
9167,2025-07-03,S46,S31,R,75,True,900.0
9168,2025-07-03,S4,S48,R,220,True,2640.0
9169,2025-07-03,S20,S46,S,130,True,624.0
9170,2025-07-03,S43,S30,R,65,False,650.0
9171,2025-07-03,S46,S48,SC,10,True,60.0
9172,2025-07-03,S3,S2,SC,5,True,30.0
9173,2025-07-03,S9,S38,R,145,False,1450.0
9174,2025-07-03,S41,S31,R,50,True,600.0
9175,2025-07-03,S49,S27,R,110,False,1100.0
9176,2025-07-03,S6,S22,SC,80,False,400.0
9177,2025-07-03,S38,S5,R,165,False,1650.0
9178,2025-07-03,S26,S7,S,95,True,456.0
9179,2025-07-03,S50,S28,SC,110,False,550.0
9180,2025-07-03,S35,S33,SC,10,True,60.0
9181,2025-07-03,S21,S19,S,10,False,40.0
9182,2025-07-03,S30,S33,R,15,True,180.0
9183,2025-07-03,S9,S8,SC,5,False,25.0
9184,2025-07-03,S8,S2,SC,30,True,180.0
9185,2025-07-03,S27,S50,R,115,True,1380.0
9186,2025-07-03,S4,S37,S,165,True,792.0
9187,2025-07-03,S7,S3,R,20,True,240.0
9188,2025-07-03,S34,S16,R,90,True,1080.0
9189,2025-07-03,S38,S46,SC,40,False,200.0
9190,2025-07-03,S43,S16,S,135,False,540.0
9191,2025-07-03,S35,S15,S,100,True,480.0
9192,2025-07-03,S36,S23,SC,65,True,390.0
9193,2025-07-03,S21,S25,R,20,False,200.0
9194,2025-07-03,S9,S44,S,175,True,840.0
9195,2025-07-03,S37,S44,S,35,True,168.0
9196,2025-07-03,S37,S25,R,60,False,600.0
9197,2025-07-03,S24,S13,SC,55,True,330.0
9198,2025-07-03,S20,S33,S,65,False,260.0
9199,2025-07-03,S45,S6,S,195,True,936.0
9200,2025-07-03,S49,S14,R,175,False,1750.0
9201,2025-07-04,S29,S11,S,90,False,360.0
9202,2025-07-04,S10,S41,R,155,True,1860.0
9203,2025-07-04,S6,S12,S,30,False,120.0
9204,2025-07-04,S11,S44,R,165,True,1980.0
9205,2025-07-04,S49,S40,R,45,False,450.0
9206,2025-07-04,S41,S32,S,45,True,216.0
9207,2025-07-04,S11,S47,R,180,True,2160.0
9208,2025-07-04,S11,S21,SC,50,True,300.0
9209,2025-07-04,S5,S18,SC,65,False,325.0
9210,2025-07-04,S19,S11,SC,40,True,240.0
9211,2025-07-04,S44,S24,R,100,True,1200.0
9212,2025-07-04,S13,S20,S,35,False,140.0
9213,2025-07-04,S27,S19,R,40,False,400.0
9214,2025-07-04,S27,S6,S,105,False,420.0
9215,2025-07-04,S27,S43,S,80,True,384.0
9216,2025-07-04,S46,S19,S,135,False,540.0
9217,2025-07-04,S25,S39,R,70,False,700.0
9218,2025-07-04,S17,S43,SC,130,False,650.0
9219,2025-07-04,S1,S37,SC,180,True,1080.0
9220,2025-07-04,S14,S29,SC,75,False,375.0
9221,2025-07-04,S25,S19,R,30,True,360.0
9222,2025-07-04,S11,S6,R,25,False,250.0
9223,2025-07-04,S12,S48,SC,180,True,1080.0
9224,2025-07-04,S16,S33,S,85,True,408.0
9225,2025-07-04,S1,S42,S,205,True,984.0
9226,2025-07-04,S9,S13,S,20,True,96.0
9227,2025-07-04,S17,S41,SC,120,True,720.0
9228,2025-07-04,S3,S37,R,170,True,2040.0
9229,2025-07-04,S38,S19,S,95,False,380.0
9230,2025-07-04,S43,S34,S,45,True,216.0
9231,2025-07-04,S25,S5,R,100,True,1200.0
9232,2025-07-04,S11,S24,R,65,True,780.0
9233,2025-07-04,S22,S45,S,115,False,460.0
9234,2025-07-04,S24,S44,R,100,False,1000.0
9235,2025-07-04,S13,S27,SC,70,True,420.0
9236,2025-07-04,S45,S9,R,180,True,2160.0
9237,2025-07-04,S49,S28,R,105,True,1260.0
9238,2025-07-04,S4,S36,R,160,True,1920.0
9239,2025-07-04,S37,S49,R,60,False,600.0
9240,2025-07-04,S5,S44,R,195,False,1950.0
9241,2025-07-04,S48,S20,S,140,False,560.0
9242,2025-07-04,S31,S7,R,120,True,1440.0
9243,2025-07-04,S16,S10,SC,30,True,180.0
9244,2025-07-04,S40,S29,S,55,True,264.0
9245,2025-07-04,S22,S30,R,40,True,480.0
9246,2025-07-04,S18,S30,SC,60,True,360.0
9247,2025-07-04,S12,S8,S,20,True,96.0
9248,2025-07-04,S47,S15,SC,160,False,800.0
9249,2025-07-04,S36,S7,R,145,False,1450.0
9250,2025-07-04,S35,S38,S,15,False,60.0
9251,2025-07-05,S8,S36,R,140,False,1400.0
9252,2025-07-05,S34,S31,S,15,True,72.0
9253,2025-07-05,S31,S50,S,95,False,380.0
9254,2025-07-05,S36,S26,S,50,False,200.0
9255,2025-07-05,S11,S48,S,185,False,740.0
9256,2025-07-05,S23,S22,SC,5,True,30.0
9257,2025-07-05,S50,S48,SC,10,False,50.0
9258,2025-07-05,S14,S49,R,175,False,1750.0
9259,2025-07-05,S11,S16,S,25,False,100.0
9260,2025-07-05,S1,S28,S,135,True,648.0
9261,2025-07-05,S45,S29,R,80,True,960.0
9262,2025-07-05,S50,S44,R,30,True,360.0
9263,2025-07-05,S9,S30,SC,105,True,630.0
9264,2025-07-05,S49,S18,S,155,True,744.0
9265,2025-07-05,S18,S11,R,35,True,420.0
9266,2025-07-05,S6,S28,SC,110,True,660.0
9267,2025-07-05,S19,S37,S,90,True,432.0
9268,2025-07-05,S38,S27,S,55,False,220.0
9269,2025-07-05,S32,S42,SC,50,False,250.0
9270,2025-07-05,S24,S31,SC,35,True,210.0
9271,2025-07-05,S49,S2,R,235,True,2820.0
9272,2025-07-05,S14,S50,R,180,False,1800.0
9273,2025-07-05,S28,S31,SC,15,False,75.0
9274,2025-07-05,S42,S11,S,155,False,620.0
9275,2025-07-05,S1,S10,SC,45,True,270.0
9276,2025-07-05,S16,S4,SC,60,True,360.0
9277,2025-07-05,S41,S34,SC,35,False,175.0
9278,2025-07-05,S5,S17,R,60,False,600.0
9279,2025-07-05,S11,S18,SC,35,True,210.0
9280,2025-07-05,S28,S20,S,40,False,160.0
9281,2025-07-05,S25,S29,R,20,False,200.0
9282,2025-07-05,S24,S43,S,95,True,456.0
9283,2025-07-05,S29,S6,SC,115,False,575.0
9284,2025-07-05,S1,S11,R,50,True,600.0
9285,2025-07-05,S35,S6,R,145,False,1450.0
9286,2025-07-05,S24,S1,R,115,True,1380.0
9287,2025-07-05,S9,S5,R,20,True,240.0
9288,2025-07-05,S2,S8,S,30,True,144.0
9289,2025-07-05,S32,S47,SC,75,True,450.0
9290,2025-07-05,S1,S50,R,245,True,2940.0
9291,2025-07-05,S1,S37,SC,180,True,1080.0
9292,2025-07-05,S17,S1,R,80,True,960.0
9293,2025-07-05,S29,S39,SC,50,True,300.0
9294,2025-07-05,S12,S21,S,45,True,216.0
9295,2025-07-05,S13,S7,R,30,False,300.0
9296,2025-07-05,S15,S19,S,20,False,80.0
9297,2025-07-05,S33,S8,S,125,False,500.0
9298,2025-07-05,S7,S5,SC,10,True,60.0
9299,2025-07-05,S26,S14,SC,60,False,300.0
9300,2025-07-05,S2,S10,R,40,True,480.0
9301,2025-07-06,S20,S40,S,100,True,480.0
9302,2025-07-06,S24,S31,SC,35,False,175.0
9303,2025-07-06,S1,S35,R,170,True,2040.0
9304,2025-07-06,S14,S1,SC,65,False,325.0
9305,2025-07-06,S35,S33,R,10,False,100.0
9306,2025-07-06,S18,S48,S,150,True,720.0
9307,2025-07-06,S49,S19,R,150,False,1500.0
9308,2025-07-06,S13,S40,S,135,True,648.0
9309,2025-07-06,S35,S15,R,100,False,1000.0
9310,2025-07-06,S22,S21,R,5,True,60.0
9311,2025-07-06,S24,S5,SC,95,False,475.0
9312,2025-07-06,S30,S19,R,55,True,660.0
9313,2025-07-06,S8,S42,SC,170,False,850.0
9314,2025-07-06,S37,S5,SC,160,True,960.0
9315,2025-07-06,S3,S12,S,45,True,216.0
9316,2025-07-06,S20,S17,S,15,True,72.0
9317,2025-07-06,S45,S21,S,120,False,480.0
9318,2025-07-06,S41,S12,S,145,True,696.0
9319,2025-07-06,S31,S11,S,100,True,480.0
9320,2025-07-06,S47,S2,S,225,False,900.0
9321,2025-07-06,S1,S4,R,15,False,150.0
9322,2025-07-06,S43,S47,SC,20,False,100.0
9323,2025-07-06,S36,S48,S,60,True,288.0
9324,2025-07-06,S49,S43,S,30,False,120.0
9325,2025-07-06,S38,S42,SC,20,False,100.0
9326,2025-07-06,S18,S37,R,95,True,1140.0
9327,2025-07-06,S28,S37,S,45,False,180.0
9328,2025-07-06,S22,S11,R,55,True,660.0
9329,2025-07-06,S36,S5,S,155,False,620.0
9330,2025-07-06,S30,S31,R,5,True,60.0
9331,2025-07-06,S20,S36,R,80,False,800.0
9332,2025-07-06,S40,S2,S,190,True,912.0
9333,2025-07-06,S32,S20,R,60,False,600.0
9334,2025-07-06,S9,S38,S,145,False,580.0
9335,2025-07-06,S3,S13,R,50,True,600.0
9336,2025-07-06,S1,S25,S,120,False,480.0
9337,2025-07-06,S6,S42,R,180,True,2160.0
9338,2025-07-06,S41,S9,R,160,False,1600.0
9339,2025-07-06,S17,S22,R,25,True,300.0
9340,2025-07-06,S45,S14,S,155,False,620.0
9341,2025-07-06,S50,S3,S,235,True,1128.0
9342,2025-07-06,S23,S1,SC,110,True,660.0
9343,2025-07-06,S9,S38,R,145,True,1740.0
9344,2025-07-06,S21,S36,S,75,False,300.0
9345,2025-07-06,S9,S45,S,180,True,864.0
9346,2025-07-06,S37,S47,R,50,False,500.0
9347,2025-07-06,S46,S1,SC,225,True,1350.0
9348,2025-07-06,S32,S23,R,45,True,540.0
9349,2025-07-06,S4,S45,R,205,False,2050.0
9350,2025-07-06,S25,S3,S,110,True,528.0
9351,2025-07-07,S7,S27,SC,100,False,500.0
9352,2025-07-07,S40,S7,S,165,False,660.0
9353,2025-07-07,S29,S13,R,80,False,800.0
9354,2025-07-07,S39,S33,R,30,False,300.0
9355,2025-07-07,S14,S20,SC,30,False,150.0
9356,2025-07-07,S43,S37,SC,30,True,180.0
9357,2025-07-07,S49,S41,SC,40,False,200.0
9358,2025-07-07,S19,S36,R,85,True,1020.0
9359,2025-07-07,S44,S45,SC,5,True,30.0
9360,2025-07-07,S48,S17,S,155,False,620.0
9361,2025-07-07,S25,S11,SC,70,True,420.0
9362,2025-07-07,S39,S25,S,70,True,336.0
9363,2025-07-07,S50,S43,S,35,True,168.0
9364,2025-07-07,S16,S37,S,105,False,420.0
9365,2025-07-07,S45,S42,SC,15,True,90.0
9366,2025-07-07,S45,S25,R,100,False,1000.0
9367,2025-07-07,S13,S26,SC,65,False,325.0
9368,2025-07-07,S31,S38,SC,35,True,210.0
9369,2025-07-07,S22,S32,S,50,False,200.0
9370,2025-07-07,S32,S36,S,20,True,96.0
9371,2025-07-07,S18,S20,S,10,False,40.0
9372,2025-07-07,S31,S40,S,45,True,216.0
9373,2025-07-07,S16,S46,SC,150,False,750.0
9374,2025-07-07,S7,S5,S,10,False,40.0
9375,2025-07-07,S24,S17,S,35,False,140.0
9376,2025-07-07,S3,S49,SC,230,True,1380.0
9377,2025-07-07,S43,S2,S,205,True,984.0
9378,2025-07-07,S32,S37,SC,25,False,125.0
9379,2025-07-07,S34,S4,R,150,False,1500.0
9380,2025-07-07,S50,S40,R,50,True,600.0
9381,2025-07-07,S49,S31,S,90,True,432.0
9382,2025-07-07,S7,S26,SC,95,True,570.0
9383,2025-07-07,S26,S38,R,60,False,600.0
9384,2025-07-07,S41,S6,R,175,False,1750.0
9385,2025-07-07,S43,S14,SC,145,False,725.0
9386,2025-07-07,S10,S50,S,200,True,960.0
9387,2025-07-07,S29,S10,S,95,False,380.0
9388,2025-07-07,S36,S32,S,20,False,80.0
9389,2025-07-07,S23,S30,R,35,False,350.0
9390,2025-07-07,S3,S8,SC,25,True,150.0
9391,2025-07-07,S2,S24,S,110,False,440.0
9392,2025-07-07,S33,S19,S,70,False,280.0
9393,2025-07-07,S28,S14,S,70,False,280.0
9394,2025-07-07,S24,S27,SC,15,True,90.0
9395,2025-07-07,S4,S34,SC,150,False,750.0
9396,2025-07-07,S37,S20,SC,85,False,425.0
9397,2025-07-07,S27,S26,S,5,False,20.0
9398,2025-07-07,S5,S8,S,15,False,60.0
9399,2025-07-07,S14,S5,S,45,False,180.0
9400,2025-07-07,S21,S46,R,125,False,1250.0
9401,2025-07-08,S34,S27,S,35,True,168.0
9402,2025-07-08,S4,S46,S,210,False,840.0
9403,2025-07-08,S11,S4,S,35,False,140.0
9404,2025-07-08,S8,S9,SC,5,True,30.0
9405,2025-07-08,S4,S15,R,55,False,550.0
9406,2025-07-08,S38,S25,SC,65,False,325.0
9407,2025-07-08,S39,S13,SC,130,True,780.0
9408,2025-07-08,S15,S14,R,5,False,50.0
9409,2025-07-08,S41,S22,S,95,False,380.0
9410,2025-07-08,S9,S32,R,115,False,1150.0
9411,2025-07-08,S10,S32,R,110,False,1100.0
9412,2025-07-08,S40,S16,R,120,False,1200.0
9413,2025-07-08,S19,S43,S,120,True,576.0
9414,2025-07-08,S12,S9,R,15,False,150.0
9415,2025-07-08,S16,S44,S,140,True,672.0
9416,2025-07-08,S34,S38,S,20,False,80.0
9417,2025-07-08,S17,S36,SC,95,True,570.0
9418,2025-07-08,S43,S1,S,210,True,1008.0
9419,2025-07-08,S23,S27,S,20,False,80.0
9420,2025-07-08,S35,S41,S,30,True,144.0
9421,2025-07-08,S23,S39,R,80,False,800.0
9422,2025-07-08,S20,S2,R,90,False,900.0
9423,2025-07-08,S39,S36,SC,15,False,75.0
9424,2025-07-08,S15,S44,R,145,False,1450.0
9425,2025-07-08,S11,S22,S,55,False,220.0
9426,2025-07-08,S31,S5,R,130,False,1300.0
9427,2025-07-08,S25,S37,S,60,False,240.0
9428,2025-07-08,S1,S34,S,165,False,660.0
9429,2025-07-08,S47,S50,SC,15,True,90.0
9430,2025-07-08,S16,S41,SC,125,True,750.0
9431,2025-07-08,S13,S34,SC,105,True,630.0
9432,2025-07-08,S27,S2,R,125,True,1500.0
9433,2025-07-08,S6,S4,S,10,True,48.0
9434,2025-07-08,S1,S23,S,110,False,440.0
9435,2025-07-08,S11,S14,SC,15,False,75.0
9436,2025-07-08,S33,S7,SC,130,True,780.0
9437,2025-07-08,S25,S11,R,70,False,700.0
9438,2025-07-08,S4,S26,SC,110,True,660.0
9439,2025-07-08,S10,S9,R,5,False,50.0
9440,2025-07-08,S45,S28,R,85,True,1020.0
9441,2025-07-08,S1,S34,SC,165,True,990.0
9442,2025-07-08,S28,S9,R,95,True,1140.0
9443,2025-07-08,S10,S36,R,130,False,1300.0
9444,2025-07-08,S12,S33,R,105,True,1260.0
9445,2025-07-08,S27,S34,SC,35,False,175.0
9446,2025-07-08,S26,S25,S,5,False,20.0
9447,2025-07-08,S46,S23,R,115,True,1380.0
9448,2025-07-08,S39,S4,S,175,False,700.0
9449,2025-07-08,S39,S50,R,55,False,550.0
9450,2025-07-08,S32,S46,R,70,False,700.0
9451,2025-07-09,S7,S23,SC,80,False,400.0
9452,2025-07-09,S43,S47,SC,20,False,100.0
9453,2025-07-09,S32,S13,R,95,True,1140.0
9454,2025-07-09,S17,S40,S,115,False,460.0
9455,2025-07-09,S5,S44,S,195,False,780.0
9456,2025-07-09,S49,S48,S,5,False,20.0
9457,2025-07-09,S43,S28,R,75,False,750.0
9458,2025-07-09,S40,S18,S,110,True,528.0
9459,2025-07-09,S10,S44,R,170,True,2040.0
9460,2025-07-09,S46,S19,S,135,False,540.0
9461,2025-07-09,S7,S38,SC,155,False,775.0
9462,2025-07-09,S16,S28,SC,60,True,360.0
9463,2025-07-09,S8,S32,R,120,True,1440.0
9464,2025-07-09,S5,S40,SC,175,False,875.0
9465,2025-07-09,S33,S43,S,50,False,200.0
9466,2025-07-09,S50,S9,SC,205,True,1230.0
9467,2025-07-09,S14,S29,SC,75,True,450.0
9468,2025-07-09,S14,S18,R,20,False,200.0
9469,2025-07-09,S13,S27,SC,70,True,420.0
9470,2025-07-09,S25,S50,SC,125,False,625.0
9471,2025-07-09,S43,S23,R,100,False,1000.0
9472,2025-07-09,S43,S49,S,30,True,144.0
9473,2025-07-09,S50,S40,R,50,False,500.0
9474,2025-07-09,S9,S40,SC,155,True,930.0
9475,2025-07-09,S24,S12,R,60,False,600.0
9476,2025-07-09,S32,S2,SC,150,False,750.0
9477,2025-07-09,S48,S33,SC,75,True,450.0
9478,2025-07-09,S48,S5,R,215,False,2150.0
9479,2025-07-09,S7,S20,S,65,False,260.0
9480,2025-07-09,S32,S45,R,65,False,650.0
9481,2025-07-09,S33,S29,S,20,False,80.0
9482,2025-07-09,S1,S50,R,245,True,2940.0
9483,2025-07-09,S22,S19,R,15,True,180.0
9484,2025-07-09,S31,S9,S,110,False,440.0
9485,2025-07-09,S2,S16,S,70,True,336.0
9486,2025-07-09,S48,S5,S,215,False,860.0
9487,2025-07-09,S40,S8,S,160,False,640.0
9488,2025-07-09,S20,S43,SC,115,True,690.0
9489,2025-07-09,S50,S28,SC,110,True,660.0
9490,2025-07-09,S14,S26,S,60,False,240.0
9491,2025-07-09,S26,S16,R,50,True,600.0
9492,2025-07-09,S16,S44,S,140,False,560.0
9493,2025-07-09,S17,S25,R,40,False,400.0
9494,2025-07-09,S40,S14,R,130,True,1560.0
9495,2025-07-09,S32,S18,S,70,False,280.0
9496,2025-07-09,S6,S23,R,85,True,1020.0
9497,2025-07-09,S8,S31,SC,115,True,690.0
9498,2025-07-09,S29,S23,S,30,False,120.0
9499,2025-07-09,S40,S7,S,165,False,660.0
9500,2025-07-09,S12,S19,SC,35,False,175.0
9501,2025-07-10,S19,S3,SC,80,False,400.0
9502,2025-07-10,S14,S12,S,10,False,40.0
9503,2025-07-10,S26,S34,S,40,False,160.0
9504,2025-07-10,S49,S28,S,105,False,420.0
9505,2025-07-10,S20,S35,S,75,False,300.0
9506,2025-07-10,S12,S44,R,160,True,1920.0
9507,2025-07-10,S19,S40,S,105,True,504.0
9508,2025-07-10,S35,S24,SC,55,False,275.0
9509,2025-07-10,S4,S13,S,45,False,180.0
9510,2025-07-10,S45,S14,S,155,True,744.0
9511,2025-07-10,S17,S34,S,85,False,340.0
9512,2025-07-10,S42,S13,SC,145,False,725.0
9513,2025-07-10,S20,S44,SC,120,True,720.0
9514,2025-07-10,S21,S18,S,15,True,72.0
9515,2025-07-10,S43,S10,SC,165,False,825.0
9516,2025-07-10,S29,S39,S,50,False,200.0
9517,2025-07-10,S1,S49,R,240,True,2880.0
9518,2025-07-10,S13,S42,SC,145,True,870.0
9519,2025-07-10,S47,S31,S,80,False,320.0
9520,2025-07-10,S22,S39,SC,85,True,510.0
9521,2025-07-10,S19,S18,SC,5,False,25.0
9522,2025-07-10,S46,S39,S,35,True,168.0
9523,2025-07-10,S14,S13,SC,5,True,30.0
9524,2025-07-10,S45,S1,S,220,False,880.0
9525,2025-07-10,S38,S43,S,25,True,120.0
9526,2025-07-10,S2,S1,SC,5,True,30.0
9527,2025-07-10,S5,S6,S,5,False,20.0
9528,2025-07-10,S30,S32,S,10,False,40.0
9529,2025-07-10,S17,S25,SC,40,False,200.0
9530,2025-07-10,S16,S42,SC,130,True,780.0
9531,2025-07-10,S1,S3,SC,10,False,50.0
9532,2025-07-10,S2,S28,R,130,False,1300.0
9533,2025-07-10,S9,S5,S,20,True,96.0
9534,2025-07-10,S31,S33,S,10,True,48.0
9535,2025-07-10,S6,S48,R,210,False,2100.0
9536,2025-07-10,S9,S28,S,95,True,456.0
9537,2025-07-10,S42,S49,SC,35,True,210.0
9538,2025-07-10,S29,S26,SC,15,False,75.0
9539,2025-07-10,S6,S12,R,30,False,300.0
9540,2025-07-10,S14,S12,SC,10,False,50.0
9541,2025-07-10,S29,S36,SC,35,False,175.0
9542,2025-07-10,S19,S14,S,25,True,120.0
9543,2025-07-10,S29,S31,SC,10,True,60.0
9544,2025-07-10,S24,S17,S,35,False,140.0
9545,2025-07-10,S14,S44,S,150,False,600.0
9546,2025-07-10,S45,S42,R,15,True,180.0
9547,2025-07-10,S19,S35,R,80,True,960.0
9548,2025-07-10,S2,S13,R,55,True,660.0
9549,2025-07-10,S28,S27,SC,5,False,25.0
9550,2025-07-10,S12,S13,SC,5,False,25.0
9551,2025-07-11,S6,S46,S,200,True,960.0
9552,2025-07-11,S36,S12,R,120,False,1200.0
9553,2025-07-11,S9,S8,SC,5,False,25.0
9554,2025-07-11,S43,S37,S,30,True,144.0
9555,2025-07-11,S42,S39,SC,15,False,75.0
9556,2025-07-11,S46,S15,R,155,True,1860.0
9557,2025-07-11,S11,S13,R,10,False,100.0
9558,2025-07-11,S31,S17,SC,70,True,420.0
9559,2025-07-11,S50,S45,R,25,False,250.0
9560,2025-07-11,S2,S37,S,175,True,840.0
9561,2025-07-11,S19,S34,S,75,False,300.0
9562,2025-07-11,S14,S24,SC,50,True,300.0
9563,2025-07-11,S3,S4,SC,5,False,25.0
9564,2025-07-11,S45,S40,R,25,True,300.0
9565,2025-07-11,S13,S3,R,50,False,500.0
9566,2025-07-11,S47,S10,R,185,True,2220.0
9567,2025-07-11,S1,S34,S,165,False,660.0
9568,2025-07-11,S21,S14,SC,35,False,175.0
9569,2025-07-11,S5,S48,SC,215,True,1290.0
9570,2025-07-11,S43,S2,SC,205,False,1025.0
9571,2025-07-11,S4,S5,S,5,False,20.0
9572,2025-07-11,S35,S49,S,70,False,280.0
9573,2025-07-11,S7,S9,SC,10,False,50.0
9574,2025-07-11,S5,S42,R,185,True,2220.0
9575,2025-07-11,S34,S38,R,20,True,240.0
9576,2025-07-11,S4,S49,S,225,False,900.0
9577,2025-07-11,S20,S50,SC,150,True,900.0
9578,2025-07-11,S16,S49,SC,165,True,990.0
9579,2025-07-11,S39,S10,R,145,True,1740.0
9580,2025-07-11,S6,S12,SC,30,True,180.0
9581,2025-07-11,S47,S15,S,160,False,640.0
9582,2025-07-11,S6,S7,S,5,True,24.0
9583,2025-07-11,S38,S40,SC,10,True,60.0
9584,2025-07-11,S25,S8,R,85,True,1020.0
9585,2025-07-11,S33,S40,SC,35,False,175.0
9586,2025-07-11,S6,S22,R,80,False,800.0
9587,2025-07-11,S20,S9,SC,55,False,275.0
9588,2025-07-11,S6,S22,SC,80,True,480.0
9589,2025-07-11,S31,S30,R,5,True,60.0
9590,2025-07-11,S28,S27,SC,5,True,30.0
9591,2025-07-11,S25,S9,R,80,True,960.0
9592,2025-07-11,S18,S7,SC,55,True,330.0
9593,2025-07-11,S14,S43,S,145,False,580.0
9594,2025-07-11,S41,S18,SC,115,True,690.0
9595,2025-07-11,S7,S37,R,150,True,1800.0
9596,2025-07-11,S28,S23,R,25,False,250.0
9597,2025-07-11,S37,S25,S,60,False,240.0
9598,2025-07-11,S16,S28,SC,60,True,360.0
9599,2025-07-11,S10,S43,SC,165,True,990.0
9600,2025-07-11,S4,S2,R,10,True,120.0
9601,2025-07-12,S46,S27,SC,95,True,570.0
9602,2025-07-12,S7,S12,SC,25,True,150.0
9603,2025-07-12,S31,S32,S,5,True,24.0
9604,2025-07-12,S2,S19,SC,85,False,425.0
9605,2025-07-12,S1,S5,R,20,False,200.0
9606,2025-07-12,S26,S1,S,125,False,500.0
9607,2025-07-12,S27,S21,R,30,False,300.0
9608,2025-07-12,S12,S38,S,130,False,520.0
9609,2025-07-12,S27,S45,SC,90,True,540.0
9610,2025-07-12,S25,S42,S,85,False,340.0
9611,2025-07-12,S36,S47,R,55,True,660.0
9612,2025-07-12,S48,S1,S,235,True,1128.0
9613,2025-07-12,S8,S34,R,130,True,1560.0
9614,2025-07-12,S14,S39,R,125,True,1500.0
9615,2025-07-12,S43,S27,SC,80,True,480.0
9616,2025-07-12,S11,S20,R,45,False,450.0
9617,2025-07-12,S22,S7,S,75,True,360.0
9618,2025-07-12,S20,S23,R,15,True,180.0
9619,2025-07-12,S48,S24,S,120,False,480.0
9620,2025-07-12,S46,S34,SC,60,True,360.0
9621,2025-07-12,S26,S12,R,70,True,840.0
9622,2025-07-12,S9,S24,SC,75,True,450.0
9623,2025-07-12,S20,S46,R,130,True,1560.0
9624,2025-07-12,S23,S3,SC,100,True,600.0
9625,2025-07-12,S6,S44,S,190,True,912.0
9626,2025-07-12,S9,S3,SC,30,True,180.0
9627,2025-07-12,S48,S9,R,195,True,2340.0
9628,2025-07-12,S37,S49,S,60,True,288.0
9629,2025-07-12,S8,S2,S,30,True,144.0
9630,2025-07-12,S28,S4,SC,120,True,720.0
9631,2025-07-12,S25,S35,SC,50,True,300.0
9632,2025-07-12,S34,S30,R,20,False,200.0
9633,2025-07-12,S43,S21,S,110,False,440.0
9634,2025-07-12,S22,S46,SC,120,True,720.0
9635,2025-07-12,S5,S35,S,150,False,600.0
9636,2025-07-12,S15,S29,SC,70,True,420.0
9637,2025-07-12,S50,S8,SC,210,True,1260.0
9638,2025-07-12,S41,S25,R,80,False,800.0
9639,2025-07-12,S32,S19,S,65,True,312.0
9640,2025-07-12,S26,S37,R,55,False,550.0
9641,2025-07-12,S38,S20,S,90,True,432.0
9642,2025-07-12,S3,S42,R,195,False,1950.0
9643,2025-07-12,S4,S27,S,115,True,552.0
9644,2025-07-12,S14,S48,SC,170,True,1020.0
9645,2025-07-12,S5,S26,R,105,True,1260.0
9646,2025-07-12,S3,S48,R,225,True,2700.0
9647,2025-07-12,S45,S40,R,25,True,300.0
9648,2025-07-12,S10,S21,S,55,False,220.0
9649,2025-07-12,S35,S4,S,155,True,744.0
9650,2025-07-12,S3,S42,S,195,False,780.0
9651,2025-07-13,S24,S44,S,100,True,480.0
9652,2025-07-13,S35,S21,SC,70,False,350.0
9653,2025-07-13,S21,S6,R,75,False,750.0
9654,2025-07-13,S18,S21,R,15,True,180.0
9655,2025-07-13,S11,S25,SC,70,True,420.0
9656,2025-07-13,S30,S45,S,75,False,300.0
9657,2025-07-13,S21,S6,R,75,False,750.0
9658,2025-07-13,S8,S50,R,210,True,2520.0
9659,2025-07-13,S39,S5,S,170,True,816.0
9660,2025-07-13,S41,S22,SC,95,False,475.0
9661,2025-07-13,S38,S44,SC,30,True,180.0
9662,2025-07-13,S28,S43,S,75,False,300.0
9663,2025-07-13,S24,S18,SC,30,True,180.0
9664,2025-07-13,S5,S19,SC,70,True,420.0
9665,2025-07-13,S14,S10,S,20,True,96.0
9666,2025-07-13,S31,S35,S,20,False,80.0
9667,2025-07-13,S17,S15,SC,10,False,50.0
9668,2025-07-13,S31,S34,R,15,False,150.0
9669,2025-07-13,S18,S19,R,5,False,50.0
9670,2025-07-13,S49,S2,SC,235,False,1175.0
9671,2025-07-13,S15,S12,R,15,True,180.0
9672,2025-07-13,S16,S17,R,5,True,60.0
9673,2025-07-13,S26,S46,S,100,False,400.0
9674,2025-07-13,S19,S21,R,10,True,120.0
9675,2025-07-13,S1,S16,SC,75,False,375.0
9676,2025-07-13,S38,S25,SC,65,True,390.0
9677,2025-07-13,S15,S13,R,10,True,120.0
9678,2025-07-13,S40,S1,SC,195,False,975.0
9679,2025-07-13,S49,S23,R,130,False,1300.0
9680,2025-07-13,S25,S18,SC,35,True,210.0
9681,2025-07-13,S11,S17,S,30,True,144.0
9682,2025-07-13,S43,S22,R,105,False,1050.0
9683,2025-07-13,S44,S9,S,175,True,840.0
9684,2025-07-13,S13,S26,S,65,True,312.0
9685,2025-07-13,S43,S37,S,30,True,144.0
9686,2025-07-13,S46,S48,R,10,True,120.0
9687,2025-07-13,S16,S45,S,145,False,580.0
9688,2025-07-13,S45,S30,R,75,False,750.0
9689,2025-07-13,S33,S18,S,75,True,360.0
9690,2025-07-13,S4,S21,SC,85,True,510.0
9691,2025-07-13,S22,S17,SC,25,False,125.0
9692,2025-07-13,S24,S20,R,20,True,240.0
9693,2025-07-13,S22,S33,R,55,True,660.0
9694,2025-07-13,S22,S23,R,5,True,60.0
9695,2025-07-13,S49,S2,S,235,True,1128.0
9696,2025-07-13,S35,S34,S,5,False,20.0
9697,2025-07-13,S2,S38,S,180,False,720.0
9698,2025-07-13,S31,S10,SC,105,False,525.0
9699,2025-07-13,S39,S28,SC,55,False,275.0
9700,2025-07-13,S37,S8,SC,145,False,725.0
9701,2025-07-14,S31,S39,SC,40,False,200.0
9702,2025-07-14,S2,S8,SC,30,True,180.0
9703,2025-07-14,S37,S21,S,80,True,384.0
9704,2025-07-14,S22,S39,S,85,True,408.0
9705,2025-07-14,S29,S15,S,70,False,280.0
9706,2025-07-14,S14,S23,S,45,False,180.0
9707,2025-07-14,S38,S26,R,60,True,720.0
9708,2025-07-14,S2,S12,S,50,False,200.0
9709,2025-07-14,S48,S25,SC,115,True,690.0
9710,2025-07-14,S14,S3,S,55,False,220.0
9711,2025-07-14,S15,S1,SC,70,True,420.0
9712,2025-07-14,S9,S5,S,20,False,80.0
9713,2025-07-14,S13,S42,SC,145,False,725.0
9714,2025-07-14,S12,S31,SC,95,False,475.0
9715,2025-07-14,S5,S6,S,5,True,24.0
9716,2025-07-14,S7,S3,S,20,False,80.0
9717,2025-07-14,S49,S42,SC,35,False,175.0
9718,2025-07-14,S43,S50,R,35,True,420.0
9719,2025-07-14,S44,S39,SC,25,True,150.0
9720,2025-07-14,S17,S38,S,105,True,504.0
9721,2025-07-14,S17,S22,SC,25,True,150.0
9722,2025-07-14,S13,S49,S,180,False,720.0
9723,2025-07-14,S5,S1,S,20,True,96.0
9724,2025-07-14,S22,S7,SC,75,True,450.0
9725,2025-07-14,S13,S49,S,180,False,720.0
9726,2025-07-14,S43,S3,SC,200,False,1000.0
9727,2025-07-14,S3,S45,R,210,False,2100.0
9728,2025-07-14,S6,S9,R,15,False,150.0
9729,2025-07-14,S8,S27,S,95,True,456.0
9730,2025-07-14,S7,S41,S,170,False,680.0
9731,2025-07-14,S31,S9,R,110,True,1320.0
9732,2025-07-14,S38,S44,R,30,False,300.0
9733,2025-07-14,S18,S15,R,15,True,180.0
9734,2025-07-14,S34,S29,R,25,True,300.0
9735,2025-07-14,S1,S38,R,185,False,1850.0
9736,2025-07-14,S5,S41,SC,180,False,900.0
9737,2025-07-14,S22,S14,R,40,False,400.0
9738,2025-07-14,S27,S24,SC,15,True,90.0
9739,2025-07-14,S24,S37,SC,65,True,390.0
9740,2025-07-14,S12,S38,SC,130,True,780.0
9741,2025-07-14,S30,S31,R,5,True,60.0
9742,2025-07-14,S25,S22,R,15,True,180.0
9743,2025-07-14,S16,S50,R,170,True,2040.0
9744,2025-07-14,S40,S48,R,40,False,400.0
9745,2025-07-14,S4,S31,S,135,True,648.0
9746,2025-07-14,S34,S42,R,40,True,480.0
9747,2025-07-14,S4,S12,R,40,True,480.0
9748,2025-07-14,S3,S4,S,5,False,20.0
9749,2025-07-14,S14,S32,S,90,True,432.0
9750,2025-07-14,S3,S6,S,15,False,60.0
9751,2025-07-15,S10,S28,S,90,True,432.0
9752,2025-07-15,S16,S17,SC,5,True,30.0
9753,2025-07-15,S12,S45,R,165,True,1980.0
9754,2025-07-15,S29,S9,S,100,False,400.0
9755,2025-07-15,S42,S14,S,140,True,672.0
9756,2025-07-15,S38,S46,S,40,True,192.0
9757,2025-07-15,S20,S36,S,80,True,384.0
9758,2025-07-15,S42,S34,R,40,False,400.0
9759,2025-07-15,S31,S47,R,80,True,960.0
9760,2025-07-15,S24,S5,S,95,False,380.0
9761,2025-07-15,S8,S44,S,180,False,720.0
9762,2025-07-15,S27,S3,SC,120,False,600.0
9763,2025-07-15,S4,S19,SC,75,True,450.0
9764,2025-07-15,S5,S24,SC,95,False,475.0
9765,2025-07-15,S48,S15,S,165,False,660.0
9766,2025-07-15,S30,S40,S,50,False,200.0
9767,2025-07-15,S39,S43,S,20,True,96.0
9768,2025-07-15,S7,S35,SC,140,False,700.0
9769,2025-07-15,S36,S43,SC,35,False,175.0
9770,2025-07-15,S41,S19,R,110,False,1100.0
9771,2025-07-15,S37,S44,SC,35,False,175.0
9772,2025-07-15,S47,S40,SC,35,False,175.0
9773,2025-07-15,S20,S27,S,35,False,140.0
9774,2025-07-15,S21,S12,SC,45,False,225.0
9775,2025-07-15,S27,S14,R,65,False,650.0
9776,2025-07-15,S25,S8,R,85,True,1020.0
9777,2025-07-15,S16,S29,SC,65,True,390.0
9778,2025-07-15,S42,S29,SC,65,False,325.0
9779,2025-07-15,S16,S13,SC,15,False,75.0
9780,2025-07-15,S16,S8,S,40,False,160.0
9781,2025-07-15,S23,S50,R,135,True,1620.0
9782,2025-07-15,S35,S32,SC,15,False,75.0
9783,2025-07-15,S1,S15,S,70,False,280.0
9784,2025-07-15,S20,S48,R,140,True,1680.0
9785,2025-07-15,S4,S27,S,115,True,552.0
9786,2025-07-15,S42,S45,SC,15,True,90.0
9787,2025-07-15,S32,S2,R,150,False,1500.0
9788,2025-07-15,S27,S36,S,45,False,180.0
9789,2025-07-15,S27,S25,SC,10,True,60.0
9790,2025-07-15,S48,S28,SC,100,True,600.0
9791,2025-07-15,S1,S6,S,25,True,120.0
9792,2025-07-15,S28,S18,R,50,True,600.0
9793,2025-07-15,S12,S3,R,45,True,540.0
9794,2025-07-15,S21,S17,R,20,False,200.0
9795,2025-07-15,S14,S8,R,30,False,300.0
9796,2025-07-15,S42,S28,S,70,False,280.0
9797,2025-07-15,S34,S28,SC,30,True,180.0
9798,2025-07-15,S28,S20,S,40,False,160.0
9799,2025-07-15,S19,S17,S,10,True,48.0
9800,2025-07-15,S10,S5,SC,25,True,150.0
9801,2025-07-16,S34,S24,SC,50,False,250.0
9802,2025-07-16,S33,S27,R,30,True,360.0
9803,2025-07-16,S48,S12,SC,180,False,900.0
9804,2025-07-16,S13,S46,SC,165,True,990.0
9805,2025-07-16,S3,S44,S,205,True,984.0
9806,2025-07-16,S9,S32,S,115,True,552.0
9807,2025-07-16,S23,S49,R,130,True,1560.0
9808,2025-07-16,S14,S33,SC,95,True,570.0
9809,2025-07-16,S17,S22,R,25,True,300.0
9810,2025-07-16,S42,S34,R,40,True,480.0
9811,2025-07-16,S46,S39,R,35,True,420.0
9812,2025-07-16,S16,S38,R,110,False,1100.0
9813,2025-07-16,S1,S30,R,145,False,1450.0
9814,2025-07-16,S38,S15,R,115,True,1380.0
9815,2025-07-16,S19,S23,SC,20,False,100.0
9816,2025-07-16,S36,S17,S,95,True,456.0
9817,2025-07-16,S15,S41,SC,130,False,650.0
9818,2025-07-16,S45,S14,SC,155,True,930.0
9819,2025-07-16,S42,S12,S,150,False,600.0
9820,2025-07-16,S31,S33,S,10,True,48.0
9821,2025-07-16,S35,S14,S,105,False,420.0
9822,2025-07-16,S44,S35,SC,45,True,270.0
9823,2025-07-16,S19,S46,R,135,False,1350.0
9824,2025-07-16,S28,S21,S,35,True,168.0
9825,2025-07-16,S25,S47,R,110,False,1100.0
9826,2025-07-16,S7,S30,SC,115,False,575.0
9827,2025-07-16,S4,S43,R,195,False,1950.0
9828,2025-07-16,S43,S10,SC,165,False,825.0
9829,2025-07-16,S35,S12,SC,115,False,575.0
9830,2025-07-16,S50,S6,R,220,False,2200.0
9831,2025-07-16,S22,S27,SC,25,True,150.0
9832,2025-07-16,S43,S9,S,170,True,816.0
9833,2025-07-16,S4,S14,R,50,False,500.0
9834,2025-07-16,S32,S30,SC,10,False,50.0
9835,2025-07-16,S18,S14,SC,20,False,100.0
9836,2025-07-16,S21,S30,R,45,False,450.0
9837,2025-07-16,S44,S19,SC,125,False,625.0
9838,2025-07-16,S19,S8,R,55,True,660.0
9839,2025-07-16,S38,S42,SC,20,True,120.0
9840,2025-07-16,S37,S23,R,70,True,840.0
9841,2025-07-16,S26,S47,SC,105,False,525.0
9842,2025-07-16,S28,S15,SC,65,False,325.0
9843,2025-07-16,S8,S3,R,25,False,250.0
9844,2025-07-16,S6,S44,S,190,False,760.0
9845,2025-07-16,S38,S39,R,5,True,60.0
9846,2025-07-16,S23,S9,R,70,False,700.0
9847,2025-07-16,S10,S26,R,80,True,960.0
9848,2025-07-16,S24,S25,S,5,True,24.0
9849,2025-07-16,S13,S44,S,155,False,620.0
9850,2025-07-16,S12,S8,S,20,False,80.0
9851,2025-07-17,S21,S14,R,35,True,420.0
9852,2025-07-17,S46,S30,S,80,True,384.0
9853,2025-07-17,S14,S8,S,30,True,144.0
9854,2025-07-17,S43,S4,S,195,False,780.0
9855,2025-07-17,S48,S15,S,165,False,660.0
9856,2025-07-17,S40,S7,SC,165,False,825.0
9857,2025-07-17,S14,S37,R,115,False,1150.0
9858,2025-07-17,S14,S2,R,60,True,720.0
9859,2025-07-17,S18,S50,SC,160,False,800.0
9860,2025-07-17,S12,S35,S,115,True,552.0
9861,2025-07-17,S22,S43,S,105,False,420.0
9862,2025-07-17,S45,S6,SC,195,True,1170.0
9863,2025-07-17,S45,S27,R,90,False,900.0
9864,2025-07-17,S28,S49,S,105,True,504.0
9865,2025-07-17,S14,S23,SC,45,True,270.0
9866,2025-07-17,S41,S47,R,30,False,300.0
9867,2025-07-17,S6,S39,R,165,True,1980.0
9868,2025-07-17,S26,S32,S,30,True,144.0
9869,2025-07-17,S31,S16,R,75,True,900.0
9870,2025-07-17,S14,S26,R,60,False,600.0
9871,2025-07-17,S38,S20,SC,90,False,450.0
9872,2025-07-17,S7,S47,S,200,True,960.0
9873,2025-07-17,S48,S31,R,85,True,1020.0
9874,2025-07-17,S40,S6,S,170,False,680.0
9875,2025-07-17,S8,S9,SC,5,True,30.0
9876,2025-07-17,S37,S18,S,95,True,456.0
9877,2025-07-17,S3,S4,S,5,False,20.0
9878,2025-07-17,S3,S43,R,200,False,2000.0
9879,2025-07-17,S20,S37,R,85,True,1020.0
9880,2025-07-17,S19,S8,S,55,True,264.0
9881,2025-07-17,S37,S22,R,75,True,900.0
9882,2025-07-17,S41,S25,S,80,True,384.0
9883,2025-07-17,S37,S16,R,105,True,1260.0
9884,2025-07-17,S39,S8,SC,155,False,775.0
9885,2025-07-17,S10,S23,S,65,True,312.0
9886,2025-07-17,S40,S5,R,175,True,2100.0
9887,2025-07-17,S10,S47,SC,185,False,925.0
9888,2025-07-17,S39,S13,SC,130,True,780.0
9889,2025-07-17,S13,S3,S,50,False,200.0
9890,2025-07-17,S20,S22,R,10,True,120.0
9891,2025-07-17,S45,S41,S,20,True,96.0
9892,2025-07-17,S11,S49,SC,190,False,950.0
9893,2025-07-17,S19,S24,SC,25,True,150.0
9894,2025-07-17,S12,S36,S,120,False,480.0
9895,2025-07-17,S6,S18,SC,60,True,360.0
9896,2025-07-17,S11,S41,SC,150,True,900.0
9897,2025-07-17,S38,S36,R,10,True,120.0
9898,2025-07-17,S1,S31,S,150,False,600.0
9899,2025-07-17,S18,S43,S,125,True,600.0
9900,2025-07-17,S47,S22,R,125,False,1250.0
9901,2025-07-18,S39,S17,SC,110,True,660.0
9902,2025-07-18,S13,S26,S,65,False,260.0
9903,2025-07-18,S6,S40,R,170,True,2040.0
9904,2025-07-18,S15,S23,SC,40,True,240.0
9905,2025-07-18,S43,S8,SC,175,False,875.0
9906,2025-07-18,S23,S3,R,100,False,1000.0
9907,2025-07-18,S3,S21,SC,90,True,540.0
9908,2025-07-18,S42,S19,SC,115,True,690.0
9909,2025-07-18,S4,S15,R,55,False,550.0
9910,2025-07-18,S29,S43,R,70,True,840.0
9911,2025-07-18,S37,S22,S,75,False,300.0
9912,2025-07-18,S29,S37,R,40,True,480.0
9913,2025-07-18,S18,S3,R,75,True,900.0
9914,2025-07-18,S37,S36,S,5,True,24.0
9915,2025-07-18,S22,S26,R,20,True,240.0
9916,2025-07-18,S19,S46,SC,135,False,675.0
9917,2025-07-18,S47,S14,SC,165,False,825.0
9918,2025-07-18,S16,S15,SC,5,True,30.0
9919,2025-07-18,S23,S4,R,95,True,1140.0
9920,2025-07-18,S44,S12,S,160,False,640.0
9921,2025-07-18,S25,S49,S,120,True,576.0
9922,2025-07-18,S38,S44,S,30,True,144.0
9923,2025-07-18,S36,S20,S,80,True,384.0
9924,2025-07-18,S8,S28,S,100,False,400.0
9925,2025-07-18,S39,S29,S,50,True,240.0
9926,2025-07-18,S33,S9,R,120,False,1200.0
9927,2025-07-18,S3,S14,S,55,True,264.0
9928,2025-07-18,S30,S48,SC,90,True,540.0
9929,2025-07-18,S10,S44,S,170,False,680.0
9930,2025-07-18,S12,S38,S,130,False,520.0
9931,2025-07-18,S36,S33,R,15,True,180.0
9932,2025-07-18,S20,S21,R,5,True,60.0
9933,2025-07-18,S32,S20,SC,60,True,360.0
9934,2025-07-18,S28,S44,S,80,True,384.0
9935,2025-07-18,S42,S30,SC,60,True,360.0
9936,2025-07-18,S18,S37,S,95,True,456.0
9937,2025-07-18,S4,S38,SC,170,True,1020.0
9938,2025-07-18,S46,S31,S,75,True,360.0
9939,2025-07-18,S50,S8,SC,210,False,1050.0
9940,2025-07-18,S29,S31,R,10,True,120.0
9941,2025-07-18,S45,S24,S,105,False,420.0
9942,2025-07-18,S18,S30,S,60,False,240.0
9943,2025-07-18,S7,S21,SC,70,False,350.0
9944,2025-07-18,S20,S25,R,25,False,250.0
9945,2025-07-18,S49,S19,S,150,False,600.0
9946,2025-07-18,S25,S37,SC,60,True,360.0
9947,2025-07-18,S14,S36,R,110,True,1320.0
9948,2025-07-18,S10,S23,R,65,True,780.0
9949,2025-07-18,S8,S15,R,35,False,350.0
9950,2025-07-18,S33,S13,SC,100,False,500.0
9951,2025-07-19,S30,S16,R,70,True,840.0
9952,2025-07-19,S2,S43,R,205,False,2050.0
9953,2025-07-19,S33,S48,R,75,True,900.0
9954,2025-07-19,S18,S2,S,80,True,384.0
9955,2025-07-19,S49,S40,SC,45,False,225.0
9956,2025-07-19,S26,S32,R,30,True,360.0
9957,2025-07-19,S31,S38,SC,35,False,175.0
9958,2025-07-19,S21,S46,S,125,False,500.0
9959,2025-07-19,S23,S13,SC,50,False,250.0
9960,2025-07-19,S50,S21,S,145,True,696.0
9961,2025-07-19,S47,S21,S,130,False,520.0
9962,2025-07-19,S16,S42,SC,130,False,650.0
9963,2025-07-19,S1,S41,S,200,True,960.0
9964,2025-07-19,S43,S7,S,180,True,864.0
9965,2025-07-19,S8,S36,R,140,True,1680.0
9966,2025-07-19,S43,S9,SC,170,True,1020.0
9967,2025-07-19,S40,S14,SC,130,False,650.0
9968,2025-07-19,S8,S43,SC,175,True,1050.0
9969,2025-07-19,S3,S18,R,75,False,750.0
9970,2025-07-19,S37,S19,S,90,True,432.0
9971,2025-07-19,S35,S9,SC,130,True,780.0
9972,2025-07-19,S28,S48,R,100,True,1200.0
9973,2025-07-19,S33,S6,S,135,True,648.0
9974,2025-07-19,S26,S23,R,15,True,180.0
9975,2025-07-19,S25,S21,R,20,True,240.0
9976,2025-07-19,S38,S26,R,60,False,600.0
9977,2025-07-19,S22,S38,S,80,False,320.0
9978,2025-07-19,S3,S50,R,235,False,2350.0
9979,2025-07-19,S30,S42,R,60,False,600.0
9980,2025-07-19,S25,S13,SC,60,True,360.0
9981,2025-07-19,S6,S31,SC,125,True,750.0
9982,2025-07-19,S17,S18,R,5,False,50.0
9983,2025-07-19,S35,S36,S,5,True,24.0
9984,2025-07-19,S23,S36,S,65,True,312.0
9985,2025-07-19,S44,S41,R,15,False,150.0
9986,2025-07-19,S19,S46,SC,135,False,675.0
9987,2025-07-19,S47,S26,R,105,True,1260.0
9988,2025-07-19,S12,S17,SC,25,True,150.0
9989,2025-07-19,S49,S9,SC,200,False,1000.0
9990,2025-07-19,S5,S20,SC,75,False,375.0
9991,2025-07-19,S42,S44,S,10,False,40.0
9992,2025-07-19,S36,S39,SC,15,False,75.0
9993,2025-07-19,S11,S30,R,95,False,950.0
9994,2025-07-19,S49,S27,R,110,False,1100.0
9995,2025-07-19,S27,S44,S,85,True,408.0
9996,2025-07-19,S35,S19,SC,80,False,400.0
9997,2025-07-19,S2,S20,S,90,False,360.0
9998,2025-07-19,S14,S19,S,25,True,120.0
9999,2025-07-19,S2,S22,SC,100,True,600.0
10000,2025-07-19,S39,S35,R,20,True,240.0
10001,2025-07-20,S49,S41,S,40,True,192.0
10002,2025-07-20,S39,S31,R,40,False,400.0
10003,2025-07-20,S1,S42,S,205,True,984.0
10004,2025-07-20,S9,S21,SC,60,False,300.0
10005,2025-07-20,S15,S46,R,155,False,1550.0
10006,2025-07-20,S33,S19,SC,70,True,420.0
10007,2025-07-20,S8,S7,R,5,True,60.0
10008,2025-07-20,S2,S18,R,80,True,960.0
10009,2025-07-20,S44,S41,S,15,False,60.0
10010,2025-07-20,S15,S25,R,50,True,600.0
10011,2025-07-20,S16,S40,SC,120,False,600.0
10012,2025-07-20,S47,S4,SC,215,True,1290.0
10013,2025-07-20,S25,S48,SC,115,False,575.0
10014,2025-07-20,S13,S12,R,5,True,60.0
10015,2025-07-20,S9,S33,R,120,True,1440.0
10016,2025-07-20,S6,S9,R,15,True,180.0
10017,2025-07-20,S28,S21,SC,35,False,175.0
10018,2025-07-20,S39,S24,R,75,True,900.0
10019,2025-07-20,S8,S10,S,10,True,48.0
10020,2025-07-20,S45,S21,SC,120,True,720.0
10021,2025-07-20,S2,S49,S,235,True,1128.0
10022,2025-07-20,S48,S8,SC,200,False,1000.0
10023,2025-07-20,S44,S7,SC,185,False,925.0
10024,2025-07-20,S29,S6,R,115,False,1150.0
10025,2025-07-20,S46,S17,SC,145,True,870.0
10026,2025-07-20,S22,S42,SC,100,True,600.0
10027,2025-07-20,S32,S45,SC,65,False,325.0
10028,2025-07-20,S45,S36,S,45,False,180.0
10029,2025-07-20,S4,S37,S,165,False,660.0
10030,2025-07-20,S46,S31,S,75,True,360.0
10031,2025-07-20,S2,S12,R,50,True,600.0
10032,2025-07-20,S5,S10,S,25,True,120.0
10033,2025-07-20,S25,S15,R,50,False,500.0
10034,2025-07-20,S49,S20,R,145,True,1740.0
10035,2025-07-20,S44,S17,R,135,True,1620.0
10036,2025-07-20,S6,S3,SC,15,False,75.0
10037,2025-07-20,S13,S9,R,20,False,200.0
10038,2025-07-20,S49,S36,SC,65,True,390.0
10039,2025-07-20,S18,S37,R,95,True,1140.0
10040,2025-07-20,S50,S43,S,35,False,140.0
10041,2025-07-20,S1,S50,SC,245,False,1225.0
10042,2025-07-20,S4,S43,R,195,True,2340.0
10043,2025-07-20,S12,S34,R,110,True,1320.0
10044,2025-07-20,S26,S28,S,10,False,40.0
10045,2025-07-20,S19,S30,R,55,True,660.0
10046,2025-07-20,S24,S37,R,65,False,650.0
10047,2025-07-20,S46,S18,SC,140,True,840.0
10048,2025-07-20,S29,S33,SC,20,False,100.0
10049,2025-07-20,S9,S39,S,150,True,720.0
10050,2025-07-20,S15,S50,S,175,True,840.0
10051,2025-07-21,S29,S47,S,90,True,432.0
10052,2025-07-21,S41,S18,S,115,False,460.0
10053,2025-07-21,S10,S7,S,15,False,60.0
10054,2025-07-21,S28,S12,S,80,True,384.0
10055,2025-07-21,S36,S42,S,30,False,120.0
10056,2025-07-21,S31,S24,SC,35,False,175.0
10057,2025-07-21,S25,S46,SC,105,True,630.0
10058,2025-07-21,S26,S44,S,90,False,360.0
10059,2025-07-21,S19,S5,S,70,False,280.0
10060,2025-07-21,S45,S8,R,185,True,2220.0
10061,2025-07-21,S9,S23,R,70,False,700.0
10062,2025-07-21,S13,S48,R,175,False,1750.0
10063,2025-07-21,S46,S32,S,70,True,336.0
10064,2025-07-21,S43,S34,S,45,True,216.0
10065,2025-07-21,S32,S21,S,55,True,264.0
10066,2025-07-21,S39,S48,R,45,False,450.0
10067,2025-07-21,S33,S20,S,65,False,260.0
10068,2025-07-21,S31,S9,R,110,True,1320.0
10069,2025-07-21,S22,S43,R,105,True,1260.0
10070,2025-07-21,S44,S48,S,20,False,80.0
10071,2025-07-21,S34,S13,SC,105,True,630.0
10072,2025-07-21,S25,S48,R,115,False,1150.0
10073,2025-07-21,S33,S20,R,65,True,780.0
10074,2025-07-21,S13,S8,SC,25,True,150.0
10075,2025-07-21,S43,S17,R,130,False,1300.0
10076,2025-07-21,S36,S30,SC,30,False,150.0
10077,2025-07-21,S4,S48,R,220,False,2200.0
10078,2025-07-21,S36,S22,SC,70,True,420.0
10079,2025-07-21,S47,S36,S,55,False,220.0
10080,2025-07-21,S3,S4,SC,5,False,25.0
10081,2025-07-21,S23,S36,S,65,False,260.0
10082,2025-07-21,S34,S13,R,105,False,1050.0
10083,2025-07-21,S47,S50,R,15,True,180.0
10084,2025-07-21,S20,S27,S,35,False,140.0
10085,2025-07-21,S11,S30,S,95,False,380.0
10086,2025-07-21,S5,S18,SC,65,False,325.0
10087,2025-07-21,S2,S20,R,90,False,900.0
10088,2025-07-21,S40,S6,SC,170,True,1020.0
10089,2025-07-21,S23,S31,R,40,True,480.0
10090,2025-07-21,S23,S49,R,130,False,1300.0
10091,2025-07-21,S41,S5,SC,180,False,900.0
10092,2025-07-21,S28,S16,S,60,True,288.0
10093,2025-07-21,S39,S47,SC,40,False,200.0
10094,2025-07-21,S50,S13,S,185,False,740.0
10095,2025-07-21,S27,S34,SC,35,True,210.0
10096,2025-07-21,S46,S15,SC,155,True,930.0
10097,2025-07-21,S35,S33,SC,10,False,50.0
10098,2025-07-21,S34,S8,R,130,False,1300.0
10099,2025-07-21,S32,S45,SC,65,False,325.0
10100,2025-07-21,S37,S17,S,100,False,400.0
10101,2025-07-22,S35,S10,SC,125,True,750.0
10102,2025-07-22,S50,S4,S,230,True,1104.0
10103,2025-07-22,S30,S44,R,70,False,700.0
10104,2025-07-22,S6,S24,S,90,True,432.0
10105,2025-07-22,S3,S1,SC,10,False,50.0
10106,2025-07-22,S11,S20,R,45,True,540.0
10107,2025-07-22,S28,S9,SC,95,True,570.0
10108,2025-07-22,S36,S33,SC,15,True,90.0
10109,2025-07-22,S39,S43,R,20,False,200.0
10110,2025-07-22,S24,S6,SC,90,False,450.0
10111,2025-07-22,S10,S30,S,100,False,400.0
10112,2025-07-22,S25,S16,R,45,True,540.0
10113,2025-07-22,S36,S49,S,65,True,312.0
10114,2025-07-22,S3,S9,R,30,False,300.0
10115,2025-07-22,S50,S21,R,145,True,1740.0
10116,2025-07-22,S18,S2,S,80,True,384.0
10117,2025-07-22,S40,S13,R,135,True,1620.0
10118,2025-07-22,S9,S1,S,40,False,160.0
10119,2025-07-22,S26,S37,S,55,False,220.0
10120,2025-07-22,S13,S47,SC,170,True,1020.0
10121,2025-07-22,S13,S31,R,90,True,1080.0
10122,2025-07-22,S31,S14,R,85,True,1020.0
10123,2025-07-22,S37,S19,SC,90,False,450.0
10124,2025-07-22,S21,S12,R,45,False,450.0
10125,2025-07-22,S29,S50,SC,105,False,525.0
10126,2025-07-22,S8,S17,R,45,False,450.0
10127,2025-07-22,S37,S29,R,40,True,480.0
10128,2025-07-22,S39,S9,R,150,True,1800.0
10129,2025-07-22,S21,S27,SC,30,False,150.0
10130,2025-07-22,S48,S50,S,10,True,48.0
10131,2025-07-22,S1,S29,SC,140,False,700.0
10132,2025-07-22,S36,S24,SC,60,True,360.0
10133,2025-07-22,S28,S36,R,40,False,400.0
10134,2025-07-22,S44,S33,R,55,True,660.0
10135,2025-07-22,S13,S27,R,70,False,700.0
10136,2025-07-22,S48,S17,SC,155,False,775.0
10137,2025-07-22,S37,S38,R,5,False,50.0
10138,2025-07-22,S1,S2,S,5,False,20.0
10139,2025-07-22,S50,S24,SC,130,True,780.0
10140,2025-07-22,S27,S30,R,15,False,150.0
10141,2025-07-22,S15,S4,SC,55,False,275.0
10142,2025-07-22,S49,S31,R,90,True,1080.0
10143,2025-07-22,S33,S12,SC,105,False,525.0
10144,2025-07-22,S14,S44,R,150,True,1800.0
10145,2025-07-22,S32,S40,S,40,False,160.0
10146,2025-07-22,S6,S33,S,135,False,540.0
10147,2025-07-22,S38,S42,S,20,False,80.0
10148,2025-07-22,S17,S9,SC,40,False,200.0
10149,2025-07-22,S43,S42,SC,5,False,25.0
10150,2025-07-22,S40,S44,SC,20,True,120.0
10151,2025-07-23,S33,S7,SC,130,True,780.0
10152,2025-07-23,S46,S41,R,25,False,250.0
10153,2025-07-23,S43,S23,R,100,True,1200.0
10154,2025-07-23,S34,S8,S,130,True,624.0
10155,2025-07-23,S21,S50,SC,145,False,725.0
10156,2025-07-23,S12,S6,S,30,False,120.0
10157,2025-07-23,S24,S47,SC,115,False,575.0
10158,2025-07-23,S46,S43,S,15,False,60.0
10159,2025-07-23,S23,S24,SC,5,False,25.0
10160,2025-07-23,S19,S16,S,15,False,60.0
10161,2025-07-23,S8,S21,S,65,False,260.0
10162,2025-07-23,S48,S31,S,85,True,408.0
10163,2025-07-23,S44,S20,R,120,True,1440.0
10164,2025-07-23,S7,S48,SC,205,False,1025.0
10165,2025-07-23,S37,S4,SC,165,False,825.0
10166,2025-07-23,S37,S42,R,25,True,300.0
10167,2025-07-23,S8,S22,SC,70,False,350.0
10168,2025-07-23,S5,S13,R,40,True,480.0
10169,2025-07-23,S38,S41,R,15,True,180.0
10170,2025-07-23,S32,S2,SC,150,False,750.0
10171,2025-07-23,S40,S8,S,160,False,640.0
10172,2025-07-23,S43,S24,S,95,True,456.0
10173,2025-07-23,S48,S24,SC,120,False,600.0
10174,2025-07-23,S5,S1,SC,20,False,100.0
10175,2025-07-23,S27,S49,SC,110,False,550.0
10176,2025-07-23,S31,S44,S,65,False,260.0
10177,2025-07-23,S9,S30,R,105,True,1260.0
10178,2025-07-23,S40,S42,S,10,False,40.0
10179,2025-07-23,S20,S5,R,75,False,750.0
10180,2025-07-23,S12,S18,SC,30,False,150.0
10181,2025-07-23,S24,S45,SC,105,True,630.0
10182,2025-07-23,S39,S21,R,90,True,1080.0
10183,2025-07-23,S32,S34,R,10,True,120.0
10184,2025-07-23,S42,S39,SC,15,False,75.0
10185,2025-07-23,S1,S26,R,125,True,1500.0
10186,2025-07-23,S47,S10,S,185,False,740.0
10187,2025-07-23,S27,S19,SC,40,False,200.0
10188,2025-07-23,S32,S41,S,45,False,180.0
10189,2025-07-23,S1,S46,S,225,False,900.0
10190,2025-07-23,S31,S27,SC,20,False,100.0
10191,2025-07-23,S36,S32,S,20,False,80.0
10192,2025-07-23,S34,S5,R,145,False,1450.0
10193,2025-07-23,S27,S34,SC,35,True,210.0
10194,2025-07-23,S24,S5,SC,95,False,475.0
10195,2025-07-23,S19,S23,S,20,True,96.0
10196,2025-07-23,S32,S19,R,65,False,650.0
10197,2025-07-23,S8,S37,SC,145,True,870.0
10198,2025-07-23,S34,S43,S,45,False,180.0
10199,2025-07-23,S37,S46,SC,45,True,270.0
10200,2025-07-23,S27,S37,SC,50,False,250.0
10201,2025-07-24,S44,S21,SC,115,True,690.0
10202,2025-07-24,S36,S34,SC,10,True,60.0
10203,2025-07-24,S28,S18,SC,50,True,300.0
10204,2025-07-24,S50,S33,R,85,False,850.0
10205,2025-07-24,S3,S6,SC,15,True,90.0
10206,2025-07-24,S24,S27,R,15,False,150.0
10207,2025-07-24,S34,S3,R,155,True,1860.0
10208,2025-07-24,S26,S35,S,45,True,216.0
10209,2025-07-24,S17,S6,S,55,True,264.0
10210,2025-07-24,S22,S48,R,130,True,1560.0
10211,2025-07-24,S37,S9,SC,140,False,700.0
10212,2025-07-24,S32,S33,R,5,False,50.0
10213,2025-07-24,S35,S29,S,30,True,144.0
10214,2025-07-24,S29,S31,SC,10,False,50.0
10215,2025-07-24,S16,S22,S,30,True,144.0
10216,2025-07-24,S18,S2,SC,80,False,400.0
10217,2025-07-24,S23,S35,R,60,False,600.0
10218,2025-07-24,S26,S43,S,85,False,340.0
10219,2025-07-24,S2,S34,S,160,True,768.0
10220,2025-07-24,S29,S50,S,105,True,504.0
10221,2025-07-24,S38,S20,S,90,True,432.0
10222,2025-07-24,S40,S48,S,40,True,192.0
10223,2025-07-24,S6,S46,R,200,False,2000.0
10224,2025-07-24,S6,S35,R,145,False,1450.0
10225,2025-07-24,S6,S21,SC,75,False,375.0
10226,2025-07-24,S6,S19,R,65,True,780.0
10227,2025-07-24,S44,S9,S,175,False,700.0
10228,2025-07-24,S13,S29,S,80,True,384.0
10229,2025-07-24,S23,S41,R,90,False,900.0
10230,2025-07-24,S48,S20,S,140,True,672.0
10231,2025-07-24,S25,S39,S,70,True,336.0
10232,2025-07-24,S6,S32,S,130,True,624.0
10233,2025-07-24,S38,S44,S,30,False,120.0
10234,2025-07-24,S47,S36,S,55,True,264.0
10235,2025-07-24,S27,S42,R,75,False,750.0
10236,2025-07-24,S36,S19,S,85,False,340.0
10237,2025-07-24,S7,S48,S,205,False,820.0
10238,2025-07-24,S26,S29,R,15,False,150.0
10239,2025-07-24,S15,S48,R,165,False,1650.0
10240,2025-07-24,S43,S19,SC,120,True,720.0
10241,2025-07-24,S42,S17,R,125,False,1250.0
10242,2025-07-24,S13,S3,R,50,True,600.0
10243,2025-07-24,S25,S1,SC,120,True,720.0
10244,2025-07-24,S5,S46,S,205,True,984.0
10245,2025-07-24,S18,S13,SC,25,True,150.0
10246,2025-07-24,S20,S15,S,25,True,120.0
10247,2025-07-24,S30,S44,S,70,False,280.0
10248,2025-07-24,S14,S32,R,90,False,900.0
10249,2025-07-24,S46,S40,S,30,False,120.0
10250,2025-07-24,S15,S5,S,50,True,240.0
10251,2025-07-25,S25,S31,R,30,False,300.0
10252,2025-07-25,S2,S26,R,120,False,1200.0
10253,2025-07-25,S32,S17,S,75,True,360.0
10254,2025-07-25,S18,S32,S,70,True,336.0
10255,2025-07-25,S8,S26,S,90,False,360.0
10256,2025-07-25,S13,S18,S,25,True,120.0
10257,2025-07-25,S30,S20,S,50,False,200.0
10258,2025-07-25,S42,S28,SC,70,False,350.0
10259,2025-07-25,S40,S6,S,170,False,680.0
10260,2025-07-25,S40,S48,S,40,True,192.0
10261,2025-07-25,S7,S18,S,55,True,264.0
10262,2025-07-25,S21,S12,S,45,True,216.0
10263,2025-07-25,S19,S9,SC,50,False,250.0
10264,2025-07-25,S5,S42,S,185,False,740.0
10265,2025-07-25,S21,S49,SC,140,True,840.0
10266,2025-07-25,S33,S37,S,20,False,80.0
10267,2025-07-25,S23,S4,R,95,False,950.0
10268,2025-07-25,S25,S14,SC,55,False,275.0
10269,2025-07-25,S9,S35,S,130,False,520.0
10270,2025-07-25,S32,S36,R,20,True,240.0
10271,2025-07-25,S34,S36,S,10,False,40.0
10272,2025-07-25,S16,S8,R,40,True,480.0
10273,2025-07-25,S30,S10,SC,100,True,600.0
10274,2025-07-25,S33,S40,S,35,False,140.0
10275,2025-07-25,S3,S35,SC,160,True,960.0
10276,2025-07-25,S49,S29,S,100,True,480.0
10277,2025-07-25,S7,S42,SC,175,False,875.0
10278,2025-07-25,S31,S42,SC,55,True,330.0
10279,2025-07-25,S4,S16,SC,60,False,300.0
10280,2025-07-25,S42,S28,S,70,True,336.0
10281,2025-07-25,S34,S16,R,90,False,900.0
10282,2025-07-25,S6,S40,R,170,False,1700.0
10283,2025-07-25,S41,S43,R,10,False,100.0
10284,2025-07-25,S25,S41,R,80,False,800.0
10285,2025-07-25,S23,S11,SC,60,False,300.0
10286,2025-07-25,S35,S10,R,125,True,1500.0
10287,2025-07-25,S35,S30,SC,25,False,125.0
10288,2025-07-25,S45,S15,R,150,False,1500.0
10289,2025-07-25,S5,S50,R,225,True,2700.0
10290,2025-07-25,S40,S16,R,120,True,1440.0
10291,2025-07-25,S11,S44,SC,165,False,825.0
10292,2025-07-25,S1,S45,SC,220,False,1100.0
10293,2025-07-25,S30,S41,S,55,False,220.0
10294,2025-07-25,S14,S4,SC,50,True,300.0
10295,2025-07-25,S44,S8,S,180,True,864.0
10296,2025-07-25,S45,S8,S,185,True,888.0
10297,2025-07-25,S29,S30,SC,5,True,30.0
10298,2025-07-25,S35,S39,S,20,False,80.0
10299,2025-07-25,S16,S44,S,140,False,560.0
10300,2025-07-25,S49,S18,R,155,False,1550.0
10301,2025-07-26,S45,S47,R,10,False,100.0
10302,2025-07-26,S8,S34,R,130,True,1560.0
10303,2025-07-26,S22,S7,R,75,True,900.0
10304,2025-07-26,S47,S9,S,190,False,760.0
10305,2025-07-26,S8,S27,SC,95,False,475.0
10306,2025-07-26,S36,S24,S,60,True,288.0
10307,2025-07-26,S5,S41,S,180,True,864.0
10308,2025-07-26,S10,S18,R,40,False,400.0
10309,2025-07-26,S36,S39,SC,15,False,75.0
10310,2025-07-26,S26,S34,R,40,True,480.0
10311,2025-07-26,S31,S2,R,145,False,1450.0
10312,2025-07-26,S33,S26,S,35,True,168.0
10313,2025-07-26,S45,S40,R,25,False,250.0
10314,2025-07-26,S31,S24,S,35,False,140.0
10315,2025-07-26,S29,S3,R,130,True,1560.0
10316,2025-07-26,S8,S1,S,35,True,168.0
10317,2025-07-26,S34,S1,SC,165,True,990.0
10318,2025-07-26,S3,S40,SC,185,True,1110.0
10319,2025-07-26,S20,S42,SC,110,False,550.0
10320,2025-07-26,S41,S35,R,30,False,300.0
10321,2025-07-26,S42,S27,SC,75,False,375.0
10322,2025-07-26,S34,S5,R,145,False,1450.0
10323,2025-07-26,S32,S41,SC,45,True,270.0
10324,2025-07-26,S13,S11,SC,10,True,60.0
10325,2025-07-26,S28,S11,SC,85,False,425.0
10326,2025-07-26,S25,S43,SC,90,False,450.0
10327,2025-07-26,S17,S33,SC,80,True,480.0
10328,2025-07-26,S45,S18,SC,135,True,810.0
10329,2025-07-26,S31,S27,S,20,True,96.0
10330,2025-07-26,S6,S28,S,110,False,440.0
10331,2025-07-26,S4,S27,SC,115,True,690.0
10332,2025-07-26,S25,S14,R,55,False,550.0
10333,2025-07-26,S36,S47,S,55,False,220.0
10334,2025-07-26,S10,S49,S,195,True,936.0
10335,2025-07-26,S47,S18,SC,145,True,870.0
10336,2025-07-26,S49,S38,R,55,True,660.0
10337,2025-07-26,S26,S13,S,65,False,260.0
10338,2025-07-26,S49,S5,SC,220,False,1100.0
10339,2025-07-26,S33,S41,R,40,False,400.0
10340,2025-07-26,S12,S4,SC,40,False,200.0
10341,2025-07-26,S10,S48,R,190,True,2280.0
10342,2025-07-26,S27,S4,R,115,True,1380.0
10343,2025-07-26,S2,S35,R,165,False,1650.0
10344,2025-07-26,S17,S6,SC,55,True,330.0
10345,2025-07-26,S14,S8,SC,30,True,180.0
10346,2025-07-26,S22,S44,S,110,False,440.0
10347,2025-07-26,S3,S32,R,145,True,1740.0
10348,2025-07-26,S9,S34,R,125,True,1500.0
10349,2025-07-26,S27,S5,S,110,False,440.0
10350,2025-07-26,S39,S2,R,185,False,1850.0
10351,2025-07-27,S50,S39,S,55,True,264.0
10352,2025-07-27,S19,S3,R,80,False,800.0
10353,2025-07-27,S15,S31,S,80,False,320.0
10354,2025-07-27,S41,S49,S,40,False,160.0
10355,2025-07-27,S1,S21,SC,100,False,500.0
10356,2025-07-27,S19,S45,S,130,True,624.0
10357,2025-07-27,S41,S5,SC,180,False,900.0
10358,2025-07-27,S30,S49,S,95,True,456.0
10359,2025-07-27,S36,S28,R,40,True,480.0
10360,2025-07-27,S24,S11,S,65,True,312.0
10361,2025-07-27,S6,S36,S,150,True,720.0
10362,2025-07-27,S13,S8,R,25,False,250.0
10363,2025-07-27,S9,S27,SC,90,False,450.0
10364,2025-07-27,S48,S1,S,235,True,1128.0
10365,2025-07-27,S4,S15,R,55,False,550.0
10366,2025-07-27,S41,S26,S,75,False,300.0
10367,2025-07-27,S41,S36,SC,25,False,125.0
10368,2025-07-27,S14,S25,SC,55,False,275.0
10369,2025-07-27,S40,S19,S,105,False,420.0
10370,2025-07-27,S46,S4,R,210,False,2100.0
10371,2025-07-27,S12,S35,R,115,False,1150.0
10372,2025-07-27,S10,S42,SC,160,True,960.0
10373,2025-07-27,S7,S11,R,20,True,240.0
10374,2025-07-27,S7,S48,S,205,True,984.0
10375,2025-07-27,S8,S11,SC,15,True,90.0
10376,2025-07-27,S6,S26,S,100,True,480.0
10377,2025-07-27,S6,S43,SC,185,True,1110.0
10378,2025-07-27,S43,S29,R,70,False,700.0
10379,2025-07-27,S3,S45,SC,210,True,1260.0
10380,2025-07-27,S10,S11,R,5,True,60.0
10381,2025-07-27,S22,S13,SC,45,False,225.0
10382,2025-07-27,S12,S7,SC,25,False,125.0
10383,2025-07-27,S20,S22,SC,10,False,50.0
10384,2025-07-27,S36,S23,R,65,True,780.0
10385,2025-07-27,S22,S35,R,65,True,780.0
10386,2025-07-27,S3,S16,S,65,True,312.0
10387,2025-07-27,S3,S22,R,95,False,950.0
10388,2025-07-27,S50,S27,SC,115,True,690.0
10389,2025-07-27,S42,S19,R,115,True,1380.0
10390,2025-07-27,S42,S47,SC,25,True,150.0
10391,2025-07-27,S30,S41,R,55,False,550.0
10392,2025-07-27,S20,S45,S,125,True,600.0
10393,2025-07-27,S4,S19,S,75,True,360.0
10394,2025-07-27,S32,S24,SC,40,False,200.0
10395,2025-07-27,S32,S13,R,95,True,1140.0
10396,2025-07-27,S9,S18,S,45,False,180.0
10397,2025-07-27,S44,S15,SC,145,False,725.0
10398,2025-07-27,S3,S13,S,50,False,200.0
10399,2025-07-27,S23,S33,S,50,False,200.0
10400,2025-07-27,S10,S43,R,165,True,1980.0
10401,2025-07-28,S23,S2,R,105,False,1050.0
10402,2025-07-28,S34,S3,SC,155,True,930.0
10403,2025-07-28,S44,S37,R,35,False,350.0
10404,2025-07-28,S42,S16,S,130,False,520.0
10405,2025-07-28,S28,S2,S,130,False,520.0
10406,2025-07-28,S18,S29,R,55,True,660.0
10407,2025-07-28,S44,S30,S,70,True,336.0
10408,2025-07-28,S24,S46,SC,110,False,550.0
10409,2025-07-28,S40,S49,R,45,True,540.0
10410,2025-07-28,S41,S19,SC,110,True,660.0
10411,2025-07-28,S9,S46,R,185,True,2220.0
10412,2025-07-28,S13,S12,S,5,True,24.0
10413,2025-07-28,S13,S45,R,160,False,1600.0
10414,2025-07-28,S23,S15,R,40,True,480.0
10415,2025-07-28,S42,S30,R,60,True,720.0
10416,2025-07-28,S23,S5,SC,90,True,540.0
10417,2025-07-28,S40,S2,SC,190,True,1140.0
10418,2025-07-28,S34,S31,R,15,False,150.0
10419,2025-07-28,S15,S45,S,150,False,600.0
10420,2025-07-28,S21,S27,R,30,False,300.0
10421,2025-07-28,S10,S15,SC,25,False,125.0
10422,2025-07-28,S50,S16,SC,170,True,1020.0
10423,2025-07-28,S34,S50,SC,80,False,400.0
10424,2025-07-28,S22,S35,R,65,False,650.0
10425,2025-07-28,S10,S4,SC,30,False,150.0
10426,2025-07-28,S18,S49,SC,155,False,775.0
10427,2025-07-28,S35,S23,R,60,True,720.0
10428,2025-07-28,S36,S22,R,70,False,700.0
10429,2025-07-28,S10,S17,R,35,True,420.0
10430,2025-07-28,S9,S16,SC,35,False,175.0
10431,2025-07-28,S23,S7,S,80,True,384.0
10432,2025-07-28,S49,S18,R,155,True,1860.0
10433,2025-07-28,S43,S41,SC,10,False,50.0
10434,2025-07-28,S4,S37,SC,165,True,990.0
10435,2025-07-28,S41,S46,SC,25,True,150.0
10436,2025-07-28,S28,S44,SC,80,False,400.0
10437,2025-07-28,S41,S11,SC,150,False,750.0
10438,2025-07-28,S26,S45,SC,95,False,475.0
10439,2025-07-28,S26,S47,R,105,False,1050.0
10440,2025-07-28,S2,S43,S,205,True,984.0
10441,2025-07-28,S45,S14,S,155,True,744.0
10442,2025-07-28,S14,S10,R,20,False,200.0
10443,2025-07-28,S30,S41,SC,55,True,330.0
10444,2025-07-28,S50,S3,S,235,False,940.0
10445,2025-07-28,S47,S13,S,170,False,680.0
10446,2025-07-28,S7,S1,SC,30,False,150.0
10447,2025-07-28,S3,S38,R,175,False,1750.0
10448,2025-07-28,S44,S13,S,155,False,620.0
10449,2025-07-28,S45,S37,R,40,False,400.0
10450,2025-07-28,S42,S40,SC,10,False,50.0
10451,2025-07-29,S26,S35,R,45,True,540.0
10452,2025-07-29,S11,S40,SC,145,True,870.0
10453,2025-07-29,S31,S35,S,20,True,96.0
10454,2025-07-29,S18,S30,S,60,True,288.0
10455,2025-07-29,S37,S39,S,10,False,40.0
10456,2025-07-29,S32,S7,R,125,True,1500.0
10457,2025-07-29,S18,S10,R,40,False,400.0
10458,2025-07-29,S15,S39,S,120,False,480.0
10459,2025-07-29,S13,S32,SC,95,True,570.0
10460,2025-07-29,S6,S46,SC,200,True,1200.0
10461,2025-07-29,S46,S21,R,125,True,1500.0
10462,2025-07-29,S27,S17,SC,50,False,250.0
10463,2025-07-29,S30,S42,R,60,False,600.0
10464,2025-07-29,S4,S19,S,75,False,300.0
10465,2025-07-29,S13,S43,R,150,False,1500.0
10466,2025-07-29,S13,S14,SC,5,False,25.0
10467,2025-07-29,S33,S40,R,35,True,420.0
10468,2025-07-29,S46,S9,S,185,True,888.0
10469,2025-07-29,S7,S16,R,45,False,450.0
10470,2025-07-29,S2,S30,R,140,True,1680.0
10471,2025-07-29,S15,S47,SC,160,True,960.0
10472,2025-07-29,S23,S26,SC,15,True,90.0
10473,2025-07-29,S22,S6,S,80,False,320.0
10474,2025-07-29,S15,S37,R,110,True,1320.0
10475,2025-07-29,S37,S8,S,145,False,580.0
10476,2025-07-29,S43,S5,SC,190,True,1140.0
10477,2025-07-29,S32,S5,S,135,True,648.0
10478,2025-07-29,S6,S38,S,160,True,768.0
10479,2025-07-29,S35,S27,R,40,True,480.0
10480,2025-07-29,S17,S49,SC,160,False,800.0
10481,2025-07-29,S47,S49,S,10,False,40.0
10482,2025-07-29,S25,S14,SC,55,False,275.0
10483,2025-07-29,S27,S46,S,95,True,456.0
10484,2025-07-29,S31,S12,SC,95,True,570.0
10485,2025-07-29,S8,S2,S,30,False,120.0
10486,2025-07-29,S26,S32,R,30,False,300.0
10487,2025-07-29,S43,S45,SC,10,True,60.0
10488,2025-07-29,S5,S47,R,210,True,2520.0
10489,2025-07-29,S7,S36,S,145,True,696.0
10490,2025-07-29,S9,S16,R,35,True,420.0
10491,2025-07-29,S28,S35,S,35,False,140.0
10492,2025-07-29,S36,S6,SC,150,False,750.0
10493,2025-07-29,S47,S23,R,120,False,1200.0
10494,2025-07-29,S4,S16,R,60,False,600.0
10495,2025-07-29,S29,S46,R,85,False,850.0
10496,2025-07-29,S21,S10,S,55,False,220.0
10497,2025-07-29,S22,S49,S,135,False,540.0
10498,2025-07-29,S7,S1,R,30,False,300.0
10499,2025-07-29,S33,S47,S,70,True,336.0
10500,2025-07-29,S6,S32,S,130,True,624.0
10501,2025-07-30,S4,S36,R,160,False,1600.0
10502,2025-07-30,S1,S10,R,45,True,540.0
10503,2025-07-30,S23,S22,SC,5,True,30.0
10504,2025-07-30,S8,S31,R,115,False,1150.0
10505,2025-07-30,S6,S41,R,175,False,1750.0
10506,2025-07-30,S3,S47,S,220,True,1056.0
10507,2025-07-30,S3,S4,S,5,True,24.0
10508,2025-07-30,S11,S47,S,180,False,720.0
10509,2025-07-30,S24,S26,SC,10,True,60.0
10510,2025-07-30,S14,S34,SC,100,False,500.0
10511,2025-07-30,S11,S36,S,125,True,600.0
10512,2025-07-30,S41,S11,R,150,False,1500.0
10513,2025-07-30,S14,S2,R,60,True,720.0
10514,2025-07-30,S18,S15,R,15,True,180.0
10515,2025-07-30,S18,S43,R,125,True,1500.0
10516,2025-07-30,S18,S37,R,95,True,1140.0
10517,2025-07-30,S25,S35,SC,50,False,250.0
10518,2025-07-30,S46,S25,S,105,True,504.0
10519,2025-07-30,S7,S29,R,110,False,1100.0
10520,2025-07-30,S49,S16,SC,165,False,825.0
10521,2025-07-30,S19,S23,R,20,True,240.0
10522,2025-07-30,S49,S17,R,160,False,1600.0
10523,2025-07-30,S9,S24,S,75,False,300.0
10524,2025-07-30,S21,S36,SC,75,True,450.0
10525,2025-07-30,S36,S11,R,125,False,1250.0
10526,2025-07-30,S17,S44,R,135,False,1350.0
10527,2025-07-30,S17,S30,S,65,False,260.0
10528,2025-07-30,S36,S16,SC,100,False,500.0
10529,2025-07-30,S37,S35,S,10,True,48.0
10530,2025-07-30,S46,S12,S,170,True,816.0
10531,2025-07-30,S27,S33,SC,30,True,180.0
10532,2025-07-30,S48,S39,R,45,False,450.0
10533,2025-07-30,S46,S22,SC,120,False,600.0
10534,2025-07-30,S29,S6,S,115,True,552.0
10535,2025-07-30,S16,S13,SC,15,True,90.0
10536,2025-07-30,S28,S34,R,30,False,300.0
10537,2025-07-30,S35,S38,S,15,False,60.0
10538,2025-07-30,S28,S29,S,5,True,24.0
10539,2025-07-30,S26,S21,R,25,False,250.0
10540,2025-07-30,S22,S26,SC,20,True,120.0
10541,2025-07-30,S23,S45,S,110,True,528.0
10542,2025-07-30,S4,S29,S,125,True,600.0
10543,2025-07-30,S16,S29,SC,65,False,325.0
10544,2025-07-30,S41,S15,SC,130,False,650.0
10545,2025-07-30,S24,S39,S,75,False,300.0
10546,2025-07-30,S3,S24,SC,105,False,525.0
10547,2025-07-30,S45,S5,S,200,True,960.0
10548,2025-07-30,S39,S11,R,140,True,1680.0
10549,2025-07-30,S26,S42,SC,80,False,400.0
10550,2025-07-30,S7,S18,SC,55,True,330.0
10551,2025-07-31,S30,S38,S,40,False,160.0
10552,2025-07-31,S26,S21,R,25,True,300.0
10553,2025-07-31,S39,S34,SC,25,True,150.0
10554,2025-07-31,S37,S14,R,115,True,1380.0
10555,2025-07-31,S1,S40,R,195,True,2340.0
10556,2025-07-31,S29,S7,SC,110,True,660.0
10557,2025-07-31,S34,S24,SC,50,True,300.0
10558,2025-07-31,S45,S40,SC,25,True,150.0
10559,2025-07-31,S31,S48,SC,85,False,425.0
10560,2025-07-31,S9,S6,R,15,True,180.0
10561,2025-07-31,S3,S32,S,145,False,580.0
10562,2025-07-31,S12,S19,SC,35,False,175.0
10563,2025-07-31,S18,S48,SC,150,False,750.0
10564,2025-07-31,S49,S21,R,140,True,1680.0
10565,2025-07-31,S31,S25,S,30,True,144.0
10566,2025-07-31,S9,S12,R,15,False,150.0
10567,2025-07-31,S13,S19,S,30,True,144.0
10568,2025-07-31,S38,S26,SC,60,False,300.0
10569,2025-07-31,S19,S16,R,15,True,180.0
10570,2025-07-31,S16,S47,R,155,True,1860.0
10571,2025-07-31,S2,S24,R,110,True,1320.0
10572,2025-07-31,S45,S13,S,160,True,768.0
10573,2025-07-31,S29,S45,R,80,False,800.0
10574,2025-07-31,S9,S4,S,25,False,100.0
10575,2025-07-31,S20,S34,SC,70,False,350.0
10576,2025-07-31,S30,S1,S,145,True,696.0
10577,2025-07-31,S9,S2,R,35,True,420.0
10578,2025-07-31,S16,S10,R,30,True,360.0
10579,2025-07-31,S23,S39,SC,80,True,480.0
10580,2025-07-31,S48,S7,S,205,False,820.0
10581,2025-07-31,S3,S25,SC,110,True,660.0
10582,2025-07-31,S43,S26,R,85,True,1020.0
10583,2025-07-31,S50,S13,R,185,True,2220.0
10584,2025-07-31,S13,S43,SC,150,True,900.0
10585,2025-07-31,S1,S36,S,175,True,840.0
10586,2025-07-31,S30,S9,R,105,True,1260.0
10587,2025-07-31,S15,S2,R,65,True,780.0
10588,2025-07-31,S34,S6,S,140,False,560.0
10589,2025-07-31,S8,S17,R,45,True,540.0
10590,2025-07-31,S24,S32,SC,40,False,200.0
10591,2025-07-31,S18,S34,R,80,False,800.0
10592,2025-07-31,S26,S5,SC,105,False,525.0
10593,2025-07-31,S33,S4,R,145,False,1450.0
10594,2025-07-31,S31,S43,SC,60,False,300.0
10595,2025-07-31,S13,S22,S,45,False,180.0
10596,2025-07-31,S11,S16,S,25,True,120.0
10597,2025-07-31,S11,S37,SC,130,False,650.0
10598,2025-07-31,S2,S28,R,130,True,1560.0
10599,2025-07-31,S47,S43,R,20,False,200.0
10600,2025-07-31,S1,S27,R,130,True,1560.0
10601,2025-08-01,S37,S8,R,145,False,1450.0
10602,2025-08-01,S28,S20,S,40,False,160.0
10603,2025-08-01,S27,S47,SC,100,False,500.0
10604,2025-08-01,S41,S49,SC,40,False,200.0
10605,2025-08-01,S29,S49,R,100,False,1000.0
10606,2025-08-01,S26,S8,S,90,True,432.0
10607,2025-08-01,S32,S50,SC,90,False,450.0
10608,2025-08-01,S12,S33,R,105,True,1260.0
10609,2025-08-01,S5,S26,S,105,False,420.0
10610,2025-08-01,S6,S24,S,90,False,360.0
10611,2025-08-01,S7,S40,SC,165,True,990.0
10612,2025-08-01,S39,S30,R,45,True,540.0
10613,2025-08-01,S19,S4,S,75,True,360.0
10614,2025-08-01,S28,S40,R,60,True,720.0
10615,2025-08-01,S4,S5,S,5,True,24.0
10616,2025-08-01,S12,S21,R,45,False,450.0
10617,2025-08-01,S12,S44,S,160,False,640.0
10618,2025-08-01,S31,S21,R,50,False,500.0
10619,2025-08-01,S10,S11,R,5,True,60.0
10620,2025-08-01,S46,S19,SC,135,False,675.0
10621,2025-08-01,S50,S20,R,150,False,1500.0
10622,2025-08-01,S16,S11,R,25,True,300.0
10623,2025-08-01,S14,S35,R,105,False,1050.0
10624,2025-08-01,S37,S39,SC,10,False,50.0
10625,2025-08-01,S22,S40,S,90,False,360.0
10626,2025-08-01,S17,S9,S,40,False,160.0
10627,2025-08-01,S48,S4,S,220,False,880.0
10628,2025-08-01,S47,S40,R,35,False,350.0
10629,2025-08-01,S24,S16,SC,40,False,200.0
10630,2025-08-01,S28,S4,R,120,True,1440.0
10631,2025-08-01,S31,S30,S,5,False,20.0
10632,2025-08-01,S50,S28,SC,110,True,660.0
10633,2025-08-01,S18,S49,S,155,True,744.0
10634,2025-08-01,S46,S23,R,115,False,1150.0
10635,2025-08-01,S10,S27,S,85,True,408.0
10636,2025-08-01,S15,S17,R,10,True,120.0
10637,2025-08-01,S45,S40,S,25,True,120.0
10638,2025-08-01,S1,S18,R,85,False,850.0
10639,2025-08-01,S8,S49,S,205,False,820.0
10640,2025-08-01,S33,S48,SC,75,True,450.0
10641,2025-08-01,S3,S23,R,100,True,1200.0
10642,2025-08-01,S3,S8,R,25,True,300.0
10643,2025-08-01,S13,S30,R,85,True,1020.0
10644,2025-08-01,S43,S18,R,125,True,1500.0
10645,2025-08-01,S10,S4,S,30,True,144.0
10646,2025-08-01,S17,S10,S,35,True,168.0
10647,2025-08-01,S18,S14,S,20,True,96.0
10648,2025-08-01,S44,S47,R,15,True,180.0
10649,2025-08-01,S30,S29,SC,5,False,25.0
10650,2025-08-01,S4,S46,SC,210,True,1260.0
10651,2025-08-02,S13,S9,R,20,True,240.0
10652,2025-08-02,S32,S39,S,35,False,140.0
10653,2025-08-02,S50,S18,SC,160,True,960.0
10654,2025-08-02,S9,S18,SC,45,True,270.0
10655,2025-08-02,S50,S14,SC,180,False,900.0
10656,2025-08-02,S44,S41,S,15,True,72.0
10657,2025-08-02,S13,S24,R,55,False,550.0
10658,2025-08-02,S17,S9,S,40,False,160.0
10659,2025-08-02,S34,S31,R,15,False,150.0
10660,2025-08-02,S38,S6,R,160,True,1920.0
10661,2025-08-02,S31,S19,R,60,True,720.0
10662,2025-08-02,S1,S13,SC,60,False,300.0
10663,2025-08-02,S14,S23,S,45,True,216.0
10664,2025-08-02,S2,S17,R,75,False,750.0
10665,2025-08-02,S7,S35,R,140,True,1680.0
10666,2025-08-02,S16,S6,R,50,False,500.0
10667,2025-08-02,S49,S43,R,30,False,300.0
10668,2025-08-02,S46,S42,SC,20,True,120.0
10669,2025-08-02,S39,S22,SC,85,True,510.0
10670,2025-08-02,S22,S40,SC,90,True,540.0
10671,2025-08-02,S6,S42,SC,180,False,900.0
10672,2025-08-02,S49,S39,S,50,True,240.0
10673,2025-08-02,S2,S19,S,85,True,408.0
10674,2025-08-02,S7,S25,R,90,True,1080.0
10675,2025-08-02,S12,S4,SC,40,True,240.0
10676,2025-08-02,S26,S9,SC,85,True,510.0
10677,2025-08-02,S39,S48,S,45,True,216.0
10678,2025-08-02,S23,S38,SC,75,False,375.0
10679,2025-08-02,S36,S49,S,65,False,260.0
10680,2025-08-02,S39,S33,S,30,False,120.0
10681,2025-08-02,S11,S2,R,45,False,450.0
10682,2025-08-02,S32,S2,S,150,True,720.0
10683,2025-08-02,S8,S26,S,90,True,432.0
10684,2025-08-02,S3,S4,SC,5,False,25.0
10685,2025-08-02,S46,S7,R,195,False,1950.0
10686,2025-08-02,S2,S26,SC,120,True,720.0
10687,2025-08-02,S22,S10,SC,60,False,300.0
10688,2025-08-02,S49,S27,S,110,True,528.0
10689,2025-08-02,S20,S30,SC,50,False,250.0
10690,2025-08-02,S3,S13,S,50,True,240.0
10691,2025-08-02,S39,S3,R,180,True,2160.0
10692,2025-08-02,S45,S28,SC,85,True,510.0
10693,2025-08-02,S42,S39,SC,15,True,90.0
10694,2025-08-02,S35,S18,S,85,False,340.0
10695,2025-08-02,S27,S11,S,80,False,320.0
10696,2025-08-02,S49,S40,S,45,True,216.0
10697,2025-08-02,S50,S7,SC,215,False,1075.0
10698,2025-08-02,S19,S25,SC,30,True,180.0
10699,2025-08-02,S11,S33,R,110,True,1320.0
10700,2025-08-02,S50,S31,S,95,False,380.0
10701,2025-08-03,S48,S4,SC,220,True,1320.0
10702,2025-08-03,S11,S4,SC,35,False,175.0
10703,2025-08-03,S50,S23,SC,135,True,810.0
10704,2025-08-03,S17,S25,S,40,True,192.0
10705,2025-08-03,S15,S6,R,45,True,540.0
10706,2025-08-03,S47,S28,S,95,True,456.0
10707,2025-08-03,S4,S48,R,220,False,2200.0
10708,2025-08-03,S24,S6,R,90,False,900.0
10709,2025-08-03,S36,S34,R,10,True,120.0
10710,2025-08-03,S8,S40,S,160,False,640.0
10711,2025-08-03,S16,S19,S,15,True,72.0
10712,2025-08-03,S20,S26,SC,30,False,150.0
10713,2025-08-03,S21,S11,SC,50,True,300.0
10714,2025-08-03,S2,S35,SC,165,False,825.0
10715,2025-08-03,S10,S28,S,90,False,360.0
10716,2025-08-03,S21,S40,S,95,True,456.0
10717,2025-08-03,S29,S19,S,50,False,200.0
10718,2025-08-03,S44,S3,R,205,True,2460.0
10719,2025-08-03,S35,S21,S,70,False,280.0
10720,2025-08-03,S8,S47,SC,195,False,975.0
10721,2025-08-03,S39,S24,S,75,False,300.0
10722,2025-08-03,S46,S30,SC,80,False,400.0
10723,2025-08-03,S6,S24,S,90,True,432.0
10724,2025-08-03,S40,S47,SC,35,False,175.0
10725,2025-08-03,S42,S3,R,195,False,1950.0
10726,2025-08-03,S43,S10,R,165,False,1650.0
10727,2025-08-03,S45,S37,R,40,False,400.0
10728,2025-08-03,S30,S10,S,100,True,480.0
10729,2025-08-03,S46,S16,S,150,False,600.0
10730,2025-08-03,S30,S28,R,10,True,120.0
10731,2025-08-03,S32,S36,S,20,False,80.0
10732,2025-08-03,S41,S25,R,80,False,800.0
10733,2025-08-03,S25,S43,R,90,False,900.0
10734,2025-08-03,S44,S8,SC,180,True,1080.0
10735,2025-08-03,S44,S21,SC,115,True,690.0
10736,2025-08-03,S41,S26,S,75,True,360.0
10737,2025-08-03,S29,S37,SC,40,False,200.0
10738,2025-08-03,S27,S40,S,65,True,312.0
10739,2025-08-03,S27,S21,S,30,False,120.0
10740,2025-08-03,S20,S26,SC,30,True,180.0
10741,2025-08-03,S21,S11,S,50,True,240.0
10742,2025-08-03,S23,S25,S,10,False,40.0
10743,2025-08-03,S28,S37,S,45,False,180.0
10744,2025-08-03,S39,S28,S,55,False,220.0
10745,2025-08-03,S1,S39,R,190,True,2280.0
10746,2025-08-03,S40,S47,SC,35,False,175.0
10747,2025-08-03,S3,S32,R,145,False,1450.0
10748,2025-08-03,S23,S11,SC,60,True,360.0
10749,2025-08-03,S24,S19,R,25,False,250.0
10750,2025-08-03,S8,S43,R,175,True,2100.0
10751,2025-08-04,S46,S45,S,5,True,24.0
10752,2025-08-04,S38,S41,S,15,True,72.0
10753,2025-08-04,S46,S6,SC,200,True,1200.0
10754,2025-08-04,S31,S33,SC,10,False,50.0
10755,2025-08-04,S1,S20,SC,95,False,475.0
10756,2025-08-04,S4,S19,S,75,False,300.0
10757,2025-08-04,S30,S29,R,5,True,60.0
10758,2025-08-04,S16,S28,R,60,True,720.0
10759,2025-08-04,S45,S41,R,20,True,240.0
10760,2025-08-04,S1,S12,S,55,False,220.0
10761,2025-08-04,S31,S18,SC,65,True,390.0
10762,2025-08-04,S2,S26,S,120,False,480.0
10763,2025-08-04,S45,S4,S,205,False,820.0
10764,2025-08-04,S46,S2,S,220,True,1056.0
10765,2025-08-04,S42,S3,R,195,False,1950.0
10766,2025-08-04,S31,S50,S,95,False,380.0
10767,2025-08-04,S5,S46,S,205,True,984.0
10768,2025-08-04,S24,S44,SC,100,True,600.0
10769,2025-08-04,S23,S25,SC,10,True,60.0
10770,2025-08-04,S30,S31,R,5,True,60.0
10771,2025-08-04,S42,S47,SC,25,False,125.0
10772,2025-08-04,S43,S19,R,120,False,1200.0
10773,2025-08-04,S42,S12,R,150,False,1500.0
10774,2025-08-04,S39,S38,S,5,False,20.0
10775,2025-08-04,S26,S7,R,95,True,1140.0
10776,2025-08-04,S1,S43,R,210,False,2100.0
10777,2025-08-04,S34,S27,S,35,True,168.0
10778,2025-08-04,S18,S49,S,155,False,620.0
10779,2025-08-04,S41,S44,R,15,True,180.0
10780,2025-08-04,S4,S10,SC,30,False,150.0
10781,2025-08-04,S15,S25,R,50,True,600.0
10782,2025-08-04,S18,S35,SC,85,True,510.0
10783,2025-08-04,S28,S9,S,95,True,456.0
10784,2025-08-04,S28,S17,S,55,False,220.0
10785,2025-08-04,S38,S33,S,25,True,120.0
10786,2025-08-04,S32,S13,R,95,True,1140.0
10787,2025-08-04,S13,S7,R,30,False,300.0
10788,2025-08-04,S4,S44,R,200,True,2400.0
10789,2025-08-04,S43,S45,S,10,False,40.0
10790,2025-08-04,S36,S17,SC,95,True,570.0
10791,2025-08-04,S33,S30,SC,15,False,75.0
10792,2025-08-04,S14,S20,SC,30,False,150.0
10793,2025-08-04,S4,S24,SC,100,False,500.0
10794,2025-08-04,S16,S39,S,115,False,460.0
10795,2025-08-04,S4,S41,SC,185,True,1110.0
10796,2025-08-04,S8,S26,R,90,True,1080.0
10797,2025-08-04,S7,S5,SC,10,False,50.0
10798,2025-08-04,S20,S22,R,10,False,100.0
10799,2025-08-04,S19,S48,SC,145,True,870.0
10800,2025-08-04,S19,S40,SC,105,False,525.0
10801,2025-08-05,S17,S13,S,20,False,80.0
10802,2025-08-05,S15,S50,R,175,True,2100.0
10803,2025-08-05,S37,S7,R,150,True,1800.0
10804,2025-08-05,S32,S38,R,30,False,300.0
10805,2025-08-05,S30,S4,R,130,False,1300.0
10806,2025-08-05,S20,S13,SC,35,False,175.0
10807,2025-08-05,S44,S12,R,160,False,1600.0
10808,2025-08-05,S40,S48,S,40,False,160.0
10809,2025-08-05,S16,S48,R,160,True,1920.0
10810,2025-08-05,S36,S40,S,20,False,80.0
10811,2025-08-05,S21,S22,S,5,True,24.0
10812,2025-08-05,S37,S40,S,15,True,72.0
10813,2025-08-05,S1,S6,SC,25,False,125.0
10814,2025-08-05,S17,S13,R,20,True,240.0
10815,2025-08-05,S1,S20,S,95,True,456.0
10816,2025-08-05,S36,S33,S,15,True,72.0
10817,2025-08-05,S17,S40,S,115,False,460.0
10818,2025-08-05,S44,S28,SC,80,False,400.0
10819,2025-08-05,S49,S26,SC,115,True,690.0
10820,2025-08-05,S15,S47,S,160,True,768.0
10821,2025-08-05,S19,S6,SC,65,False,325.0
10822,2025-08-05,S5,S19,S,70,True,336.0
10823,2025-08-05,S46,S35,R,55,True,660.0
10824,2025-08-05,S12,S8,SC,20,True,120.0
10825,2025-08-05,S8,S24,R,80,False,800.0
10826,2025-08-05,S1,S9,SC,40,False,200.0
10827,2025-08-05,S11,S14,R,15,False,150.0
10828,2025-08-05,S41,S14,R,135,True,1620.0
10829,2025-08-05,S26,S19,S,35,True,168.0
10830,2025-08-05,S34,S48,R,70,False,700.0
10831,2025-08-05,S44,S41,S,15,False,60.0
10832,2025-08-05,S8,S15,R,35,False,350.0
10833,2025-08-05,S29,S46,SC,85,True,510.0
10834,2025-08-05,S4,S3,S,5,True,24.0
10835,2025-08-05,S1,S21,SC,100,False,500.0
10836,2025-08-05,S25,S34,SC,45,True,270.0
10837,2025-08-05,S18,S21,S,15,True,72.0
10838,2025-08-05,S45,S48,SC,15,False,75.0
10839,2025-08-05,S21,S7,R,70,False,700.0
10840,2025-08-05,S11,S13,S,10,True,48.0
10841,2025-08-05,S31,S19,R,60,True,720.0
10842,2025-08-05,S16,S23,R,35,False,350.0
10843,2025-08-05,S5,S44,R,195,False,1950.0
10844,2025-08-05,S3,S2,R,5,True,60.0
10845,2025-08-05,S35,S39,S,20,False,80.0
10846,2025-08-05,S47,S45,SC,10,True,60.0
10847,2025-08-05,S30,S48,R,90,False,900.0
10848,2025-08-05,S46,S30,S,80,True,384.0
10849,2025-08-05,S46,S15,S,155,True,744.0
10850,2025-08-05,S43,S40,R,15,True,180.0
10851,2025-08-06,S17,S30,S,65,True,312.0
10852,2025-08-06,S12,S50,S,190,True,912.0
10853,2025-08-06,S43,S31,R,60,False,600.0
10854,2025-08-06,S10,S11,R,5,True,60.0
10855,2025-08-06,S45,S29,SC,80,True,480.0
10856,2025-08-06,S38,S17,S,105,True,504.0
10857,2025-08-06,S29,S25,SC,20,False,100.0
10858,2025-08-06,S24,S4,R,100,False,1000.0
10859,2025-08-06,S39,S5,S,170,False,680.0
10860,2025-08-06,S47,S42,SC,25,True,150.0
10861,2025-08-06,S3,S27,R,120,True,1440.0
10862,2025-08-06,S43,S25,SC,90,True,540.0
10863,2025-08-06,S19,S38,R,95,True,1140.0
10864,2025-08-06,S13,S37,S,120,False,480.0
10865,2025-08-06,S24,S15,R,45,False,450.0
10866,2025-08-06,S25,S23,R,10,True,120.0
10867,2025-08-06,S27,S4,SC,115,True,690.0
10868,2025-08-06,S39,S24,SC,75,False,375.0
10869,2025-08-06,S1,S47,S,230,True,1104.0
10870,2025-08-06,S9,S17,S,40,False,160.0
10871,2025-08-06,S35,S8,R,135,True,1620.0
10872,2025-08-06,S2,S41,R,195,False,1950.0
10873,2025-08-06,S14,S21,SC,35,False,175.0
10874,2025-08-06,S31,S35,S,20,True,96.0
10875,2025-08-06,S38,S46,R,40,False,400.0
10876,2025-08-06,S50,S41,SC,45,True,270.0
10877,2025-08-06,S25,S49,R,120,True,1440.0
10878,2025-08-06,S3,S11,SC,40,True,240.0
10879,2025-08-06,S41,S36,S,25,False,100.0
10880,2025-08-06,S5,S32,S,135,True,648.0
10881,2025-08-06,S25,S29,S,20,False,80.0
10882,2025-08-06,S35,S39,S,20,False,80.0
10883,2025-08-06,S22,S37,SC,75,False,375.0
10884,2025-08-06,S37,S23,R,70,False,700.0
10885,2025-08-06,S35,S40,R,25,False,250.0
10886,2025-08-06,S4,S6,SC,10,True,60.0
10887,2025-08-06,S8,S33,SC,125,True,750.0
10888,2025-08-06,S43,S10,SC,165,True,990.0
10889,2025-08-06,S14,S19,SC,25,False,125.0
10890,2025-08-06,S50,S49,R,5,False,50.0
10891,2025-08-06,S22,S26,S,20,True,96.0
10892,2025-08-06,S21,S23,S,10,False,40.0
10893,2025-08-06,S23,S16,R,35,True,420.0
10894,2025-08-06,S31,S4,S,135,True,648.0
10895,2025-08-06,S28,S39,S,55,True,264.0
10896,2025-08-06,S9,S12,S,15,True,72.0
10897,2025-08-06,S17,S34,S,85,False,340.0
10898,2025-08-06,S16,S26,S,50,True,240.0
10899,2025-08-06,S43,S34,SC,45,False,225.0
10900,2025-08-06,S48,S23,SC,125,False,625.0
10901,2025-08-07,S28,S1,SC,135,False,675.0
10902,2025-08-07,S11,S23,S,60,True,288.0
10903,2025-08-07,S28,S37,R,45,False,450.0
10904,2025-08-07,S33,S39,S,30,False,120.0
10905,2025-08-07,S2,S21,S,95,False,380.0
10906,2025-08-07,S18,S19,R,5,True,60.0
10907,2025-08-07,S22,S4,R,90,True,1080.0
10908,2025-08-07,S24,S41,R,85,False,850.0
10909,2025-08-07,S42,S5,R,185,True,2220.0
10910,2025-08-07,S12,S32,SC,100,True,600.0
10911,2025-08-07,S6,S41,SC,175,True,1050.0
10912,2025-08-07,S2,S6,SC,20,True,120.0
10913,2025-08-07,S25,S5,SC,100,True,600.0
10914,2025-08-07,S3,S21,S,90,True,432.0
10915,2025-08-07,S30,S9,S,105,False,420.0
10916,2025-08-07,S10,S21,S,55,True,264.0
10917,2025-08-07,S50,S43,SC,35,False,175.0
10918,2025-08-07,S31,S20,R,55,True,660.0
10919,2025-08-07,S24,S1,S,115,False,460.0
10920,2025-08-07,S34,S11,S,115,True,552.0
10921,2025-08-07,S19,S39,R,100,False,1000.0
10922,2025-08-07,S22,S16,S,30,False,120.0
10923,2025-08-07,S27,S46,SC,95,True,570.0
10924,2025-08-07,S16,S27,S,55,False,220.0
10925,2025-08-07,S9,S16,SC,35,True,210.0
10926,2025-08-07,S31,S3,S,140,False,560.0
10927,2025-08-07,S3,S38,R,175,True,2100.0
10928,2025-08-07,S49,S24,R,125,True,1500.0
10929,2025-08-07,S25,S31,S,30,False,120.0
10930,2025-08-07,S20,S35,S,75,False,300.0
10931,2025-08-07,S1,S25,S,120,True,576.0
10932,2025-08-07,S26,S4,SC,110,True,660.0
10933,2025-08-07,S20,S23,SC,15,True,90.0
10934,2025-08-07,S18,S27,S,45,True,216.0
10935,2025-08-07,S32,S23,SC,45,False,225.0
10936,2025-08-07,S6,S20,SC,70,False,350.0
10937,2025-08-07,S13,S32,SC,95,True,570.0
10938,2025-08-07,S37,S39,SC,10,False,50.0
10939,2025-08-07,S13,S40,SC,135,False,675.0
10940,2025-08-07,S3,S26,S,115,False,460.0
10941,2025-08-07,S43,S33,SC,50,False,250.0
10942,2025-08-07,S14,S5,SC,45,True,270.0
10943,2025-08-07,S27,S17,SC,50,True,300.0
10944,2025-08-07,S8,S40,SC,160,False,800.0
10945,2025-08-07,S1,S33,S,160,True,768.0
10946,2025-08-07,S43,S17,SC,130,True,780.0
10947,2025-08-07,S25,S8,R,85,True,1020.0
10948,2025-08-07,S37,S10,R,135,True,1620.0
10949,2025-08-07,S45,S19,SC,130,False,650.0
10950,2025-08-07,S39,S10,S,145,True,696.0
10951,2025-08-08,S22,S3,S,95,False,380.0
10952,2025-08-08,S42,S29,R,65,True,780.0
10953,2025-08-08,S25,S8,R,85,False,850.0
10954,2025-08-08,S43,S30,SC,65,False,325.0
10955,2025-08-08,S11,S25,S,70,False,280.0
10956,2025-08-08,S42,S6,R,180,True,2160.0
10957,2025-08-08,S18,S3,SC,75,True,450.0
10958,2025-08-08,S39,S32,SC,35,False,175.0
10959,2025-08-08,S40,S31,R,45,False,450.0
10960,2025-08-08,S13,S4,S,45,False,180.0
10961,2025-08-08,S46,S29,SC,85,True,510.0
10962,2025-08-08,S25,S44,R,95,True,1140.0
10963,2025-08-08,S17,S33,SC,80,True,480.0
10964,2025-08-08,S12,S23,S,55,False,220.0
10965,2025-08-08,S20,S37,R,85,False,850.0
10966,2025-08-08,S23,S34,SC,55,False,275.0
10967,2025-08-08,S37,S8,SC,145,True,870.0
10968,2025-08-08,S50,S1,R,245,False,2450.0
10969,2025-08-08,S37,S44,SC,35,True,210.0
10970,2025-08-08,S26,S21,R,25,True,300.0
10971,2025-08-08,S19,S11,S,40,True,192.0
10972,2025-08-08,S29,S2,S,135,False,540.0
10973,2025-08-08,S19,S11,S,40,False,160.0
10974,2025-08-08,S41,S17,SC,120,False,600.0
10975,2025-08-08,S39,S33,SC,30,True,180.0
10976,2025-08-08,S38,S11,R,135,False,1350.0
10977,2025-08-08,S3,S45,S,210,True,1008.0
10978,2025-08-08,S3,S12,SC,45,True,270.0
10979,2025-08-08,S3,S12,R,45,False,450.0
10980,2025-08-08,S28,S48,SC,100,True,600.0
10981,2025-08-08,S25,S50,S,125,True,600.0
10982,2025-08-08,S34,S8,R,130,True,1560.0
10983,2025-08-08,S11,S18,R,35,False,350.0
10984,2025-08-08,S41,S36,R,25,True,300.0
10985,2025-08-08,S27,S23,SC,20,False,100.0
10986,2025-08-08,S33,S12,S,105,False,420.0
10987,2025-08-08,S33,S41,SC,40,False,200.0
10988,2025-08-08,S22,S49,R,135,False,1350.0
10989,2025-08-08,S4,S13,SC,45,True,270.0
10990,2025-08-08,S48,S13,S,175,True,840.0
10991,2025-08-08,S38,S34,R,20,False,200.0
10992,2025-08-08,S38,S44,S,30,True,144.0
10993,2025-08-08,S42,S1,S,205,False,820.0
10994,2025-08-08,S44,S14,SC,150,False,750.0
10995,2025-08-08,S39,S24,SC,75,False,375.0
10996,2025-08-08,S43,S3,SC,200,True,1200.0
10997,2025-08-08,S40,S36,S,20,True,96.0
10998,2025-08-08,S33,S19,SC,70,True,420.0
10999,2025-08-08,S46,S25,S,105,True,504.0
11000,2025-08-08,S22,S45,R,115,True,1380.0
11001,2025-08-09,S9,S8,S,5,True,24.0
11002,2025-08-09,S39,S24,SC,75,False,375.0
11003,2025-08-09,S22,S12,S,50,True,240.0
11004,2025-08-09,S40,S2,R,190,False,1900.0
11005,2025-08-09,S14,S3,SC,55,False,275.0
11006,2025-08-09,S23,S10,S,65,True,312.0
11007,2025-08-09,S37,S40,SC,15,False,75.0
11008,2025-08-09,S31,S43,S,60,True,288.0
11009,2025-08-09,S9,S42,SC,165,True,990.0
11010,2025-08-09,S17,S11,SC,30,False,150.0
11011,2025-08-09,S10,S18,S,40,False,160.0
11012,2025-08-09,S22,S40,R,90,False,900.0
11013,2025-08-09,S44,S43,SC,5,True,30.0
11014,2025-08-09,S42,S32,S,50,True,240.0
11015,2025-08-09,S41,S28,SC,65,True,390.0
11016,2025-08-09,S26,S4,SC,110,False,550.0
11017,2025-08-09,S32,S16,R,80,True,960.0
11018,2025-08-09,S16,S28,S,60,True,288.0
11019,2025-08-09,S40,S29,S,55,False,220.0
11020,2025-08-09,S9,S35,S,130,True,624.0
11021,2025-08-09,S3,S23,R,100,True,1200.0
11022,2025-08-09,S49,S15,S,170,True,816.0
11023,2025-08-09,S48,S3,S,225,True,1080.0
11024,2025-08-09,S20,S49,S,145,False,580.0
11025,2025-08-09,S22,S13,SC,45,False,225.0
11026,2025-08-09,S39,S11,S,140,False,560.0
11027,2025-08-09,S32,S20,SC,60,True,360.0
11028,2025-08-09,S13,S3,SC,50,False,250.0
11029,2025-08-09,S18,S50,S,160,False,640.0
11030,2025-08-09,S6,S30,R,120,True,1440.0
11031,2025-08-09,S34,S5,R,145,True,1740.0
11032,2025-08-09,S45,S6,R,195,False,1950.0
11033,2025-08-09,S15,S16,R,5,False,50.0
11034,2025-08-09,S26,S40,S,70,False,280.0
11035,2025-08-09,S6,S38,S,160,True,768.0
11036,2025-08-09,S27,S47,SC,100,False,500.0
11037,2025-08-09,S11,S29,SC,90,True,540.0
11038,2025-08-09,S24,S38,SC,70,True,420.0
11039,2025-08-09,S13,S49,S,180,False,720.0
11040,2025-08-09,S2,S15,S,65,True,312.0
11041,2025-08-09,S48,S28,R,100,True,1200.0
11042,2025-08-09,S27,S42,R,75,True,900.0
11043,2025-08-09,S1,S24,SC,115,False,575.0
11044,2025-08-09,S45,S21,SC,120,False,600.0
11045,2025-08-09,S24,S12,S,60,True,288.0
11046,2025-08-09,S41,S13,R,140,False,1400.0
11047,2025-08-09,S18,S11,R,35,True,420.0
11048,2025-08-09,S47,S40,SC,35,False,175.0
11049,2025-08-09,S9,S20,R,55,True,660.0
11050,2025-08-09,S10,S27,SC,85,True,510.0
11051,2025-08-10,S29,S18,SC,55,False,275.0
11052,2025-08-10,S36,S43,R,35,False,350.0
11053,2025-08-10,S26,S3,SC,115,False,575.0
11054,2025-08-10,S6,S15,S,45,True,216.0
11055,2025-08-10,S48,S47,R,5,True,60.0
11056,2025-08-10,S10,S2,SC,40,True,240.0
11057,2025-08-10,S2,S31,S,145,True,696.0
11058,2025-08-10,S30,S28,SC,10,False,50.0
11059,2025-08-10,S24,S29,R,25,False,250.0
11060,2025-08-10,S44,S16,SC,140,True,840.0
11061,2025-08-10,S25,S18,R,35,False,350.0
11062,2025-08-10,S42,S4,R,190,False,1900.0
11063,2025-08-10,S37,S22,SC,75,False,375.0
11064,2025-08-10,S2,S12,SC,50,False,250.0
11065,2025-08-10,S4,S39,SC,175,True,1050.0
11066,2025-08-10,S29,S2,SC,135,False,675.0
11067,2025-08-10,S49,S12,R,185,True,2220.0
11068,2025-08-10,S23,S50,S,135,False,540.0
11069,2025-08-10,S39,S43,R,20,False,200.0
11070,2025-08-10,S45,S8,R,185,False,1850.0
11071,2025-08-10,S12,S33,R,105,True,1260.0
11072,2025-08-10,S36,S18,SC,90,True,540.0
11073,2025-08-10,S1,S31,SC,150,True,900.0
11074,2025-08-10,S21,S32,R,55,True,660.0
11075,2025-08-10,S44,S5,R,195,True,2340.0
11076,2025-08-10,S43,S31,SC,60,False,300.0
11077,2025-08-10,S15,S40,R,125,False,1250.0
11078,2025-08-10,S8,S35,R,135,True,1620.0
11079,2025-08-10,S4,S50,S,230,True,1104.0
11080,2025-08-10,S26,S43,R,85,True,1020.0
11081,2025-08-10,S35,S40,SC,25,False,125.0
11082,2025-08-10,S18,S39,R,105,True,1260.0
11083,2025-08-10,S46,S21,S,125,False,500.0
11084,2025-08-10,S40,S9,R,155,True,1860.0
11085,2025-08-10,S36,S5,R,155,True,1860.0
11086,2025-08-10,S42,S44,SC,10,True,60.0
11087,2025-08-10,S9,S41,S,160,False,640.0
11088,2025-08-10,S47,S1,SC,230,True,1380.0
11089,2025-08-10,S25,S16,S,45,True,216.0
11090,2025-08-10,S33,S44,R,55,False,550.0
11091,2025-08-10,S43,S5,SC,190,True,1140.0
11092,2025-08-10,S39,S41,SC,10,True,60.0
11093,2025-08-10,S23,S32,R,45,True,540.0
11094,2025-08-10,S11,S12,R,5,True,60.0
11095,2025-08-10,S39,S23,SC,80,False,400.0
11096,2025-08-10,S20,S9,SC,55,True,330.0
11097,2025-08-10,S35,S31,R,20,True,240.0
11098,2025-08-10,S11,S38,S,135,True,648.0
11099,2025-08-10,S38,S45,SC,35,True,210.0
11100,2025-08-10,S18,S46,S,140,False,560.0
11101,2025-08-11,S9,S11,S,10,True,48.0
11102,2025-08-11,S24,S31,SC,35,False,175.0
11103,2025-08-11,S45,S1,SC,220,False,1100.0
11104,2025-08-11,S2,S44,SC,210,False,1050.0
11105,2025-08-11,S13,S30,SC,85,True,510.0
11106,2025-08-11,S46,S35,SC,55,True,330.0
11107,2025-08-11,S43,S2,SC,205,True,1230.0
11108,2025-08-11,S16,S46,R,150,False,1500.0
11109,2025-08-11,S20,S23,R,15,True,180.0
11110,2025-08-11,S34,S20,S,70,False,280.0
11111,2025-08-11,S46,S49,SC,15,True,90.0
11112,2025-08-11,S16,S14,SC,10,False,50.0
11113,2025-08-11,S42,S48,S,30,False,120.0
11114,2025-08-11,S5,S22,SC,85,True,510.0
11115,2025-08-11,S36,S17,S,95,True,456.0
11116,2025-08-11,S16,S32,R,80,True,960.0
11117,2025-08-11,S31,S17,S,70,True,336.0
11118,2025-08-11,S15,S19,R,20,True,240.0
11119,2025-08-11,S48,S39,S,45,True,216.0
11120,2025-08-11,S39,S11,R,140,True,1680.0
11121,2025-08-11,S5,S34,R,145,True,1740.0
11122,2025-08-11,S35,S11,R,120,True,1440.0
11123,2025-08-11,S15,S5,S,50,False,200.0
11124,2025-08-11,S3,S25,SC,110,True,660.0
11125,2025-08-11,S6,S15,S,45,False,180.0
11126,2025-08-11,S7,S32,SC,125,True,750.0
11127,2025-08-11,S38,S27,S,55,False,220.0
11128,2025-08-11,S13,S15,SC,10,False,50.0
11129,2025-08-11,S8,S27,S,95,True,456.0
11130,2025-08-11,S4,S48,R,220,False,2200.0
11131,2025-08-11,S26,S10,SC,80,True,480.0
11132,2025-08-11,S35,S8,S,135,True,648.0
11133,2025-08-11,S21,S2,R,95,True,1140.0
11134,2025-08-11,S44,S24,SC,100,True,600.0
11135,2025-08-11,S32,S31,R,5,False,50.0
11136,2025-08-11,S29,S45,R,80,True,960.0
11137,2025-08-11,S46,S29,SC,85,True,510.0
11138,2025-08-11,S34,S25,S,45,False,180.0
11139,2025-08-11,S36,S2,SC,170,False,850.0
11140,2025-08-11,S24,S45,R,105,True,1260.0
11141,2025-08-11,S16,S12,R,20,False,200.0
11142,2025-08-11,S34,S13,R,105,False,1050.0
11143,2025-08-11,S17,S44,R,135,False,1350.0
11144,2025-08-11,S14,S18,SC,20,False,100.0
11145,2025-08-11,S49,S2,S,235,False,940.0
11146,2025-08-11,S5,S43,SC,190,True,1140.0
11147,2025-08-11,S40,S2,S,190,True,912.0
11148,2025-08-11,S39,S12,R,135,False,1350.0
11149,2025-08-11,S46,S47,SC,5,True,30.0
11150,2025-08-11,S37,S8,R,145,True,1740.0
11151,2025-08-12,S36,S39,S,15,True,72.0
11152,2025-08-12,S46,S10,SC,180,False,900.0
11153,2025-08-12,S44,S4,R,200,False,2000.0
11154,2025-08-12,S9,S39,R,150,True,1800.0
11155,2025-08-12,S17,S4,SC,65,False,325.0
11156,2025-08-12,S24,S41,R,85,False,850.0
11157,2025-08-12,S11,S3,SC,40,True,240.0
11158,2025-08-12,S33,S29,S,20,False,80.0
11159,2025-08-12,S46,S19,SC,135,True,810.0
11160,2025-08-12,S15,S26,SC,55,False,275.0
11161,2025-08-12,S19,S28,SC,45,False,225.0
11162,2025-08-12,S24,S32,S,40,True,192.0
11163,2025-08-12,S49,S40,SC,45,False,225.0
11164,2025-08-12,S37,S26,S,55,False,220.0
11165,2025-08-12,S45,S1,SC,220,False,1100.0
11166,2025-08-12,S44,S15,S,145,True,696.0
11167,2025-08-12,S12,S43,R,155,True,1860.0
11168,2025-08-12,S34,S32,S,10,False,40.0
11169,2025-08-12,S11,S30,R,95,True,1140.0
11170,2025-08-12,S41,S43,S,10,False,40.0
11171,2025-08-12,S28,S15,R,65,False,650.0
11172,2025-08-12,S48,S20,R,140,True,1680.0
11173,2025-08-12,S50,S10,R,200,True,2400.0
11174,2025-08-12,S49,S3,R,230,True,2760.0
11175,2025-08-12,S39,S31,SC,40,True,240.0
11176,2025-08-12,S47,S50,R,15,True,180.0
11177,2025-08-12,S39,S4,SC,175,False,875.0
11178,2025-08-12,S40,S31,S,45,True,216.0
11179,2025-08-12,S14,S13,R,5,False,50.0
11180,2025-08-12,S12,S11,SC,5,True,30.0
11181,2025-08-12,S14,S41,S,135,True,648.0
11182,2025-08-12,S44,S14,S,150,False,600.0
11183,2025-08-12,S30,S41,SC,55,True,330.0
11184,2025-08-12,S4,S35,S,155,True,744.0
11185,2025-08-12,S3,S20,R,85,False,850.0
11186,2025-08-12,S28,S24,R,20,True,240.0
11187,2025-08-12,S16,S14,SC,10,True,60.0
11188,2025-08-12,S50,S47,R,15,True,180.0
11189,2025-08-12,S7,S8,SC,5,False,25.0
11190,2025-08-12,S39,S31,S,40,True,192.0
11191,2025-08-12,S21,S42,S,105,False,420.0
11192,2025-08-12,S12,S11,R,5,False,50.0
11193,2025-08-12,S32,S4,S,140,True,672.0
11194,2025-08-12,S37,S6,S,155,True,744.0
11195,2025-08-12,S26,S22,R,20,True,240.0
11196,2025-08-12,S49,S35,S,70,False,280.0
11197,2025-08-12,S19,S38,SC,95,True,570.0
11198,2025-08-12,S21,S13,R,40,True,480.0
11199,2025-08-12,S50,S46,R,20,True,240.0
11200,2025-08-12,S39,S45,SC,30,False,150.0
11201,2025-08-13,S45,S37,R,40,True,480.0
11202,2025-08-13,S33,S7,SC,130,False,650.0
11203,2025-08-13,S12,S7,SC,25,False,125.0
11204,2025-08-13,S6,S32,SC,130,True,780.0
11205,2025-08-13,S11,S43,S,160,False,640.0
11206,2025-08-13,S2,S19,R,85,True,1020.0
11207,2025-08-13,S43,S21,S,110,False,440.0
11208,2025-08-13,S43,S10,SC,165,False,825.0
11209,2025-08-13,S39,S50,R,55,False,550.0
11210,2025-08-13,S5,S27,S,110,True,528.0
11211,2025-08-13,S35,S22,R,65,False,650.0
11212,2025-08-13,S24,S7,R,85,False,850.0
11213,2025-08-13,S24,S16,SC,40,False,200.0
11214,2025-08-13,S44,S42,S,10,False,40.0
11215,2025-08-13,S42,S35,SC,35,True,210.0
11216,2025-08-13,S45,S46,SC,5,True,30.0
11217,2025-08-13,S4,S10,SC,30,False,150.0
11218,2025-08-13,S22,S14,S,40,False,160.0
11219,2025-08-13,S14,S44,S,150,False,600.0
11220,2025-08-13,S33,S40,SC,35,False,175.0
11221,2025-08-13,S6,S39,S,165,True,792.0
11222,2025-08-13,S25,S47,SC,110,False,550.0
11223,2025-08-13,S24,S7,SC,85,True,510.0
11224,2025-08-13,S8,S42,R,170,True,2040.0
11225,2025-08-13,S32,S27,S,25,True,120.0
11226,2025-08-13,S36,S41,R,25,False,250.0
11227,2025-08-13,S45,S46,S,5,False,20.0
11228,2025-08-13,S3,S25,S,110,False,440.0
11229,2025-08-13,S48,S19,SC,145,True,870.0
11230,2025-08-13,S34,S22,S,60,True,288.0
11231,2025-08-13,S37,S1,SC,180,True,1080.0
11232,2025-08-13,S33,S8,R,125,True,1500.0
11233,2025-08-13,S5,S10,S,25,True,120.0
11234,2025-08-13,S11,S26,S,75,False,300.0
11235,2025-08-13,S35,S17,SC,90,False,450.0
11236,2025-08-13,S31,S48,R,85,True,1020.0
11237,2025-08-13,S26,S31,SC,25,False,125.0
11238,2025-08-13,S31,S22,S,45,True,216.0
11239,2025-08-13,S21,S40,S,95,False,380.0
11240,2025-08-13,S46,S27,S,95,True,456.0
11241,2025-08-13,S40,S37,SC,15,False,75.0
11242,2025-08-13,S36,S38,S,10,True,48.0
11243,2025-08-13,S45,S3,R,210,True,2520.0
11244,2025-08-13,S42,S19,SC,115,False,575.0
11245,2025-08-13,S46,S19,S,135,False,540.0
11246,2025-08-13,S15,S43,S,140,True,672.0
11247,2025-08-13,S33,S24,SC,45,True,270.0
11248,2025-08-13,S41,S36,S,25,False,100.0
11249,2025-08-13,S3,S2,SC,5,False,25.0
11250,2025-08-13,S41,S29,S,60,False,240.0
11251,2025-08-14,S24,S27,S,15,True,72.0
11252,2025-08-14,S44,S27,R,85,True,1020.0
11253,2025-08-14,S27,S8,R,95,True,1140.0
11254,2025-08-14,S36,S43,S,35,False,140.0
11255,2025-08-14,S50,S36,R,70,True,840.0
11256,2025-08-14,S4,S17,SC,65,True,390.0
11257,2025-08-14,S26,S44,R,90,True,1080.0
11258,2025-08-14,S31,S10,S,105,False,420.0
11259,2025-08-14,S19,S24,S,25,False,100.0
11260,2025-08-14,S31,S21,S,50,True,240.0
11261,2025-08-14,S9,S44,SC,175,True,1050.0
11262,2025-08-14,S20,S34,R,70,True,840.0
11263,2025-08-14,S13,S9,S,20,True,96.0
11264,2025-08-14,S8,S17,S,45,False,180.0
11265,2025-08-14,S40,S7,R,165,True,1980.0
11266,2025-08-14,S44,S16,S,140,True,672.0
11267,2025-08-14,S7,S44,SC,185,False,925.0
11268,2025-08-14,S18,S41,R,115,False,1150.0
11269,2025-08-14,S41,S22,SC,95,False,475.0
11270,2025-08-14,S32,S2,R,150,False,1500.0
11271,2025-08-14,S28,S23,R,25,True,300.0
11272,2025-08-14,S13,S20,R,35,True,420.0
11273,2025-08-14,S20,S31,S,55,True,264.0
11274,2025-08-14,S34,S21,S,65,True,312.0
11275,2025-08-14,S5,S26,SC,105,True,630.0
11276,2025-08-14,S45,S33,SC,60,False,300.0
11277,2025-08-14,S24,S21,R,15,False,150.0
11278,2025-08-14,S12,S21,R,45,False,450.0
11279,2025-08-14,S33,S22,R,55,False,550.0
11280,2025-08-14,S9,S8,R,5,True,60.0
11281,2025-08-14,S9,S20,SC,55,False,275.0
11282,2025-08-14,S47,S14,R,165,False,1650.0
11283,2025-08-14,S24,S42,SC,90,False,450.0
11284,2025-08-14,S34,S2,SC,160,True,960.0
11285,2025-08-14,S29,S5,S,120,True,576.0
11286,2025-08-14,S46,S23,SC,115,True,690.0
11287,2025-08-14,S6,S29,SC,115,True,690.0
11288,2025-08-14,S22,S21,R,5,False,50.0
11289,2025-08-14,S3,S35,SC,160,False,800.0
11290,2025-08-14,S14,S10,S,20,False,80.0
11291,2025-08-14,S7,S41,R,170,False,1700.0
11292,2025-08-14,S19,S37,SC,90,True,540.0
11293,2025-08-14,S45,S14,SC,155,False,775.0
11294,2025-08-14,S13,S41,S,140,False,560.0
11295,2025-08-14,S25,S15,S,50,False,200.0
11296,2025-08-14,S21,S25,R,20,True,240.0
11297,2025-08-14,S35,S2,SC,165,True,990.0
11298,2025-08-14,S5,S23,R,90,False,900.0
11299,2025-08-14,S49,S12,R,185,True,2220.0
11300,2025-08-14,S13,S22,R,45,False,450.0
11301,2025-08-15,S35,S20,R,75,False,750.0
11302,2025-08-15,S40,S15,SC,125,True,750.0
11303,2025-08-15,S37,S35,R,10,False,100.0
11304,2025-08-15,S38,S34,R,20,False,200.0
11305,2025-08-15,S28,S36,SC,40,False,200.0
11306,2025-08-15,S2,S41,SC,195,True,1170.0
11307,2025-08-15,S40,S13,R,135,True,1620.0
11308,2025-08-15,S23,S47,S,120,True,576.0
11309,2025-08-15,S36,S26,SC,50,True,300.0
11310,2025-08-15,S7,S23,SC,80,False,400.0
11311,2025-08-15,S43,S24,R,95,True,1140.0
11312,2025-08-15,S45,S17,S,140,True,672.0
11313,2025-08-15,S42,S24,SC,90,True,540.0
11314,2025-08-15,S32,S1,R,155,True,1860.0
11315,2025-08-15,S14,S38,R,120,True,1440.0
11316,2025-08-15,S45,S43,S,10,False,40.0
11317,2025-08-15,S41,S17,R,120,True,1440.0
11318,2025-08-15,S6,S3,R,15,False,150.0
11319,2025-08-15,S39,S21,R,90,True,1080.0
11320,2025-08-15,S44,S25,R,95,False,950.0
11321,2025-08-15,S19,S25,R,30,True,360.0
11322,2025-08-15,S3,S31,R,140,True,1680.0
11323,2025-08-15,S23,S38,SC,75,True,450.0
11324,2025-08-15,S9,S14,SC,25,False,125.0
11325,2025-08-15,S50,S44,SC,30,True,180.0
11326,2025-08-15,S21,S29,SC,40,True,240.0
11327,2025-08-15,S17,S9,S,40,True,192.0
11328,2025-08-15,S24,S37,SC,65,True,390.0
11329,2025-08-15,S13,S33,SC,100,True,600.0
11330,2025-08-15,S6,S42,S,180,True,864.0
11331,2025-08-15,S31,S35,S,20,True,96.0
11332,2025-08-15,S16,S10,SC,30,True,180.0
11333,2025-08-15,S34,S50,S,80,False,320.0
11334,2025-08-15,S18,S26,SC,40,False,200.0
11335,2025-08-15,S44,S24,SC,100,True,600.0
11336,2025-08-15,S38,S35,SC,15,False,75.0
11337,2025-08-15,S48,S12,SC,180,True,1080.0
11338,2025-08-15,S36,S48,R,60,True,720.0
11339,2025-08-15,S9,S45,SC,180,True,1080.0
11340,2025-08-15,S40,S19,S,105,True,504.0
11341,2025-08-15,S28,S36,R,40,False,400.0
11342,2025-08-15,S15,S41,R,130,True,1560.0
11343,2025-08-15,S36,S37,S,5,True,24.0
11344,2025-08-15,S12,S14,S,10,True,48.0
11345,2025-08-15,S6,S50,S,220,True,1056.0
11346,2025-08-15,S1,S2,S,5,True,24.0
11347,2025-08-15,S12,S24,R,60,True,720.0
11348,2025-08-15,S36,S6,SC,150,False,750.0
11349,2025-08-15,S4,S35,S,155,False,620.0
11350,2025-08-15,S4,S8,R,20,True,240.0
11351,2025-08-16,S24,S26,S,10,False,40.0
11352,2025-08-16,S1,S4,SC,15,False,75.0
11353,2025-08-16,S22,S37,S,75,False,300.0
11354,2025-08-16,S24,S20,SC,20,True,120.0
11355,2025-08-16,S38,S44,S,30,True,144.0
11356,2025-08-16,S7,S44,SC,185,True,1110.0
11357,2025-08-16,S40,S33,SC,35,True,210.0
11358,2025-08-16,S22,S25,R,15,False,150.0
11359,2025-08-16,S50,S7,SC,215,False,1075.0
11360,2025-08-16,S39,S27,SC,60,False,300.0
11361,2025-08-16,S30,S49,S,95,False,380.0
11362,2025-08-16,S43,S34,SC,45,False,225.0
11363,2025-08-16,S5,S32,S,135,True,648.0
11364,2025-08-16,S25,S49,S,120,True,576.0
11365,2025-08-16,S45,S16,S,145,False,580.0
11366,2025-08-16,S39,S10,R,145,False,1450.0
11367,2025-08-16,S6,S31,SC,125,True,750.0
11368,2025-08-16,S9,S31,R,110,True,1320.0
11369,2025-08-16,S43,S26,SC,85,True,510.0
11370,2025-08-16,S2,S17,SC,75,True,450.0
11371,2025-08-16,S41,S16,SC,125,True,750.0
11372,2025-08-16,S2,S16,SC,70,False,350.0
11373,2025-08-16,S21,S33,S,60,True,288.0
11374,2025-08-16,S20,S42,S,110,False,440.0
11375,2025-08-16,S32,S47,R,75,False,750.0
11376,2025-08-16,S22,S1,SC,105,False,525.0
11377,2025-08-16,S22,S40,SC,90,True,540.0
11378,2025-08-16,S38,S23,SC,75,False,375.0
11379,2025-08-16,S18,S29,SC,55,True,330.0
11380,2025-08-16,S21,S10,R,55,False,550.0
11381,2025-08-16,S6,S30,R,120,False,1200.0
11382,2025-08-16,S29,S15,S,70,False,280.0
11383,2025-08-16,S36,S48,SC,60,False,300.0
11384,2025-08-16,S21,S47,R,130,False,1300.0
11385,2025-08-16,S29,S32,SC,15,True,90.0
11386,2025-08-16,S12,S38,S,130,True,624.0
11387,2025-08-16,S10,S40,R,150,False,1500.0
11388,2025-08-16,S20,S48,SC,140,True,840.0
11389,2025-08-16,S10,S3,R,35,False,350.0
11390,2025-08-16,S44,S23,SC,105,False,525.0
11391,2025-08-16,S32,S45,R,65,True,780.0
11392,2025-08-16,S49,S30,S,95,True,456.0
11393,2025-08-16,S27,S49,S,110,True,528.0
11394,2025-08-16,S48,S28,SC,100,True,600.0
11395,2025-08-16,S44,S12,S,160,True,768.0
11396,2025-08-16,S40,S45,R,25,True,300.0
11397,2025-08-16,S7,S24,S,85,False,340.0
11398,2025-08-16,S5,S32,SC,135,True,810.0
11399,2025-08-16,S38,S8,R,150,True,1800.0
11400,2025-08-16,S13,S12,SC,5,True,30.0
11401,2025-08-17,S27,S34,S,35,True,168.0
11402,2025-08-17,S30,S40,S,50,False,200.0
11403,2025-08-17,S3,S22,R,95,True,1140.0
11404,2025-08-17,S13,S17,S,20,False,80.0
11405,2025-08-17,S29,S49,SC,100,False,500.0
11406,2025-08-17,S17,S5,R,60,True,720.0
11407,2025-08-17,S29,S24,R,25,True,300.0
11408,2025-08-17,S44,S45,R,5,True,60.0
11409,2025-08-17,S19,S28,S,45,False,180.0
11410,2025-08-17,S23,S13,R,50,True,600.0
11411,2025-08-17,S7,S24,SC,85,False,425.0
11412,2025-08-17,S41,S36,S,25,False,100.0
11413,2025-08-17,S1,S6,R,25,False,250.0
11414,2025-08-17,S49,S29,R,100,True,1200.0
11415,2025-08-17,S23,S6,SC,85,True,510.0
11416,2025-08-17,S5,S17,S,60,False,240.0
11417,2025-08-17,S31,S32,SC,5,True,30.0
11418,2025-08-17,S24,S17,SC,35,True,210.0
11419,2025-08-17,S13,S19,SC,30,True,180.0
11420,2025-08-17,S2,S16,S,70,False,280.0
11421,2025-08-17,S24,S4,SC,100,True,600.0
11422,2025-08-17,S19,S14,S,25,False,100.0
11423,2025-08-17,S19,S48,R,145,False,1450.0
11424,2025-08-17,S50,S46,S,20,True,96.0
11425,2025-08-17,S25,S46,SC,105,False,525.0
11426,2025-08-17,S10,S14,R,20,False,200.0
11427,2025-08-17,S43,S9,S,170,False,680.0
11428,2025-08-17,S40,S8,SC,160,True,960.0
11429,2025-08-17,S17,S1,R,80,False,800.0
11430,2025-08-17,S39,S47,S,40,True,192.0
11431,2025-08-17,S11,S41,R,150,True,1800.0
11432,2025-08-17,S49,S41,R,40,True,480.0
11433,2025-08-17,S41,S48,SC,35,True,210.0
11434,2025-08-17,S5,S4,S,5,True,24.0
11435,2025-08-17,S23,S12,R,55,False,550.0
11436,2025-08-17,S27,S21,S,30,False,120.0
11437,2025-08-17,S44,S10,S,170,False,680.0
11438,2025-08-17,S31,S13,R,90,False,900.0
11439,2025-08-17,S13,S21,R,40,True,480.0
11440,2025-08-17,S20,S39,S,95,True,456.0
11441,2025-08-17,S16,S7,R,45,False,450.0
11442,2025-08-17,S10,S3,S,35,False,140.0
11443,2025-08-17,S50,S16,SC,170,False,850.0
11444,2025-08-17,S35,S29,R,30,False,300.0
11445,2025-08-17,S12,S29,SC,85,False,425.0
11446,2025-08-17,S49,S10,SC,195,True,1170.0
11447,2025-08-17,S45,S43,SC,10,True,60.0
11448,2025-08-17,S17,S46,S,145,False,580.0
11449,2025-08-17,S32,S9,S,115,True,552.0
11450,2025-08-17,S31,S36,S,25,False,100.0
11451,2025-08-18,S25,S22,SC,15,True,90.0
11452,2025-08-18,S16,S19,R,15,True,180.0
11453,2025-08-18,S16,S14,SC,10,False,50.0
11454,2025-08-18,S38,S37,R,5,False,50.0
11455,2025-08-18,S47,S42,SC,25,True,150.0
11456,2025-08-18,S33,S48,S,75,True,360.0
11457,2025-08-18,S24,S9,R,75,True,900.0
11458,2025-08-18,S7,S17,SC,50,True,300.0
11459,2025-08-18,S25,S8,SC,85,True,510.0
11460,2025-08-18,S42,S40,R,10,False,100.0
11461,2025-08-18,S34,S36,S,10,True,48.0
11462,2025-08-18,S8,S11,SC,15,True,90.0
11463,2025-08-18,S14,S8,S,30,False,120.0
11464,2025-08-18,S15,S46,R,155,False,1550.0
11465,2025-08-18,S26,S13,S,65,True,312.0
11466,2025-08-18,S18,S35,SC,85,True,510.0
11467,2025-08-18,S14,S19,SC,25,True,150.0
11468,2025-08-18,S26,S3,SC,115,False,575.0
11469,2025-08-18,S15,S28,SC,65,True,390.0
11470,2025-08-18,S32,S50,SC,90,False,450.0
11471,2025-08-18,S8,S36,SC,140,False,700.0
11472,2025-08-18,S34,S6,R,140,True,1680.0
11473,2025-08-18,S23,S41,SC,90,False,450.0
11474,2025-08-18,S20,S41,SC,105,True,630.0
11475,2025-08-18,S5,S12,R,35,False,350.0
11476,2025-08-18,S35,S27,R,40,False,400.0
11477,2025-08-18,S21,S24,S,15,True,72.0
11478,2025-08-18,S33,S47,R,70,False,700.0
11479,2025-08-18,S13,S2,S,55,True,264.0
11480,2025-08-18,S21,S32,S,55,False,220.0
11481,2025-08-18,S18,S12,R,30,True,360.0
11482,2025-08-18,S45,S1,R,220,True,2640.0
11483,2025-08-18,S1,S22,SC,105,False,525.0
11484,2025-08-18,S39,S10,SC,145,False,725.0
11485,2025-08-18,S46,S40,R,30,True,360.0
11486,2025-08-18,S28,S46,S,90,True,432.0
11487,2025-08-18,S27,S28,SC,5,True,30.0
11488,2025-08-18,S27,S39,R,60,True,720.0
11489,2025-08-18,S14,S6,SC,40,True,240.0
11490,2025-08-18,S14,S28,SC,70,True,420.0
11491,2025-08-18,S12,S48,R,180,True,2160.0
11492,2025-08-18,S9,S8,R,5,False,50.0
11493,2025-08-18,S40,S18,R,110,True,1320.0
11494,2025-08-18,S35,S32,SC,15,False,75.0
11495,2025-08-18,S8,S41,SC,165,False,825.0
11496,2025-08-18,S13,S46,S,165,False,660.0
11497,2025-08-18,S8,S25,S,85,False,340.0
11498,2025-08-18,S29,S8,S,105,True,504.0
11499,2025-08-18,S24,S11,SC,65,True,390.0
11500,2025-08-18,S50,S13,R,185,False,1850.0
11501,2025-08-19,S12,S41,S,145,False,580.0
11502,2025-08-19,S29,S23,S,30,False,120.0
11503,2025-08-19,S48,S13,S,175,False,700.0
11504,2025-08-19,S23,S46,R,115,False,1150.0
11505,2025-08-19,S17,S35,R,90,True,1080.0
11506,2025-08-19,S1,S20,SC,95,True,570.0
11507,2025-08-19,S22,S17,S,25,False,100.0
11508,2025-08-19,S29,S14,SC,75,True,450.0
11509,2025-08-19,S19,S31,SC,60,False,300.0
11510,2025-08-19,S21,S11,SC,50,False,250.0
11511,2025-08-19,S23,S45,S,110,False,440.0
11512,2025-08-19,S5,S26,R,105,False,1050.0
11513,2025-08-19,S14,S20,R,30,True,360.0
11514,2025-08-19,S10,S43,SC,165,True,990.0
11515,2025-08-19,S23,S39,SC,80,False,400.0
11516,2025-08-19,S25,S36,SC,55,False,275.0
11517,2025-08-19,S30,S5,R,125,True,1500.0
11518,2025-08-19,S15,S26,S,55,True,264.0
11519,2025-08-19,S24,S33,SC,45,False,225.0
11520,2025-08-19,S39,S16,S,115,False,460.0
11521,2025-08-19,S39,S47,SC,40,False,200.0
11522,2025-08-19,S26,S7,SC,95,True,570.0
11523,2025-08-19,S10,S12,R,10,True,120.0
11524,2025-08-19,S17,S14,SC,15,True,90.0
11525,2025-08-19,S11,S48,S,185,True,888.0
11526,2025-08-19,S7,S21,R,70,False,700.0
11527,2025-08-19,S27,S25,SC,10,False,50.0
11528,2025-08-19,S8,S44,R,180,False,1800.0
11529,2025-08-19,S32,S10,R,110,False,1100.0
11530,2025-08-19,S34,S23,S,55,False,220.0
11531,2025-08-19,S6,S49,SC,215,True,1290.0
11532,2025-08-19,S16,S5,S,55,True,264.0
11533,2025-08-19,S36,S50,R,70,False,700.0
11534,2025-08-19,S47,S12,SC,175,False,875.0
11535,2025-08-19,S35,S8,SC,135,False,675.0
11536,2025-08-19,S36,S34,S,10,True,48.0
11537,2025-08-19,S44,S16,S,140,True,672.0
11538,2025-08-19,S31,S14,R,85,False,850.0
11539,2025-08-19,S20,S27,R,35,True,420.0
11540,2025-08-19,S4,S7,SC,15,True,90.0
11541,2025-08-19,S49,S26,SC,115,True,690.0
11542,2025-08-19,S37,S20,S,85,True,408.0
11543,2025-08-19,S16,S42,S,130,True,624.0
11544,2025-08-19,S29,S17,SC,60,False,300.0
11545,2025-08-19,S38,S36,R,10,True,120.0
11546,2025-08-19,S28,S49,SC,105,False,525.0
11547,2025-08-19,S34,S14,R,100,True,1200.0
11548,2025-08-19,S25,S9,R,80,True,960.0
11549,2025-08-19,S45,S40,R,25,True,300.0
11550,2025-08-19,S8,S20,SC,60,True,360.0
11551,2025-08-20,S18,S13,SC,25,False,125.0
11552,2025-08-20,S15,S14,SC,5,True,30.0
11553,2025-08-20,S19,S40,R,105,False,1050.0
11554,2025-08-20,S16,S47,S,155,True,744.0
11555,2025-08-20,S30,S47,R,85,False,850.0
11556,2025-08-20,S12,S50,S,190,False,760.0
11557,2025-08-20,S47,S11,R,180,False,1800.0
11558,2025-08-20,S4,S50,S,230,False,920.0
11559,2025-08-20,S40,S13,SC,135,False,675.0
11560,2025-08-20,S45,S32,SC,65,False,325.0
11561,2025-08-20,S17,S35,SC,90,True,540.0
11562,2025-08-20,S18,S12,S,30,True,144.0
11563,2025-08-20,S43,S29,R,70,False,700.0
11564,2025-08-20,S33,S39,SC,30,False,150.0
11565,2025-08-20,S20,S9,S,55,True,264.0
11566,2025-08-20,S40,S17,S,115,True,552.0
11567,2025-08-20,S18,S22,R,20,False,200.0
11568,2025-08-20,S23,S19,SC,20,True,120.0
11569,2025-08-20,S41,S18,R,115,True,1380.0
11570,2025-08-20,S14,S40,R,130,True,1560.0
11571,2025-08-20,S12,S6,S,30,True,144.0
11572,2025-08-20,S41,S22,SC,95,False,475.0
11573,2025-08-20,S14,S7,SC,35,False,175.0
11574,2025-08-20,S16,S39,S,115,True,552.0
11575,2025-08-20,S22,S28,S,30,True,144.0
11576,2025-08-20,S48,S42,S,30,True,144.0
11577,2025-08-20,S9,S18,SC,45,True,270.0
11578,2025-08-20,S3,S22,S,95,True,456.0
11579,2025-08-20,S30,S15,SC,75,True,450.0
11580,2025-08-20,S10,S38,R,140,False,1400.0
11581,2025-08-20,S43,S42,SC,5,True,30.0
11582,2025-08-20,S39,S36,R,15,False,150.0
11583,2025-08-20,S11,S10,R,5,False,50.0
11584,2025-08-20,S18,S8,R,50,False,500.0
11585,2025-08-20,S41,S9,R,160,False,1600.0
11586,2025-08-20,S9,S31,R,110,True,1320.0
11587,2025-08-20,S13,S4,S,45,True,216.0
11588,2025-08-20,S35,S20,S,75,True,360.0
11589,2025-08-20,S12,S14,SC,10,True,60.0
11590,2025-08-20,S29,S34,R,25,False,250.0
11591,2025-08-20,S4,S3,SC,5,False,25.0
11592,2025-08-20,S16,S3,S,65,True,312.0
11593,2025-08-20,S48,S28,S,100,True,480.0
11594,2025-08-20,S3,S14,SC,55,False,275.0
11595,2025-08-20,S23,S46,S,115,True,552.0
11596,2025-08-20,S16,S1,SC,75,True,450.0
11597,2025-08-20,S44,S28,SC,80,False,400.0
11598,2025-08-20,S38,S4,SC,170,True,1020.0
11599,2025-08-20,S20,S40,R,100,True,1200.0
11600,2025-08-20,S2,S15,R,65,True,780.0
11601,2025-08-21,S28,S38,S,50,True,240.0
11602,2025-08-21,S33,S2,S,155,False,620.0
11603,2025-08-21,S28,S8,SC,100,True,600.0
11604,2025-08-21,S30,S9,R,105,True,1260.0
11605,2025-08-21,S27,S16,SC,55,True,330.0
11606,2025-08-21,S43,S16,R,135,False,1350.0
11607,2025-08-21,S36,S4,SC,160,True,960.0
11608,2025-08-21,S42,S9,S,165,True,792.0
11609,2025-08-21,S48,S44,S,20,False,80.0
11610,2025-08-21,S5,S29,SC,120,True,720.0
11611,2025-08-21,S16,S49,S,165,True,792.0
11612,2025-08-21,S40,S21,R,95,True,1140.0
11613,2025-08-21,S13,S47,S,170,False,680.0
11614,2025-08-21,S11,S10,SC,5,False,25.0
11615,2025-08-21,S25,S13,S,60,False,240.0
11616,2025-08-21,S32,S36,SC,20,False,100.0
11617,2025-08-21,S39,S36,R,15,True,180.0
11618,2025-08-21,S12,S1,SC,55,False,275.0
11619,2025-08-21,S11,S46,S,175,False,700.0
11620,2025-08-21,S10,S46,R,180,False,1800.0
11621,2025-08-21,S45,S42,S,15,True,72.0
11622,2025-08-21,S35,S29,R,30,True,360.0
11623,2025-08-21,S11,S23,R,60,False,600.0
11624,2025-08-21,S9,S32,R,115,False,1150.0
11625,2025-08-21,S6,S5,S,5,True,24.0
11626,2025-08-21,S22,S3,SC,95,False,475.0
11627,2025-08-21,S8,S37,SC,145,True,870.0
11628,2025-08-21,S37,S16,R,105,False,1050.0
11629,2025-08-21,S35,S45,S,50,True,240.0
11630,2025-08-21,S42,S49,SC,35,True,210.0
11631,2025-08-21,S40,S3,R,185,True,2220.0
11632,2025-08-21,S31,S28,SC,15,False,75.0
11633,2025-08-21,S1,S8,R,35,True,420.0
11634,2025-08-21,S41,S20,R,105,False,1050.0
11635,2025-08-21,S22,S31,R,45,True,540.0
11636,2025-08-21,S42,S16,R,130,False,1300.0
11637,2025-08-21,S46,S34,SC,60,False,300.0
11638,2025-08-21,S11,S12,SC,5,True,30.0
11639,2025-08-21,S28,S22,R,30,False,300.0
11640,2025-08-21,S21,S28,SC,35,False,175.0
11641,2025-08-21,S9,S21,S,60,True,288.0
11642,2025-08-21,S48,S40,R,40,False,400.0
11643,2025-08-21,S6,S27,SC,105,True,630.0
11644,2025-08-21,S28,S18,R,50,False,500.0
11645,2025-08-21,S26,S34,SC,40,False,200.0
11646,2025-08-21,S22,S40,S,90,False,360.0
11647,2025-08-21,S44,S3,R,205,True,2460.0
11648,2025-08-21,S44,S33,R,55,False,550.0
11649,2025-08-21,S36,S28,S,40,False,160.0
11650,2025-08-21,S15,S12,S,15,False,60.0
11651,2025-08-22,S41,S4,SC,185,True,1110.0
11652,2025-08-22,S4,S48,R,220,True,2640.0
11653,2025-08-22,S45,S36,R,45,True,540.0
11654,2025-08-22,S29,S6,SC,115,False,575.0
11655,2025-08-22,S44,S26,R,90,True,1080.0
11656,2025-08-22,S49,S22,SC,135,False,675.0
11657,2025-08-22,S11,S10,SC,5,True,30.0
11658,2025-08-22,S25,S2,S,115,False,460.0
11659,2025-08-22,S25,S18,SC,35,True,210.0
11660,2025-08-22,S23,S26,SC,15,True,90.0
11661,2025-08-22,S34,S12,R,110,False,1100.0
11662,2025-08-22,S27,S14,R,65,False,650.0
11663,2025-08-22,S48,S39,S,45,False,180.0
11664,2025-08-22,S28,S3,SC,125,True,750.0
11665,2025-08-22,S28,S14,R,70,True,840.0
11666,2025-08-22,S1,S3,SC,10,False,50.0
11667,2025-08-22,S19,S44,SC,125,False,625.0
11668,2025-08-22,S38,S10,SC,140,False,700.0
11669,2025-08-22,S27,S38,SC,55,True,330.0
11670,2025-08-22,S15,S18,SC,15,False,75.0
11671,2025-08-22,S50,S9,R,205,False,2050.0
11672,2025-08-22,S16,S23,S,35,False,140.0
11673,2025-08-22,S2,S42,R,200,False,2000.0
11674,2025-08-22,S19,S40,R,105,True,1260.0
11675,2025-08-22,S22,S20,SC,10,False,50.0
11676,2025-08-22,S20,S1,S,95,False,380.0
11677,2025-08-22,S19,S25,S,30,False,120.0
11678,2025-08-22,S46,S16,S,150,False,600.0
11679,2025-08-22,S16,S14,SC,10,False,50.0
11680,2025-08-22,S11,S9,S,10,True,48.0
11681,2025-08-22,S31,S25,SC,30,False,150.0
11682,2025-08-22,S36,S35,R,5,True,60.0
11683,2025-08-22,S6,S43,S,185,True,888.0
11684,2025-08-22,S29,S8,SC,105,True,630.0
11685,2025-08-22,S30,S25,S,25,False,100.0
11686,2025-08-22,S46,S27,R,95,True,1140.0
11687,2025-08-22,S23,S46,S,115,True,552.0
11688,2025-08-22,S6,S26,R,100,True,1200.0
11689,2025-08-22,S36,S3,R,165,False,1650.0
11690,2025-08-22,S6,S39,S,165,False,660.0
11691,2025-08-22,S17,S22,SC,25,False,125.0
11692,2025-08-22,S11,S10,R,5,True,60.0
11693,2025-08-22,S23,S25,SC,10,False,50.0
11694,2025-08-22,S11,S19,S,40,False,160.0
11695,2025-08-22,S13,S44,S,155,False,620.0
11696,2025-08-22,S36,S26,SC,50,True,300.0
11697,2025-08-22,S10,S15,SC,25,False,125.0
11698,2025-08-22,S45,S13,S,160,False,640.0
11699,2025-08-22,S23,S1,R,110,True,1320.0
11700,2025-08-22,S11,S9,S,10,True,48.0
11701,2025-08-23,S13,S3,SC,50,True,300.0
11702,2025-08-23,S1,S27,R,130,False,1300.0
11703,2025-08-23,S39,S33,R,30,False,300.0
11704,2025-08-23,S31,S23,S,40,True,192.0
11705,2025-08-23,S33,S30,R,15,True,180.0
11706,2025-08-23,S27,S4,R,115,True,1380.0
11707,2025-08-23,S23,S37,SC,70,False,350.0
11708,2025-08-23,S15,S10,S,25,False,100.0
11709,2025-08-23,S47,S14,SC,165,True,990.0
11710,2025-08-23,S2,S34,R,160,True,1920.0
11711,2025-08-23,S26,S46,R,100,True,1200.0
11712,2025-08-23,S13,S19,R,30,True,360.0
11713,2025-08-23,S37,S17,R,100,False,1000.0
11714,2025-08-23,S23,S40,SC,85,False,425.0
11715,2025-08-23,S12,S45,S,165,True,792.0
11716,2025-08-23,S1,S38,SC,185,False,925.0
11717,2025-08-23,S39,S22,S,85,True,408.0
11718,2025-08-23,S17,S18,S,5,False,20.0
11719,2025-08-23,S33,S41,SC,40,False,200.0
11720,2025-08-23,S12,S4,SC,40,False,200.0
11721,2025-08-23,S39,S28,SC,55,True,330.0
11722,2025-08-23,S28,S25,SC,15,True,90.0
11723,2025-08-23,S47,S46,R,5,False,50.0
11724,2025-08-23,S36,S39,R,15,True,180.0
11725,2025-08-23,S2,S27,R,125,False,1250.0
11726,2025-08-23,S25,S41,SC,80,True,480.0
11727,2025-08-23,S27,S40,R,65,False,650.0
11728,2025-08-23,S12,S42,SC,150,True,900.0
11729,2025-08-23,S20,S26,R,30,True,360.0
11730,2025-08-23,S47,S20,R,135,True,1620.0
11731,2025-08-23,S30,S28,R,10,False,100.0
11732,2025-08-23,S2,S24,SC,110,False,550.0
11733,2025-08-23,S24,S30,SC,30,False,150.0
11734,2025-08-23,S1,S18,SC,85,False,425.0
11735,2025-08-23,S46,S41,S,25,True,120.0
11736,2025-08-23,S7,S45,SC,190,False,950.0
11737,2025-08-23,S46,S48,S,10,True,48.0
11738,2025-08-23,S44,S22,R,110,True,1320.0
11739,2025-08-23,S15,S27,S,60,False,240.0
11740,2025-08-23,S29,S41,R,60,True,720.0
11741,2025-08-23,S23,S30,R,35,True,420.0
11742,2025-08-23,S22,S16,SC,30,True,180.0
11743,2025-08-23,S49,S34,SC,75,True,450.0
11744,2025-08-23,S12,S43,SC,155,False,775.0
11745,2025-08-23,S29,S7,S,110,False,440.0
11746,2025-08-23,S28,S48,R,100,True,1200.0
11747,2025-08-23,S17,S18,R,5,False,50.0
11748,2025-08-23,S15,S49,SC,170,True,1020.0
11749,2025-08-23,S32,S39,S,35,False,140.0
11750,2025-08-23,S24,S13,SC,55,True,330.0
11751,2025-08-24,S24,S33,SC,45,False,225.0
11752,2025-08-24,S41,S45,S,20,False,80.0
11753,2025-08-24,S3,S24,R,105,False,1050.0
11754,2025-08-24,S31,S2,S,145,False,580.0
11755,2025-08-24,S1,S48,SC,235,False,1175.0
11756,2025-08-24,S14,S6,SC,40,False,200.0
11757,2025-08-24,S33,S19,SC,70,False,350.0
11758,2025-08-24,S9,S20,R,55,True,660.0
11759,2025-08-24,S8,S4,R,20,True,240.0
11760,2025-08-24,S45,S1,SC,220,True,1320.0
11761,2025-08-24,S6,S19,SC,65,True,390.0
11762,2025-08-24,S17,S11,SC,30,True,180.0
11763,2025-08-24,S49,S4,SC,225,False,1125.0
11764,2025-08-24,S48,S5,R,215,False,2150.0
11765,2025-08-24,S4,S28,S,120,False,480.0
11766,2025-08-24,S43,S45,R,10,True,120.0
11767,2025-08-24,S43,S6,SC,185,True,1110.0
11768,2025-08-24,S50,S6,SC,220,False,1100.0
11769,2025-08-24,S20,S47,R,135,False,1350.0
11770,2025-08-24,S9,S46,S,185,True,888.0
11771,2025-08-24,S49,S2,SC,235,False,1175.0
11772,2025-08-24,S50,S11,S,195,False,780.0
11773,2025-08-24,S19,S15,SC,20,True,120.0
11774,2025-08-24,S26,S12,S,70,False,280.0
11775,2025-08-24,S9,S3,SC,30,True,180.0
11776,2025-08-24,S7,S4,S,15,True,72.0
11777,2025-08-24,S12,S24,R,60,True,720.0
11778,2025-08-24,S45,S41,R,20,True,240.0
11779,2025-08-24,S50,S30,S,100,True,480.0
11780,2025-08-24,S23,S13,SC,50,False,250.0
11781,2025-08-24,S48,S45,S,15,False,60.0
11782,2025-08-24,S32,S41,R,45,True,540.0
11783,2025-08-24,S36,S23,SC,65,False,325.0
11784,2025-08-24,S26,S31,R,25,True,300.0
11785,2025-08-24,S8,S1,S,35,False,140.0
11786,2025-08-24,S3,S33,SC,150,False,750.0
11787,2025-08-24,S42,S27,S,75,False,300.0
11788,2025-08-24,S7,S21,SC,70,False,350.0
11789,2025-08-24,S32,S16,R,80,False,800.0
11790,2025-08-24,S19,S6,S,65,True,312.0
11791,2025-08-24,S30,S22,SC,40,False,200.0
11792,2025-08-24,S21,S28,SC,35,False,175.0
11793,2025-08-24,S50,S39,S,55,False,220.0
11794,2025-08-24,S37,S28,SC,45,False,225.0
11795,2025-08-24,S21,S38,S,85,False,340.0
11796,2025-08-24,S16,S50,R,170,True,2040.0
11797,2025-08-24,S37,S21,SC,80,False,400.0
11798,2025-08-24,S48,S35,SC,65,True,390.0
11799,2025-08-24,S9,S5,R,20,False,200.0
11800,2025-08-24,S31,S20,SC,55,True,330.0
11801,2025-08-25,S31,S44,S,65,False,260.0
11802,2025-08-25,S17,S30,SC,65,True,390.0
11803,2025-08-25,S23,S42,S,95,False,380.0
11804,2025-08-25,S19,S2,R,85,True,1020.0
11805,2025-08-25,S31,S1,R,150,True,1800.0
11806,2025-08-25,S30,S36,SC,30,True,180.0
11807,2025-08-25,S12,S49,SC,185,True,1110.0
11808,2025-08-25,S44,S50,R,30,False,300.0
11809,2025-08-25,S7,S8,R,5,False,50.0
11810,2025-08-25,S44,S17,SC,135,True,810.0
11811,2025-08-25,S16,S29,R,65,False,650.0
11812,2025-08-25,S11,S14,SC,15,True,90.0
11813,2025-08-25,S17,S38,SC,105,False,525.0
11814,2025-08-25,S44,S47,R,15,True,180.0
11815,2025-08-25,S2,S39,S,185,True,888.0
11816,2025-08-25,S2,S43,R,205,True,2460.0
11817,2025-08-25,S41,S3,R,190,False,1900.0
11818,2025-08-25,S24,S40,SC,80,True,480.0
11819,2025-08-25,S46,S34,S,60,True,288.0
11820,2025-08-25,S14,S36,SC,110,False,550.0
11821,2025-08-25,S10,S3,R,35,True,420.0
11822,2025-08-25,S30,S42,R,60,False,600.0
11823,2025-08-25,S38,S31,S,35,True,168.0
11824,2025-08-25,S15,S3,R,60,False,600.0
11825,2025-08-25,S19,S1,R,90,False,900.0
11826,2025-08-25,S49,S50,SC,5,True,30.0
11827,2025-08-25,S48,S16,R,160,True,1920.0
11828,2025-08-25,S21,S46,S,125,True,600.0
11829,2025-08-25,S36,S27,SC,45,False,225.0
11830,2025-08-25,S25,S40,R,75,True,900.0
11831,2025-08-25,S21,S38,SC,85,True,510.0
11832,2025-08-25,S11,S45,S,170,True,816.0
11833,2025-08-25,S33,S9,SC,120,True,720.0
11834,2025-08-25,S41,S2,S,195,False,780.0
11835,2025-08-25,S38,S32,S,30,False,120.0
11836,2025-08-25,S40,S19,R,105,False,1050.0
11837,2025-08-25,S36,S44,R,40,True,480.0
11838,2025-08-25,S23,S47,S,120,True,576.0
11839,2025-08-25,S40,S39,S,5,True,24.0
11840,2025-08-25,S37,S34,SC,15,False,75.0
11841,2025-08-25,S28,S7,SC,105,False,525.0
11842,2025-08-25,S17,S1,S,80,False,320.0
11843,2025-08-25,S4,S19,SC,75,True,450.0
11844,2025-08-25,S4,S9,SC,25,True,150.0
11845,2025-08-25,S39,S35,SC,20,False,100.0
11846,2025-08-25,S7,S34,SC,135,True,810.0
11847,2025-08-25,S7,S15,S,40,True,192.0
11848,2025-08-25,S33,S29,S,20,False,80.0
11849,2025-08-25,S25,S29,S,20,False,80.0
11850,2025-08-25,S46,S30,S,80,False,320.0
11851,2025-08-26,S6,S7,S,5,True,24.0
11852,2025-08-26,S18,S32,SC,70,False,350.0
11853,2025-08-26,S8,S5,SC,15,False,75.0
11854,2025-08-26,S31,S35,R,20,True,240.0
11855,2025-08-26,S50,S34,R,80,False,800.0
11856,2025-08-26,S40,S33,R,35,True,420.0
11857,2025-08-26,S30,S21,S,45,False,180.0
11858,2025-08-26,S21,S4,R,85,False,850.0
11859,2025-08-26,S27,S38,S,55,True,264.0
11860,2025-08-26,S4,S14,R,50,False,500.0
11861,2025-08-26,S3,S35,SC,160,True,960.0
11862,2025-08-26,S39,S33,R,30,True,360.0
11863,2025-08-26,S30,S24,S,30,False,120.0
11864,2025-08-26,S17,S32,R,75,True,900.0
11865,2025-08-26,S34,S31,S,15,False,60.0
11866,2025-08-26,S27,S5,S,110,False,440.0
11867,2025-08-26,S14,S32,R,90,False,900.0
11868,2025-08-26,S14,S49,S,175,False,700.0
11869,2025-08-26,S47,S17,SC,150,False,750.0
11870,2025-08-26,S13,S32,R,95,False,950.0
11871,2025-08-26,S5,S8,S,15,True,72.0
11872,2025-08-26,S35,S1,S,170,True,816.0
11873,2025-08-26,S47,S3,R,220,True,2640.0
11874,2025-08-26,S24,S31,R,35,True,420.0
11875,2025-08-26,S37,S30,R,35,True,420.0
11876,2025-08-26,S41,S32,S,45,True,216.0
11877,2025-08-26,S15,S6,R,45,True,540.0
11878,2025-08-26,S29,S48,R,95,False,950.0
11879,2025-08-26,S37,S19,SC,90,True,540.0
11880,2025-08-26,S18,S15,SC,15,True,90.0
11881,2025-08-26,S4,S47,R,215,True,2580.0
11882,2025-08-26,S28,S50,S,110,False,440.0
11883,2025-08-26,S48,S10,S,190,True,912.0
11884,2025-08-26,S6,S4,R,10,False,100.0
11885,2025-08-26,S46,S48,R,10,False,100.0
11886,2025-08-26,S32,S4,S,140,False,560.0
11887,2025-08-26,S22,S20,R,10,True,120.0
11888,2025-08-26,S29,S12,S,85,False,340.0
11889,2025-08-26,S28,S47,S,95,True,456.0
11890,2025-08-26,S32,S41,R,45,False,450.0
11891,2025-08-26,S5,S29,SC,120,False,600.0
11892,2025-08-26,S9,S31,S,110,False,440.0
11893,2025-08-26,S9,S22,R,65,False,650.0
11894,2025-08-26,S31,S40,S,45,False,180.0
11895,2025-08-26,S27,S18,R,45,True,540.0
11896,2025-08-26,S17,S29,R,60,False,600.0
11897,2025-08-26,S46,S32,S,70,False,280.0
11898,2025-08-26,S50,S20,SC,150,True,900.0
11899,2025-08-26,S6,S36,SC,150,True,900.0
11900,2025-08-26,S26,S32,S,30,True,144.0
11901,2025-08-27,S19,S14,R,25,False,250.0
11902,2025-08-27,S6,S16,SC,50,False,250.0
11903,2025-08-27,S19,S5,SC,70,True,420.0
11904,2025-08-27,S32,S18,S,70,False,280.0
11905,2025-08-27,S28,S39,SC,55,True,330.0
11906,2025-08-27,S23,S7,SC,80,False,400.0
11907,2025-08-27,S31,S41,S,50,True,240.0
11908,2025-08-27,S39,S32,R,35,True,420.0
11909,2025-08-27,S43,S1,S,210,True,1008.0
11910,2025-08-27,S48,S1,S,235,True,1128.0
11911,2025-08-27,S50,S7,R,215,False,2150.0
11912,2025-08-27,S42,S34,S,40,False,160.0
11913,2025-08-27,S45,S33,S,60,True,288.0
11914,2025-08-27,S2,S11,R,45,False,450.0
11915,2025-08-27,S29,S37,S,40,False,160.0
11916,2025-08-27,S32,S47,SC,75,True,450.0
11917,2025-08-27,S34,S44,S,50,True,240.0
11918,2025-08-27,S30,S47,S,85,True,408.0
11919,2025-08-27,S10,S8,R,10,False,100.0
11920,2025-08-27,S4,S27,R,115,True,1380.0
11921,2025-08-27,S49,S47,R,10,True,120.0
11922,2025-08-27,S39,S30,S,45,True,216.0
11923,2025-08-27,S6,S18,SC,60,True,360.0
11924,2025-08-27,S33,S9,R,120,False,1200.0
11925,2025-08-27,S18,S23,S,25,True,120.0
11926,2025-08-27,S11,S48,R,185,False,1850.0
11927,2025-08-27,S20,S33,SC,65,False,325.0
11928,2025-08-27,S41,S37,S,20,False,80.0
11929,2025-08-27,S12,S14,S,10,False,40.0
11930,2025-08-27,S33,S8,R,125,True,1500.0
11931,2025-08-27,S5,S27,S,110,True,528.0
11932,2025-08-27,S36,S9,R,135,False,1350.0
11933,2025-08-27,S28,S37,S,45,True,216.0
11934,2025-08-27,S48,S30,SC,90,True,540.0
11935,2025-08-27,S38,S40,S,10,False,40.0
11936,2025-08-27,S49,S14,SC,175,False,875.0
11937,2025-08-27,S4,S22,S,90,False,360.0
11938,2025-08-27,S7,S38,S,155,False,620.0
11939,2025-08-27,S43,S31,R,60,True,720.0
11940,2025-08-27,S27,S47,S,100,True,480.0
11941,2025-08-27,S41,S18,SC,115,True,690.0
11942,2025-08-27,S35,S8,R,135,True,1620.0
11943,2025-08-27,S35,S18,S,85,True,408.0
11944,2025-08-27,S21,S37,SC,80,True,480.0
11945,2025-08-27,S34,S11,S,115,True,552.0
11946,2025-08-27,S48,S40,R,40,False,400.0
11947,2025-08-27,S48,S15,S,165,True,792.0
11948,2025-08-27,S6,S41,S,175,True,840.0
11949,2025-08-27,S6,S7,R,5,True,60.0
11950,2025-08-27,S19,S20,R,5,True,60.0
11951,2025-08-28,S25,S35,S,50,False,200.0
11952,2025-08-28,S34,S35,SC,5,True,30.0
11953,2025-08-28,S9,S20,SC,55,False,275.0
11954,2025-08-28,S31,S29,S,10,True,48.0
11955,2025-08-28,S50,S24,R,130,False,1300.0
11956,2025-08-28,S47,S6,S,205,False,820.0
11957,2025-08-28,S18,S23,SC,25,True,150.0
11958,2025-08-28,S40,S8,SC,160,True,960.0
11959,2025-08-28,S43,S45,S,10,True,48.0
11960,2025-08-28,S24,S43,SC,95,False,475.0
11961,2025-08-28,S32,S14,R,90,True,1080.0
11962,2025-08-28,S34,S31,S,15,False,60.0
11963,2025-08-28,S43,S21,R,110,False,1100.0
11964,2025-08-28,S7,S23,S,80,False,320.0
11965,2025-08-28,S15,S48,R,165,False,1650.0
11966,2025-08-28,S25,S21,R,20,False,200.0
11967,2025-08-28,S42,S47,SC,25,False,125.0
11968,2025-08-28,S22,S50,SC,140,True,840.0
11969,2025-08-28,S49,S10,SC,195,True,1170.0
11970,2025-08-28,S40,S4,SC,180,True,1080.0
11971,2025-08-28,S33,S44,SC,55,False,275.0
11972,2025-08-28,S21,S44,R,115,False,1150.0
11973,2025-08-28,S20,S7,SC,65,False,325.0
11974,2025-08-28,S12,S24,R,60,True,720.0
11975,2025-08-28,S26,S7,R,95,True,1140.0
11976,2025-08-28,S9,S23,R,70,True,840.0
11977,2025-08-28,S20,S38,R,90,False,900.0
11978,2025-08-28,S41,S30,SC,55,True,330.0
11979,2025-08-28,S5,S8,R,15,False,150.0
11980,2025-08-28,S19,S39,R,100,False,1000.0
11981,2025-08-28,S45,S37,R,40,True,480.0
11982,2025-08-28,S2,S8,R,30,False,300.0
11983,2025-08-28,S45,S19,SC,130,False,650.0
11984,2025-08-28,S24,S25,SC,5,True,30.0
11985,2025-08-28,S9,S38,S,145,True,696.0
11986,2025-08-28,S41,S18,S,115,False,460.0
11987,2025-08-28,S47,S10,SC,185,True,1110.0
11988,2025-08-28,S33,S44,SC,55,True,330.0
11989,2025-08-28,S36,S20,SC,80,False,400.0
11990,2025-08-28,S8,S31,S,115,True,552.0
11991,2025-08-28,S34,S41,S,35,False,140.0
11992,2025-08-28,S31,S26,S,25,False,100.0
11993,2025-08-28,S26,S46,R,100,False,1000.0
11994,2025-08-28,S23,S45,S,110,True,528.0
11995,2025-08-28,S11,S22,R,55,False,550.0
11996,2025-08-28,S31,S27,R,20,True,240.0
11997,2025-08-28,S30,S21,SC,45,True,270.0
11998,2025-08-28,S43,S6,S,185,False,740.0
11999,2025-08-28,S27,S5,R,110,False,1100.0
12000,2025-08-28,S40,S12,SC,140,False,700.0
12001,2025-08-29,S27,S19,SC,40,True,240.0
12002,2025-08-29,S19,S10,R,45,False,450.0
12003,2025-08-29,S16,S31,S,75,True,360.0
12004,2025-08-29,S8,S25,SC,85,True,510.0
12005,2025-08-29,S12,S50,R,190,True,2280.0
12006,2025-08-29,S40,S2,S,190,False,760.0
12007,2025-08-29,S22,S18,R,20,True,240.0
12008,2025-08-29,S4,S13,S,45,False,180.0
12009,2025-08-29,S31,S23,R,40,False,400.0
12010,2025-08-29,S41,S23,S,90,True,432.0
12011,2025-08-29,S45,S37,S,40,False,160.0
12012,2025-08-29,S43,S46,R,15,False,150.0
12013,2025-08-29,S42,S43,SC,5,False,25.0
12014,2025-08-29,S26,S33,SC,35,False,175.0
12015,2025-08-29,S2,S39,SC,185,True,1110.0
12016,2025-08-29,S1,S6,R,25,True,300.0
12017,2025-08-29,S49,S13,SC,180,True,1080.0
12018,2025-08-29,S23,S34,S,55,False,220.0
12019,2025-08-29,S49,S9,R,200,False,2000.0
12020,2025-08-29,S48,S29,S,95,True,456.0
12021,2025-08-29,S48,S2,R,230,True,2760.0
12022,2025-08-29,S45,S12,SC,165,False,825.0
12023,2025-08-29,S22,S15,R,35,True,420.0
12024,2025-08-29,S40,S16,S,120,False,480.0
12025,2025-08-29,S31,S11,R,100,False,1000.0
12026,2025-08-29,S8,S42,S,170,True,816.0
12027,2025-08-29,S9,S31,S,110,True,528.0
12028,2025-08-29,S40,S3,S,185,False,740.0
12029,2025-08-29,S15,S36,S,105,False,420.0
12030,2025-08-29,S27,S26,R,5,False,50.0
12031,2025-08-29,S40,S26,S,70,True,336.0
12032,2025-08-29,S35,S24,S,55,False,220.0
12033,2025-08-29,S29,S6,R,115,False,1150.0
12034,2025-08-29,S3,S14,S,55,True,264.0
12035,2025-08-29,S9,S38,S,145,True,696.0
12036,2025-08-29,S17,S16,S,5,True,24.0
12037,2025-08-29,S48,S35,S,65,True,312.0
12038,2025-08-29,S35,S18,R,85,False,850.0
12039,2025-08-29,S14,S36,S,110,True,528.0
12040,2025-08-29,S45,S22,SC,115,False,575.0
12041,2025-08-29,S37,S3,SC,170,True,1020.0
12042,2025-08-29,S36,S15,S,105,False,420.0
12043,2025-08-29,S27,S49,S,110,False,440.0
12044,2025-08-29,S7,S39,R,160,True,1920.0
12045,2025-08-29,S19,S5,SC,70,False,350.0
12046,2025-08-29,S13,S31,S,90,False,360.0
12047,2025-08-29,S34,S9,R,125,False,1250.0
12048,2025-08-29,S31,S32,SC,5,False,25.0
12049,2025-08-29,S7,S32,R,125,False,1250.0
12050,2025-08-29,S37,S34,R,15,True,180.0
12051,2025-08-30,S30,S45,SC,75,True,450.0
12052,2025-08-30,S41,S17,SC,120,False,600.0
12053,2025-08-30,S23,S31,R,40,True,480.0
12054,2025-08-30,S2,S15,R,65,True,780.0
12055,2025-08-30,S30,S40,R,50,True,600.0
12056,2025-08-30,S48,S50,S,10,True,48.0
12057,2025-08-30,S17,S9,R,40,True,480.0
12058,2025-08-30,S12,S8,R,20,False,200.0
12059,2025-08-30,S17,S25,R,40,True,480.0
12060,2025-08-30,S28,S50,S,110,True,528.0
12061,2025-08-30,S25,S30,SC,25,False,125.0
12062,2025-08-30,S40,S46,SC,30,False,150.0
12063,2025-08-30,S9,S32,S,115,True,552.0
12064,2025-08-30,S45,S47,R,10,True,120.0
12065,2025-08-30,S49,S18,SC,155,True,930.0
12066,2025-08-30,S33,S45,R,60,False,600.0
12067,2025-08-30,S13,S49,SC,180,False,900.0
12068,2025-08-30,S35,S22,R,65,True,780.0
12069,2025-08-30,S18,S44,SC,130,True,780.0
12070,2025-08-30,S24,S41,SC,85,False,425.0
12071,2025-08-30,S42,S49,SC,35,False,175.0
12072,2025-08-30,S44,S30,R,70,True,840.0
12073,2025-08-30,S19,S16,S,15,False,60.0
12074,2025-08-30,S26,S35,R,45,False,450.0
12075,2025-08-30,S41,S22,R,95,True,1140.0
12076,2025-08-30,S41,S27,S,70,False,280.0
12077,2025-08-30,S48,S31,SC,85,False,425.0
12078,2025-08-30,S33,S36,S,15,False,60.0
12079,2025-08-30,S2,S10,SC,40,True,240.0
12080,2025-08-30,S38,S26,R,60,True,720.0
12081,2025-08-30,S32,S29,R,15,False,150.0
12082,2025-08-30,S36,S50,SC,70,True,420.0
12083,2025-08-30,S2,S40,R,190,True,2280.0
12084,2025-08-30,S47,S15,SC,160,False,800.0
12085,2025-08-30,S38,S46,SC,40,True,240.0
12086,2025-08-30,S36,S48,R,60,False,600.0
12087,2025-08-30,S35,S2,S,165,True,792.0
12088,2025-08-30,S41,S9,R,160,True,1920.0
12089,2025-08-30,S47,S40,SC,35,False,175.0
12090,2025-08-30,S31,S20,SC,55,False,275.0
12091,2025-08-30,S21,S11,R,50,True,600.0
12092,2025-08-30,S47,S5,SC,210,False,1050.0
12093,2025-08-30,S44,S50,SC,30,False,150.0
12094,2025-08-30,S30,S49,R,95,True,1140.0
12095,2025-08-30,S27,S45,S,90,True,432.0
12096,2025-08-30,S21,S23,S,10,True,48.0
12097,2025-08-30,S19,S41,SC,110,False,550.0
12098,2025-08-30,S36,S41,S,25,False,100.0
12099,2025-08-30,S4,S35,S,155,True,744.0
12100,2025-08-30,S39,S3,R,180,False,1800.0
12101,2025-08-31,S26,S6,SC,100,False,500.0
12102,2025-08-31,S41,S15,SC,130,True,780.0
12103,2025-08-31,S6,S14,R,40,False,400.0
12104,2025-08-31,S24,S5,R,95,True,1140.0
12105,2025-08-31,S34,S6,S,140,True,672.0
12106,2025-08-31,S33,S2,R,155,True,1860.0
12107,2025-08-31,S3,S35,S,160,False,640.0
12108,2025-08-31,S41,S8,SC,165,False,825.0
12109,2025-08-31,S23,S6,S,85,False,340.0
12110,2025-08-31,S8,S50,R,210,False,2100.0
12111,2025-08-31,S19,S7,R,60,True,720.0
12112,2025-08-31,S26,S14,SC,60,False,300.0
12113,2025-08-31,S5,S10,R,25,True,300.0
12114,2025-08-31,S47,S6,SC,205,True,1230.0
12115,2025-08-31,S12,S28,S,80,True,384.0
12116,2025-08-31,S27,S17,S,50,False,200.0
12117,2025-08-31,S32,S10,S,110,False,440.0
12118,2025-08-31,S46,S48,R,10,True,120.0
12119,2025-08-31,S25,S5,SC,100,False,500.0
12120,2025-08-31,S13,S19,R,30,True,360.0
12121,2025-08-31,S1,S27,SC,130,False,650.0
12122,2025-08-31,S25,S36,SC,55,False,275.0
12123,2025-08-31,S36,S21,S,75,False,300.0
12124,2025-08-31,S2,S24,SC,110,True,660.0
12125,2025-08-31,S15,S16,SC,5,True,30.0
12126,2025-08-31,S2,S34,S,160,False,640.0
12127,2025-08-31,S8,S37,R,145,True,1740.0
12128,2025-08-31,S19,S35,SC,80,True,480.0
12129,2025-08-31,S31,S26,S,25,True,120.0
12130,2025-08-31,S26,S11,R,75,True,900.0
12131,2025-08-31,S37,S4,SC,165,True,990.0
12132,2025-08-31,S28,S1,S,135,False,540.0
12133,2025-08-31,S20,S38,R,90,True,1080.0
12134,2025-08-31,S11,S13,SC,10,True,60.0
12135,2025-08-31,S30,S19,S,55,True,264.0
12136,2025-08-31,S45,S32,S,65,True,312.0
12137,2025-08-31,S21,S15,S,30,True,144.0
12138,2025-08-31,S37,S17,R,100,True,1200.0
12139,2025-08-31,S49,S28,S,105,False,420.0
12140,2025-08-31,S10,S45,SC,175,True,1050.0
12141,2025-08-31,S42,S45,SC,15,False,75.0
12142,2025-08-31,S14,S37,S,115,True,552.0
12143,2025-08-31,S12,S45,R,165,False,1650.0
12144,2025-08-31,S27,S9,S,90,False,360.0
12145,2025-08-31,S12,S29,R,85,False,850.0
12146,2025-08-31,S22,S28,SC,30,True,180.0
12147,2025-08-31,S49,S32,SC,85,False,425.0
12148,2025-08-31,S30,S10,S,100,True,480.0
12149,2025-08-31,S20,S22,SC,10,True,60.0
12150,2025-08-31,S13,S11,S,10,True,48.0
12151,2025-09-01,S42,S12,S,150,False,600.0
12152,2025-09-01,S5,S42,S,185,False,740.0
12153,2025-09-01,S41,S22,S,95,False,380.0
12154,2025-09-01,S46,S26,SC,100,True,600.0
12155,2025-09-01,S5,S23,R,90,False,900.0
12156,2025-09-01,S30,S48,R,90,False,900.0
12157,2025-09-01,S34,S43,SC,45,False,225.0
12158,2025-09-01,S43,S4,SC,195,False,975.0
12159,2025-09-01,S43,S21,S,110,False,440.0
12160,2025-09-01,S21,S24,SC,15,False,75.0
12161,2025-09-01,S17,S13,S,20,True,96.0
12162,2025-09-01,S17,S41,S,120,False,480.0
12163,2025-09-01,S35,S33,R,10,True,120.0
12164,2025-09-01,S11,S9,R,10,True,120.0
12165,2025-09-01,S29,S6,R,115,False,1150.0
12166,2025-09-01,S25,S29,S,20,True,96.0
12167,2025-09-01,S1,S8,S,35,True,168.0
12168,2025-09-01,S5,S44,R,195,True,2340.0
12169,2025-09-01,S23,S50,S,135,True,648.0
12170,2025-09-01,S30,S16,SC,70,True,420.0
12171,2025-09-01,S12,S43,S,155,True,744.0
12172,2025-09-01,S12,S8,S,20,True,96.0
12173,2025-09-01,S39,S17,SC,110,True,660.0
12174,2025-09-01,S13,S9,SC,20,True,120.0
12175,2025-09-01,S5,S48,SC,215,False,1075.0
12176,2025-09-01,S41,S37,R,20,True,240.0
12177,2025-09-01,S48,S13,SC,175,True,1050.0
12178,2025-09-01,S23,S50,S,135,True,648.0
12179,2025-09-01,S23,S37,R,70,False,700.0
12180,2025-09-01,S45,S15,S,150,False,600.0
12181,2025-09-01,S32,S2,SC,150,False,750.0
12182,2025-09-01,S31,S34,R,15,False,150.0
12183,2025-09-01,S36,S46,S,50,True,240.0
12184,2025-09-01,S10,S17,S,35,True,168.0
12185,2025-09-01,S18,S32,R,70,True,840.0
12186,2025-09-01,S43,S16,SC,135,False,675.0
12187,2025-09-01,S27,S15,S,60,False,240.0
12188,2025-09-01,S17,S43,R,130,True,1560.0
12189,2025-09-01,S43,S45,S,10,True,48.0
12190,2025-09-01,S14,S11,R,15,True,180.0
12191,2025-09-01,S48,S13,S,175,True,840.0
12192,2025-09-01,S1,S16,SC,75,True,450.0
12193,2025-09-01,S22,S41,SC,95,True,570.0
12194,2025-09-01,S11,S6,S,25,False,100.0
12195,2025-09-01,S15,S29,S,70,True,336.0
12196,2025-09-01,S26,S46,R,100,False,1000.0
12197,2025-09-01,S15,S43,SC,140,True,840.0
12198,2025-09-01,S19,S25,R,30,False,300.0
12199,2025-09-01,S49,S38,SC,55,False,275.0
12200,2025-09-01,S23,S47,S,120,False,480.0
12201,2025-09-02,S41,S3,SC,190,False,950.0
12202,2025-09-02,S45,S50,R,25,False,250.0
12203,2025-09-02,S19,S30,R,55,True,660.0
12204,2025-09-02,S26,S15,R,55,True,660.0
12205,2025-09-02,S49,S3,R,230,True,2760.0
12206,2025-09-02,S40,S29,S,55,False,220.0
12207,2025-09-02,S4,S28,R,120,False,1200.0
12208,2025-09-02,S39,S13,S,130,True,624.0
12209,2025-09-02,S13,S16,S,15,True,72.0
12210,2025-09-02,S1,S32,R,155,False,1550.0
12211,2025-09-02,S35,S49,R,70,False,700.0
12212,2025-09-02,S47,S17,S,150,True,720.0
12213,2025-09-02,S12,S34,SC,110,True,660.0
12214,2025-09-02,S35,S49,SC,70,True,420.0
12215,2025-09-02,S2,S4,R,10,False,100.0
12216,2025-09-02,S14,S26,SC,60,True,360.0
12217,2025-09-02,S14,S21,S,35,True,168.0
12218,2025-09-02,S1,S18,S,85,False,340.0
12219,2025-09-02,S26,S21,S,25,False,100.0
12220,2025-09-02,S9,S3,R,30,False,300.0
12221,2025-09-02,S29,S28,SC,5,False,25.0
12222,2025-09-02,S3,S42,SC,195,False,975.0
12223,2025-09-02,S6,S27,SC,105,False,525.0
12224,2025-09-02,S5,S22,R,85,False,850.0
12225,2025-09-02,S8,S39,SC,155,False,775.0
12226,2025-09-02,S6,S42,R,180,True,2160.0
12227,2025-09-02,S11,S46,R,175,False,1750.0
12228,2025-09-02,S14,S9,SC,25,False,125.0
12229,2025-09-02,S37,S25,S,60,True,288.0
12230,2025-09-02,S49,S14,S,175,False,700.0
12231,2025-09-02,S26,S10,S,80,False,320.0
12232,2025-09-02,S38,S7,SC,155,True,930.0
12233,2025-09-02,S38,S24,R,70,True,840.0
12234,2025-09-02,S22,S48,S,130,False,520.0
12235,2025-09-02,S34,S38,SC,20,True,120.0
12236,2025-09-02,S19,S50,R,155,False,1550.0
12237,2025-09-02,S39,S41,R,10,True,120.0
12238,2025-09-02,S50,S10,R,200,True,2400.0
12239,2025-09-02,S1,S11,SC,50,True,300.0
12240,2025-09-02,S18,S4,S,70,False,280.0
12241,2025-09-02,S38,S48,R,50,False,500.0
12242,2025-09-02,S1,S43,SC,210,False,1050.0
12243,2025-09-02,S44,S37,SC,35,False,175.0
12244,2025-09-02,S37,S35,SC,10,False,50.0
12245,2025-09-02,S37,S10,SC,135,False,675.0
12246,2025-09-02,S36,S5,S,155,True,744.0
12247,2025-09-02,S17,S9,R,40,False,400.0
12248,2025-09-02,S41,S5,S,180,False,720.0
12249,2025-09-02,S50,S6,R,220,True,2640.0
12250,2025-09-02,S7,S43,S,180,True,864.0
12251,2025-09-03,S39,S28,S,55,False,220.0
12252,2025-09-03,S5,S42,R,185,True,2220.0
12253,2025-09-03,S10,S19,R,45,False,450.0
12254,2025-09-03,S10,S37,R,135,False,1350.0
12255,2025-09-03,S35,S43,S,40,False,160.0
12256,2025-09-03,S4,S2,S,10,False,40.0
12257,2025-09-03,S23,S8,S,75,False,300.0
12258,2025-09-03,S6,S49,S,215,True,1032.0
12259,2025-09-03,S19,S27,R,40,True,480.0
12260,2025-09-03,S13,S15,R,10,False,100.0
12261,2025-09-03,S12,S25,S,65,False,260.0
12262,2025-09-03,S26,S31,R,25,True,300.0
12263,2025-09-03,S36,S50,R,70,False,700.0
12264,2025-09-03,S17,S30,S,65,False,260.0
12265,2025-09-03,S4,S12,SC,40,True,240.0
12266,2025-09-03,S27,S50,S,115,True,552.0
12267,2025-09-03,S40,S46,S,30,False,120.0
12268,2025-09-03,S24,S10,S,70,True,336.0
12269,2025-09-03,S15,S46,R,155,False,1550.0
12270,2025-09-03,S34,S27,SC,35,True,210.0
12271,2025-09-03,S3,S37,R,170,False,1700.0
12272,2025-09-03,S19,S48,S,145,False,580.0
12273,2025-09-03,S18,S3,SC,75,False,375.0
12274,2025-09-03,S5,S25,R,100,True,1200.0
12275,2025-09-03,S12,S38,SC,130,False,650.0
12276,2025-09-03,S8,S6,SC,10,False,50.0
12277,2025-09-03,S3,S47,S,220,False,880.0
12278,2025-09-03,S19,S43,SC,120,False,600.0
12279,2025-09-03,S8,S13,SC,25,True,150.0
12280,2025-09-03,S14,S44,R,150,False,1500.0
12281,2025-09-03,S29,S19,S,50,False,200.0
12282,2025-09-03,S23,S32,S,45,False,180.0
12283,2025-09-03,S22,S18,SC,20,False,100.0
12284,2025-09-03,S20,S39,S,95,False,380.0
12285,2025-09-03,S41,S47,S,30,True,144.0
12286,2025-09-03,S40,S27,SC,65,True,390.0
12287,2025-09-03,S37,S36,R,5,True,60.0
12288,2025-09-03,S10,S17,R,35,True,420.0
12289,2025-09-03,S10,S2,R,40,False,400.0
12290,2025-09-03,S43,S36,SC,35,False,175.0
12291,2025-09-03,S40,S27,S,65,True,312.0
12292,2025-09-03,S18,S3,SC,75,False,375.0
12293,2025-09-03,S4,S10,S,30,True,144.0
12294,2025-09-03,S19,S2,S,85,False,340.0
12295,2025-09-03,S26,S6,S,100,False,400.0
12296,2025-09-03,S37,S4,SC,165,True,990.0
12297,2025-09-03,S48,S50,SC,10,False,50.0
12298,2025-09-03,S10,S11,SC,5,False,25.0
12299,2025-09-03,S47,S41,S,30,False,120.0
12300,2025-09-03,S14,S19,S,25,False,100.0
12301,2025-09-04,S14,S21,SC,35,False,175.0
12302,2025-09-04,S47,S8,R,195,True,2340.0
12303,2025-09-04,S31,S38,SC,35,False,175.0
12304,2025-09-04,S46,S16,R,150,True,1800.0
12305,2025-09-04,S16,S3,SC,65,False,325.0
12306,2025-09-04,S15,S25,S,50,False,200.0
12307,2025-09-04,S40,S14,R,130,True,1560.0
12308,2025-09-04,S39,S40,SC,5,False,25.0
12309,2025-09-04,S29,S33,S,20,False,80.0
12310,2025-09-04,S14,S29,R,75,False,750.0
12311,2025-09-04,S39,S37,S,10,False,40.0
12312,2025-09-04,S34,S13,S,105,False,420.0
12313,2025-09-04,S42,S41,R,5,True,60.0
12314,2025-09-04,S21,S28,S,35,True,168.0
12315,2025-09-04,S32,S18,R,70,False,700.0
12316,2025-09-04,S45,S28,SC,85,False,425.0
12317,2025-09-04,S50,S23,R,135,True,1620.0
12318,2025-09-04,S47,S46,R,5,True,60.0
12319,2025-09-04,S29,S32,R,15,False,150.0
12320,2025-09-04,S39,S35,S,20,True,96.0
12321,2025-09-04,S4,S10,S,30,True,144.0
12322,2025-09-04,S13,S37,SC,120,True,720.0
12323,2025-09-04,S33,S7,S,130,False,520.0
12324,2025-09-04,S16,S32,R,80,False,800.0
12325,2025-09-04,S29,S49,SC,100,False,500.0
12326,2025-09-04,S26,S50,SC,120,True,720.0
12327,2025-09-04,S11,S28,S,85,True,408.0
12328,2025-09-04,S44,S6,R,190,True,2280.0
12329,2025-09-04,S32,S39,SC,35,False,175.0
12330,2025-09-04,S6,S41,SC,175,True,1050.0
12331,2025-09-04,S17,S46,S,145,False,580.0
12332,2025-09-04,S37,S36,S,5,False,20.0
12333,2025-09-04,S20,S3,R,85,True,1020.0
12334,2025-09-04,S19,S31,R,60,False,600.0
12335,2025-09-04,S12,S32,S,100,False,400.0
12336,2025-09-04,S34,S38,R,20,False,200.0
12337,2025-09-04,S44,S45,R,5,False,50.0
12338,2025-09-04,S44,S27,SC,85,True,510.0
12339,2025-09-04,S18,S46,S,140,True,672.0
12340,2025-09-04,S24,S13,SC,55,False,275.0
12341,2025-09-04,S19,S30,R,55,True,660.0
12342,2025-09-04,S9,S20,S,55,True,264.0
12343,2025-09-04,S48,S22,R,130,False,1300.0
12344,2025-09-04,S4,S8,R,20,False,200.0
12345,2025-09-04,S7,S4,SC,15,False,75.0
12346,2025-09-04,S22,S5,R,85,True,1020.0
12347,2025-09-04,S12,S30,S,90,True,432.0
12348,2025-09-04,S18,S29,SC,55,True,330.0
12349,2025-09-04,S9,S27,R,90,True,1080.0
12350,2025-09-04,S20,S35,R,75,True,900.0
